sensors,bucket=Set2,host=1a4e62bd10b0,topic=/Set2 C3=3900,C4=3896,W1=311,R1n=4095,ts="2026-04-15T12:17:13Z" 1776251813222740566
sensors,bucket=Set2,host=1a4e62bd10b0,topic=/Set2 C3=3900,C4=3911,W1=411,R1n=4095,ts="2026-04-15T12:17:28Z" 1776251828014956352
sensors,bucket=Set2,host=1a4e62bd10b0,topic=/Set2 C3=3886,C4=3882,W1=365,R1n=4095,ts="2026-04-15T12:17:43Z" 1776251842817459158
sensors,bucket=Set2,host=3b847bde9662,topic=/Set2 C3=3886,C4=3882,W1=365,R1n=4095,ts="2026-04-15T12:17:43Z" 1776251867097315751
sensors,bucket=Set2,host=3b847bde9662,topic=/Set2 C3=3886,C4=3882,W1=365,R1n=4095,ts="2026-04-15T12:17:43Z" 1776251867097315751
sensors,bucket=Set1,host=3b847bde9662,topic=/Set1 C1=3995,C2=3964,T1=22.4,R3=4095,ts="2026-04-14T19:07:55Z" 1776251867097363157
sensors,bucket=Set1,host=3b847bde9662,topic=/Set1 C1=3995,C2=3964,T1=22.4,R3=4095,ts="2026-04-14T19:07:55Z" 1776251867097363157
sensors,bucket=Set2,host=3b847bde9662,topic=/Set2 C3=3885,C4=3887,W1=285,R1n=4095,ts="2026-04-15T12:18:13Z" 1776251872418912410
sensors,bucket=Set2,host=3b847bde9662,topic=/Set2 C3=3885,C4=3887,W1=285,R1n=4095,ts="2026-04-15T12:18:13Z" 1776251872418912410
sensors,bucket=Set2,host=3b847bde9662,topic=/Set2 C3=3896,C4=3913,W1=265,R1n=4095,ts="2026-04-15T12:18:27Z" 1776251887220407750
sensors,bucket=Set2,host=3b847bde9662,topic=/Set2 C3=3896,C4=3913,W1=265,R1n=4095,ts="2026-04-15T12:18:27Z" 1776251887220407750
sensors,bucket=Set2,host=3b847bde9662,topic=/Set2 C3=3917,C4=3899,W1=238,R1n=4095,ts="2026-04-15T12:18:42Z" 1776251902018382057
sensors,bucket=Set2,host=3b847bde9662,topic=/Set2 C3=3917,C4=3899,W1=238,R1n=4095,ts="2026-04-15T12:18:42Z" 1776251902018382057
sensors,bucket=Set2,host=3b847bde9662,topic=/Set2 C3=3887,C4=3885,W1=231,R1n=4095,ts="2026-04-15T12:18:57Z" 1776251916817828770
sensors,bucket=Set2,host=3b847bde9662,topic=/Set2 C3=3887,C4=3885,W1=231,R1n=4095,ts="2026-04-15T12:18:57Z" 1776251916817828770
sensors,bucket=Set2,host=3b847bde9662,topic=/Set2 C3=3898,C4=3914,W1=235,R1n=4095,ts="2026-04-15T12:19:12Z" 1776251931620022510
sensors,bucket=Set2,host=3b847bde9662,topic=/Set2 C3=3898,C4=3914,W1=235,R1n=4095,ts="2026-04-15T12:19:12Z" 1776251931620022510
sensors,bucket=Set2,host=3b847bde9662,topic=/Set2 C3=3885,C4=3885,W1=191,R1n=4095,ts="2026-04-15T12:19:27Z" 1776251946432900730
sensors,bucket=Set2,host=3b847bde9662,topic=/Set2 C3=3885,C4=3885,W1=191,R1n=4095,ts="2026-04-15T12:19:27Z" 1776251946432900730
sensors,bucket=Set2,host=3b847bde9662,topic=/Set2 C3=3887,C4=3885,W1=188,R1n=4095,ts="2026-04-15T12:19:41Z" 1776251961218456637
sensors,bucket=Set2,host=3b847bde9662,topic=/Set2 C3=3887,C4=3885,W1=188,R1n=4095,ts="2026-04-15T12:19:41Z" 1776251961218456637
sensors,bucket=Set2,host=3b847bde9662,topic=/Set2 C3=3894,C4=3917,W1=199,R1n=4095,ts="2026-04-15T12:19:56Z" 1776251976014806894
sensors,bucket=Set2,host=3b847bde9662,topic=/Set2 C3=3894,C4=3917,W1=199,R1n=4095,ts="2026-04-15T12:19:56Z" 1776251976014806894
sensors,bucket=Set2,host=3b847bde9662,topic=/Set2 C3=3912,C4=3898,W1=173,R1n=4095,ts="2026-04-15T12:20:11Z" 1776251990816898212
sensors,bucket=Set2,host=3b847bde9662,topic=/Set2 C3=3912,C4=3898,W1=173,R1n=4095,ts="2026-04-15T12:20:11Z" 1776251990816898212
sensors,bucket=Set2,host=3b847bde9662,topic=/Set2 C3=3896,C4=3897,W1=192,R1n=4095,ts="2026-04-15T12:20:26Z" 1776252005618056435
sensors,bucket=Set2,host=3b847bde9662,topic=/Set2 C3=3896,C4=3897,W1=192,R1n=4095,ts="2026-04-15T12:20:26Z" 1776252005618056435
sensors,bucket=Set2,host=3b847bde9662,topic=/Set2 C3=3914,C4=3898,W1=174,R1n=4095,ts="2026-04-15T12:20:41Z" 1776252020442489177
sensors,bucket=Set2,host=3b847bde9662,topic=/Set2 C3=3914,C4=3898,W1=174,R1n=4095,ts="2026-04-15T12:20:41Z" 1776252020442489177
sensors,bucket=Set2,host=3b847bde9662,topic=/Set2 C3=3896,C4=3884,W1=173,R1n=4095,ts="2026-04-15T12:20:55Z" 1776252035229709375
sensors,bucket=Set2,host=3b847bde9662,topic=/Set2 C3=3896,C4=3884,W1=173,R1n=4095,ts="2026-04-15T12:20:55Z" 1776252035229709375
sensors,bucket=Set2,host=3b847bde9662,topic=/Set2 C3=3896,C4=3899,W1=192,R1n=4095,ts="2026-04-15T12:21:10Z" 1776252050014356257
sensors,bucket=Set2,host=3b847bde9662,topic=/Set2 C3=3896,C4=3899,W1=192,R1n=4095,ts="2026-04-15T12:21:10Z" 1776252050014356257
sensors,bucket=Set2,host=3b847bde9662,topic=/Set2 C3=3914,C4=3903,W1=174,R1n=4095,ts="2026-04-15T12:21:25Z" 1776252064814237810
sensors,bucket=Set2,host=3b847bde9662,topic=/Set2 C3=3914,C4=3903,W1=174,R1n=4095,ts="2026-04-15T12:21:25Z" 1776252064814237810
sensors,bucket=Set2,host=3b847bde9662,topic=/Set2 C3=3887,C4=3896,W1=184,R1n=4095,ts="2026-04-15T12:21:40Z" 1776252079621311045
sensors,bucket=Set2,host=3b847bde9662,topic=/Set2 C3=3887,C4=3896,W1=184,R1n=4095,ts="2026-04-15T12:21:40Z" 1776252079621311045
sensors,bucket=Set2,host=3b847bde9662,topic=/Set2 C3=3914,C4=3904,W1=173,R1n=4095,ts="2026-04-15T12:21:55Z" 1776252094416065895
sensors,bucket=Set2,host=3b847bde9662,topic=/Set2 C3=3914,C4=3904,W1=173,R1n=4095,ts="2026-04-15T12:21:55Z" 1776252094416065895
sensors,bucket=Set2,host=3b847bde9662,topic=/Set2 C3=3911,C4=3929,W1=185,R1n=4095,ts="2026-04-15T12:22:09Z" 1776252109217413362
sensors,bucket=Set2,host=3b847bde9662,topic=/Set2 C3=3911,C4=3929,W1=185,R1n=4095,ts="2026-04-15T12:22:09Z" 1776252109217413362
sensors,bucket=Set2,host=3b847bde9662,topic=/Set2 C3=3896,C4=3903,W1=189,R1n=4095,ts="2026-04-15T12:22:24Z" 1776252124013010138
sensors,bucket=Set2,host=3b847bde9662,topic=/Set2 C3=3896,C4=3903,W1=189,R1n=4095,ts="2026-04-15T12:22:24Z" 1776252124013010138
sensors,bucket=Set2,host=3b847bde9662,topic=/Set2 C3=3896,C4=3903,W1=201,R1n=4095,ts="2026-04-15T12:22:39Z" 1776252138814245362
sensors,bucket=Set2,host=3b847bde9662,topic=/Set2 C3=3896,C4=3903,W1=201,R1n=4095,ts="2026-04-15T12:22:39Z" 1776252138814245362
sensors,bucket=Set2,host=3b847bde9662,topic=/Set2 C3=3896,C4=3911,W1=187,R1n=4095,ts="2026-04-15T12:22:54Z" 1776252153613112907
sensors,bucket=Set2,host=3b847bde9662,topic=/Set2 C3=3896,C4=3911,W1=187,R1n=4095,ts="2026-04-15T12:22:54Z" 1776252153613112907
sensors,bucket=Set2,host=3b847bde9662,topic=/Set2 C3=3894,C4=3896,W1=198,R1n=4095,ts="2026-04-15T12:23:09Z" 1776252168415084564
sensors,bucket=Set2,host=3b847bde9662,topic=/Set2 C3=3894,C4=3896,W1=198,R1n=4095,ts="2026-04-15T12:23:09Z" 1776252168415084564
sensors,bucket=Set2,host=3b847bde9662,topic=/Set2 C3=3896,C4=3895,W1=200,R1n=4095,ts="2026-04-15T12:23:23Z" 1776252183230655744
sensors,bucket=Set2,host=3b847bde9662,topic=/Set2 C3=3896,C4=3895,W1=200,R1n=4095,ts="2026-04-15T12:23:23Z" 1776252183230655744
sensors,bucket=Set2,host=3b847bde9662,topic=/Set2 C3=3886,C4=3884,W1=190,R1n=4095,ts="2026-04-15T12:23:38Z" 1776252198010024005
sensors,bucket=Set2,host=3b847bde9662,topic=/Set2 C3=3886,C4=3884,W1=190,R1n=4095,ts="2026-04-15T12:23:38Z" 1776252198010024005
sensors,bucket=Set2,host=3b847bde9662,topic=/Set2 C3=3886,C4=3883,W1=185,R1n=4095,ts="2026-04-15T12:23:53Z" 1776252212809702793
sensors,bucket=Set2,host=3b847bde9662,topic=/Set2 C3=3886,C4=3883,W1=185,R1n=4095,ts="2026-04-15T12:23:53Z" 1776252212809702793
sensors,bucket=Set2,host=3b847bde9662,topic=/Set2 C3=3917,C4=3885,W1=184,R1n=4095,ts="2026-04-15T12:24:08Z" 1776252227611173680
sensors,bucket=Set2,host=3b847bde9662,topic=/Set2 C3=3917,C4=3885,W1=184,R1n=4095,ts="2026-04-15T12:24:08Z" 1776252227611173680
sensors,bucket=Set2,host=3b847bde9662,topic=/Set2 C3=3915,C4=3901,W1=186,R1n=4095,ts="2026-04-15T12:24:23Z" 1776252242411769766
sensors,bucket=Set2,host=3b847bde9662,topic=/Set2 C3=3915,C4=3901,W1=186,R1n=4095,ts="2026-04-15T12:24:23Z" 1776252242411769766
sensors,bucket=Set2,host=3b847bde9662,topic=/Set2 C3=3898,C4=3913,W1=216,R1n=4095,ts="2026-04-15T12:24:37Z" 1776252257214653037
sensors,bucket=Set2,host=3b847bde9662,topic=/Set2 C3=3898,C4=3913,W1=216,R1n=4095,ts="2026-04-15T12:24:37Z" 1776252257214653037
sensors,bucket=Set2,host=3b847bde9662,topic=/Set2 C3=3896,C4=3882,W1=188,R1n=4095,ts="2026-04-15T12:24:52Z" 1776252272009059358
sensors,bucket=Set2,host=3b847bde9662,topic=/Set2 C3=3896,C4=3882,W1=188,R1n=4095,ts="2026-04-15T12:24:52Z" 1776252272009059358
sensors,bucket=Set2,host=3b847bde9662,topic=/Set2 C3=3915,C4=3916,W1=216,R1n=4095,ts="2026-04-15T12:25:07Z" 1776252286809786172
sensors,bucket=Set2,host=3b847bde9662,topic=/Set2 C3=3915,C4=3916,W1=216,R1n=4095,ts="2026-04-15T12:25:07Z" 1776252286809786172
sensors,bucket=Set2,host=3b847bde9662,topic=/Set2 C3=3898,C4=3883,W1=190,R1n=4095,ts="2026-04-15T12:25:22Z" 1776252301620995992
sensors,bucket=Set2,host=3b847bde9662,topic=/Set2 C3=3898,C4=3883,W1=190,R1n=4095,ts="2026-04-15T12:25:22Z" 1776252301620995992
sensors,bucket=Set2,host=3b847bde9662,topic=/Set2 C3=3943,C4=3918,W1=220,R1n=4095,ts="2026-04-15T12:25:37Z" 1776252316414254971
sensors,bucket=Set2,host=3b847bde9662,topic=/Set2 C3=3943,C4=3918,W1=220,R1n=4095,ts="2026-04-15T12:25:37Z" 1776252316414254971
sensors,bucket=Set2,host=3b847bde9662,topic=/Set2 C3=3886,C4=3882,W1=216,R1n=4095,ts="2026-04-15T12:25:51Z" 1776252331210392212
sensors,bucket=Set2,host=3b847bde9662,topic=/Set2 C3=3886,C4=3882,W1=216,R1n=4095,ts="2026-04-15T12:25:51Z" 1776252331210392212
sensors,bucket=Set2,host=3b847bde9662,topic=/Set2 C3=3919,C4=3901,W1=199,R1n=4095,ts="2026-04-15T12:26:06Z" 1776252346013209439
sensors,bucket=Set2,host=3b847bde9662,topic=/Set2 C3=3919,C4=3901,W1=199,R1n=4095,ts="2026-04-15T12:26:06Z" 1776252346013209439
sensors,bucket=Set2,host=3b847bde9662,topic=/Set2 C3=3901,C4=3928,W1=230,R1n=4095,ts="2026-04-15T12:26:21Z" 1776252360808537920
sensors,bucket=Set2,host=3b847bde9662,topic=/Set2 C3=3901,C4=3928,W1=230,R1n=4095,ts="2026-04-15T12:26:21Z" 1776252360808537920
sensors,bucket=Set2,host=3b847bde9662,topic=/Set2 C3=3895,C4=3884,W1=206,R1n=4095,ts="2026-04-15T12:26:36Z" 1776252375609843403
sensors,bucket=Set2,host=3b847bde9662,topic=/Set2 C3=3895,C4=3884,W1=206,R1n=4095,ts="2026-04-15T12:26:36Z" 1776252375609843403
sensors,bucket=Set2,host=3b847bde9662,topic=/Set2 C3=3903,C4=3883,W1=201,R1n=4095,ts="2026-04-15T12:26:51Z" 1776252390408033079
sensors,bucket=Set2,host=3b847bde9662,topic=/Set2 C3=3903,C4=3883,W1=201,R1n=4095,ts="2026-04-15T12:26:51Z" 1776252390408033079
sensors,bucket=Set2,host=3b847bde9662,topic=/Set2 C3=3933,C4=3916,W1=203,R1n=4095,ts="2026-04-15T12:27:05Z" 1776252405211346768
sensors,bucket=Set2,host=3b847bde9662,topic=/Set2 C3=3933,C4=3916,W1=203,R1n=4095,ts="2026-04-15T12:27:05Z" 1776252405211346768
sensors,bucket=Set2,host=3b847bde9662,topic=/Set2 C3=3932,C4=3930,W1=236,R1n=4095,ts="2026-04-15T12:27:20Z" 1776252420011666460
sensors,bucket=Set2,host=3b847bde9662,topic=/Set2 C3=3932,C4=3930,W1=236,R1n=4095,ts="2026-04-15T12:27:20Z" 1776252420011666460
sensors,bucket=Set2,host=3b847bde9662,topic=/Set2 C3=3894,C4=3903,W1=220,R1n=4095,ts="2026-04-15T12:27:35Z" 1776252434808619716
sensors,bucket=Set2,host=3b847bde9662,topic=/Set2 C3=3894,C4=3903,W1=220,R1n=4095,ts="2026-04-15T12:27:35Z" 1776252434808619716
sensors,bucket=Set2,host=3b847bde9662,topic=/Set2 C3=3895,C4=3896,W1=231,R1n=4095,ts="2026-04-15T12:27:50Z" 1776252449608191411
sensors,bucket=Set2,host=3b847bde9662,topic=/Set2 C3=3895,C4=3896,W1=231,R1n=4095,ts="2026-04-15T12:27:50Z" 1776252449608191411
sensors,bucket=Set2,host=3b847bde9662,topic=/Set2 C3=3895,C4=3901,W1=219,R1n=4095,ts="2026-04-15T12:28:05Z" 1776252464408996651
sensors,bucket=Set2,host=3b847bde9662,topic=/Set2 C3=3895,C4=3901,W1=219,R1n=4095,ts="2026-04-15T12:28:05Z" 1776252464408996651
sensors,bucket=Set2,host=3b847bde9662,topic=/Set2 C3=3896,C4=3919,W1=234,R1n=4095,ts="2026-04-15T12:28:19Z" 1776252479214800477
sensors,bucket=Set2,host=3b847bde9662,topic=/Set2 C3=3896,C4=3919,W1=234,R1n=4095,ts="2026-04-15T12:28:19Z" 1776252479214800477
sensors,bucket=Set2,host=3b847bde9662,topic=/Set2 C3=3888,C4=3915,W1=224,R1n=4095,ts="2026-04-15T12:28:34Z" 1776252494006732691
sensors,bucket=Set2,host=3b847bde9662,topic=/Set2 C3=3888,C4=3915,W1=224,R1n=4095,ts="2026-04-15T12:28:34Z" 1776252494006732691
sensors,bucket=Set2,host=3b847bde9662,topic=/Set2 C3=3886,C4=3881,W1=224,R1n=4095,ts="2026-04-15T12:28:49Z" 1776252508807505553
sensors,bucket=Set2,host=3b847bde9662,topic=/Set2 C3=3886,C4=3881,W1=224,R1n=4095,ts="2026-04-15T12:28:49Z" 1776252508807505553
sensors,bucket=Set2,host=3b847bde9662,topic=/Set2 C3=3897,C4=3882,W1=204,R1n=4095,ts="2026-04-15T12:29:04Z" 1776252523604564914
sensors,bucket=Set2,host=3b847bde9662,topic=/Set2 C3=3897,C4=3882,W1=204,R1n=4095,ts="2026-04-15T12:29:04Z" 1776252523604564914
sensors,bucket=Set2,host=3b847bde9662,topic=/Set2 C3=3917,C4=3884,W1=204,R1n=4095,ts="2026-04-15T12:29:19Z" 1776252538410508989
sensors,bucket=Set2,host=3b847bde9662,topic=/Set2 C3=3917,C4=3884,W1=204,R1n=4095,ts="2026-04-15T12:29:19Z" 1776252538410508989
sensors,bucket=Set2,host=3b847bde9662,topic=/Set2 C3=3920,C4=3928,W1=208,R1n=4095,ts="2026-04-15T12:29:33Z" 1776252553209654885
sensors,bucket=Set2,host=3b847bde9662,topic=/Set2 C3=3920,C4=3928,W1=208,R1n=4095,ts="2026-04-15T12:29:33Z" 1776252553209654885
sensors,bucket=Set2,host=3b847bde9662,topic=/Set2 C3=3929,C4=3903,W1=215,R1n=4095,ts="2026-04-15T12:29:48Z" 1776252568007902603
sensors,bucket=Set2,host=3b847bde9662,topic=/Set2 C3=3929,C4=3903,W1=215,R1n=4095,ts="2026-04-15T12:29:48Z" 1776252568007902603
sensors,bucket=Set2,host=3b847bde9662,topic=/Set2 C3=3929,C4=3902,W1=203,R1n=4095,ts="2026-04-15T12:30:03Z" 1776252582806378516
sensors,bucket=Set2,host=3b847bde9662,topic=/Set2 C3=3929,C4=3902,W1=203,R1n=4095,ts="2026-04-15T12:30:03Z" 1776252582806378516
sensors,bucket=Set2,host=3b847bde9662,topic=/Set2 C3=3919,C4=3886,W1=201,R1n=4095,ts="2026-04-15T12:30:18Z" 1776252597605699764
sensors,bucket=Set2,host=3b847bde9662,topic=/Set2 C3=3919,C4=3886,W1=201,R1n=4095,ts="2026-04-15T12:30:18Z" 1776252597605699764
sensors,bucket=Set2,host=3b847bde9662,topic=/Set2 C3=3918,C4=3886,W1=201,R1n=4095,ts="2026-04-15T12:30:33Z" 1776252612405479608
sensors,bucket=Set2,host=3b847bde9662,topic=/Set2 C3=3918,C4=3886,W1=201,R1n=4095,ts="2026-04-15T12:30:33Z" 1776252612405479608
sensors,bucket=Set2,host=3b847bde9662,topic=/Set2 C3=3901,C4=3881,W1=201,R1n=4095,ts="2026-04-15T12:30:47Z" 1776252627207064677
sensors,bucket=Set2,host=3b847bde9662,topic=/Set2 C3=3901,C4=3881,W1=201,R1n=4095,ts="2026-04-15T12:30:47Z" 1776252627207064677
sensors,bucket=Set2,host=3b847bde9662,topic=/Set2 C3=3887,C4=3882,W1=218,R1n=4095,ts="2026-04-15T12:31:02Z" 1776252642005740246
sensors,bucket=Set2,host=3b847bde9662,topic=/Set2 C3=3887,C4=3882,W1=218,R1n=4095,ts="2026-04-15T12:31:02Z" 1776252642005740246
sensors,bucket=Set2,host=3b847bde9662,topic=/Set2 C3=3895,C4=3915,W1=223,R1n=4095,ts="2026-04-15T12:31:17Z" 1776252656805127828
sensors,bucket=Set2,host=3b847bde9662,topic=/Set2 C3=3895,C4=3915,W1=223,R1n=4095,ts="2026-04-15T12:31:17Z" 1776252656805127828
sensors,bucket=Set2,host=3b847bde9662,topic=/Set2 C3=3916,C4=3929,W1=217,R1n=4095,ts="2026-04-15T12:31:32Z" 1776252671608920926
sensors,bucket=Set2,host=3b847bde9662,topic=/Set2 C3=3916,C4=3929,W1=217,R1n=4095,ts="2026-04-15T12:31:32Z" 1776252671608920926
sensors,bucket=Set2,host=3b847bde9662,topic=/Set2 C3=3920,C4=3915,W1=205,R1n=4095,ts="2026-04-15T12:31:47Z" 1776252686408107092
sensors,bucket=Set2,host=3b847bde9662,topic=/Set2 C3=3920,C4=3915,W1=205,R1n=4095,ts="2026-04-15T12:31:47Z" 1776252686408107092
sensors,bucket=Set2,host=3b847bde9662,topic=/Set2 C3=3911,C4=3885,W1=200,R1n=4095,ts="2026-04-15T12:32:01Z" 1776252701206725794
sensors,bucket=Set2,host=3b847bde9662,topic=/Set2 C3=3911,C4=3885,W1=200,R1n=4095,ts="2026-04-15T12:32:01Z" 1776252701206725794
sensors,bucket=Set2,host=3b847bde9662,topic=/Set2 C3=3886,C4=3885,W1=208,R1n=4095,ts="2026-04-15T12:32:16Z" 1776252716149376340
sensors,bucket=Set2,host=3b847bde9662,topic=/Set2 C3=3886,C4=3885,W1=208,R1n=4095,ts="2026-04-15T12:32:16Z" 1776252716149376340
sensors,bucket=Set2,host=3b847bde9662,topic=/Set2 C3=3928,C4=3928,W1=233,R1n=4095,ts="2026-04-15T12:32:31Z" 1776252730804001503
sensors,bucket=Set2,host=3b847bde9662,topic=/Set2 C3=3928,C4=3928,W1=233,R1n=4095,ts="2026-04-15T12:32:31Z" 1776252730804001503
sensors,bucket=Set2,host=3b847bde9662,topic=/Set2 C3=3929,C4=3899,W1=200,R1n=4095,ts="2026-04-15T12:32:46Z" 1776252745605498088
sensors,bucket=Set2,host=3b847bde9662,topic=/Set2 C3=3929,C4=3899,W1=200,R1n=4095,ts="2026-04-15T12:32:46Z" 1776252745605498088
sensors,bucket=Set2,host=3b847bde9662,topic=/Set2 C3=3887,C4=3886,W1=221,R1n=4095,ts="2026-04-15T12:33:01Z" 1776252760482452021
sensors,bucket=Set2,host=3b847bde9662,topic=/Set2 C3=3887,C4=3886,W1=221,R1n=4095,ts="2026-04-15T12:33:01Z" 1776252760482452021
sensors,bucket=Set2,host=3b847bde9662,topic=/Set2 C3=3927,C4=3915,W1=207,R1n=4095,ts="2026-04-15T12:33:15Z" 1776252775206372378
sensors,bucket=Set2,host=3b847bde9662,topic=/Set2 C3=3927,C4=3915,W1=207,R1n=4095,ts="2026-04-15T12:33:15Z" 1776252775206372378
sensors,bucket=Set2,host=3b847bde9662,topic=/Set2 C3=3896,C4=3882,W1=203,R1n=4095,ts="2026-04-15T12:33:30Z" 1776252790003280055
sensors,bucket=Set2,host=3b847bde9662,topic=/Set2 C3=3896,C4=3882,W1=203,R1n=4095,ts="2026-04-15T12:33:30Z" 1776252790003280055
sensors,bucket=Set2,host=3b847bde9662,topic=/Set2 C3=3919,C4=3915,W1=202,R1n=4095,ts="2026-04-15T12:33:45Z" 1776252804804241015
sensors,bucket=Set2,host=3b847bde9662,topic=/Set2 C3=3919,C4=3915,W1=202,R1n=4095,ts="2026-04-15T12:33:45Z" 1776252804804241015
sensors,bucket=Set2,host=3b847bde9662,topic=/Set2 C3=3895,C4=3885,W1=206,R1n=4095,ts="2026-04-15T12:34:00Z" 1776252819614912014
sensors,bucket=Set2,host=3b847bde9662,topic=/Set2 C3=3895,C4=3885,W1=206,R1n=4095,ts="2026-04-15T12:34:00Z" 1776252819614912014
sensors,bucket=Set2,host=3b847bde9662,topic=/Set2 C3=3928,C4=3915,W1=202,R1n=4095,ts="2026-04-15T12:34:15Z" 1776252834403047798
sensors,bucket=Set2,host=3b847bde9662,topic=/Set2 C3=3928,C4=3915,W1=202,R1n=4095,ts="2026-04-15T12:34:15Z" 1776252834403047798
sensors,bucket=Set2,host=3b847bde9662,topic=/Set2 C3=3896,C4=3898,W1=219,R1n=4095,ts="2026-04-15T12:34:29Z" 1776252849202733624
sensors,bucket=Set2,host=3b847bde9662,topic=/Set2 C3=3896,C4=3898,W1=219,R1n=4095,ts="2026-04-15T12:34:29Z" 1776252849202733624
sensors,bucket=Set2,host=3b847bde9662,topic=/Set2 C3=3926,C4=3897,W1=191,R1n=4095,ts="2026-04-15T12:34:44Z" 1776252864003962517
sensors,bucket=Set2,host=3b847bde9662,topic=/Set2 C3=3926,C4=3897,W1=191,R1n=4095,ts="2026-04-15T12:34:44Z" 1776252864003962517
sensors,bucket=Set2,host=3b847bde9662,topic=/Set2 C3=3896,C4=3913,W1=218,R1n=4095,ts="2026-04-15T12:34:59Z" 1776252878802462780
sensors,bucket=Set2,host=3b847bde9662,topic=/Set2 C3=3896,C4=3913,W1=218,R1n=4095,ts="2026-04-15T12:34:59Z" 1776252878802462780
sensors,bucket=Set2,host=3b847bde9662,topic=/Set2 C3=3899,C4=3882,W1=187,R1n=4095,ts="2026-04-15T12:35:14Z" 1776252893601363742
sensors,bucket=Set2,host=3b847bde9662,topic=/Set2 C3=3899,C4=3882,W1=187,R1n=4095,ts="2026-04-15T12:35:14Z" 1776252893601363742
sensors,bucket=Set2,host=3b847bde9662,topic=/Set2 C3=3928,C4=3916,W1=201,R1n=4095,ts="2026-04-15T12:35:29Z" 1776252908400239878
sensors,bucket=Set2,host=3b847bde9662,topic=/Set2 C3=3928,C4=3916,W1=201,R1n=4095,ts="2026-04-15T12:35:29Z" 1776252908400239878
sensors,bucket=Set2,host=3b847bde9662,topic=/Set2 C3=3895,C4=3901,W1=232,R1n=4095,ts="2026-04-15T12:35:43Z" 1776252923201210111
sensors,bucket=Set2,host=3b847bde9662,topic=/Set2 C3=3895,C4=3901,W1=232,R1n=4095,ts="2026-04-15T12:35:43Z" 1776252923201210111
sensors,bucket=Set2,host=3b847bde9662,topic=/Set2 C3=3913,C4=3884,W1=185,R1n=4095,ts="2026-04-15T12:36:13Z" 1776252952798053963
sensors,bucket=Set2,host=3b847bde9662,topic=/Set2 C3=3913,C4=3884,W1=185,R1n=4095,ts="2026-04-15T12:36:13Z" 1776252952798053963
sensors,bucket=Set2,host=3b847bde9662,topic=/Set2 C3=3933,C4=3913,W1=186,R1n=4095,ts="2026-04-15T12:36:28Z" 1776252967597328021
sensors,bucket=Set2,host=3b847bde9662,topic=/Set2 C3=3933,C4=3913,W1=186,R1n=4095,ts="2026-04-15T12:36:28Z" 1776252967597328021
sensors,bucket=Set2,host=3b847bde9662,topic=/Set2 C3=3934,C4=3929,W1=191,R1n=4095,ts="2026-04-15T12:36:43Z" 1776252982398770854
sensors,bucket=Set2,host=3b847bde9662,topic=/Set2 C3=3934,C4=3929,W1=191,R1n=4095,ts="2026-04-15T12:36:43Z" 1776252982398770854
sensors,bucket=Set2,host=3b847bde9662,topic=/Set2 C3=3914,C4=3913,W1=206,R1n=4095,ts="2026-04-15T12:36:57Z" 1776252997196800685
sensors,bucket=Set2,host=3b847bde9662,topic=/Set2 C3=3914,C4=3913,W1=206,R1n=4095,ts="2026-04-15T12:36:57Z" 1776252997196800685
sensors,bucket=Set2,host=3b847bde9662,topic=/Set2 C3=3896,C4=3902,W1=203,R1n=4095,ts="2026-04-15T12:37:12Z" 1776253012021554372
sensors,bucket=Set2,host=3b847bde9662,topic=/Set2 C3=3896,C4=3902,W1=203,R1n=4095,ts="2026-04-15T12:37:12Z" 1776253012021554372
sensors,bucket=Set2,host=3b847bde9662,topic=/Set2 C3=3895,C4=3917,W1=216,R1n=4095,ts="2026-04-15T12:37:27Z" 1776253026795841554
sensors,bucket=Set2,host=3b847bde9662,topic=/Set2 C3=3895,C4=3917,W1=216,R1n=4095,ts="2026-04-15T12:37:27Z" 1776253026795841554
sensors,bucket=Set2,host=3b847bde9662,topic=/Set2 C3=3900,C4=3915,W1=192,R1n=4095,ts="2026-04-15T12:37:42Z" 1776253041595219662
sensors,bucket=Set2,host=3b847bde9662,topic=/Set2 C3=3900,C4=3915,W1=192,R1n=4095,ts="2026-04-15T12:37:42Z" 1776253041595219662
sensors,bucket=Set2,host=735fc50001c0,topic=/Set2 C3=3900,C4=3915,W1=192,R1n=4095,ts="2026-04-15T12:37:42Z" 1776253050489454854
sensors,bucket=Set1,host=735fc50001c0,topic=/Set1 C1=3995,C2=3964,T1=22.4,R3=4095,ts="2026-04-14T19:07:55Z" 1776253050489760089
sensors,bucket=Set2,host=735fc50001c0,topic=/Set2 C3=3930,C4=3913,W1=190,R1n=4095,ts="2026-04-15T12:37:57Z" 1776253056397945752
sensors,bucket=Set2,host=735fc50001c0,topic=/Set2 C3=3928,C4=3899,W1=174,R1n=4095,ts="2026-04-15T12:38:11Z" 1776253071197865287
sensors,bucket=Set2,host=735fc50001c0,topic=/Set2 C3=3899,C4=3886,W1=173,R1n=4095,ts="2026-04-15T12:38:26Z" 1776253085993575860
sensors,bucket=Set2,host=735fc50001c0,topic=/Set2 C3=3888,C4=3900,W1=202,R1n=4095,ts="2026-04-15T12:38:41Z" 1776253100808192282
sensors,bucket=Set2,host=735fc50001c0,topic=/Set2 C3=3898,C4=3912,W1=200,R1n=4095,ts="2026-04-15T12:39:11Z" 1776253130399724056
sensors,bucket=Set2,host=735fc50001c0,topic=/Set2 C3=3917,C4=3899,W1=172,R1n=4095,ts="2026-04-15T12:39:25Z" 1776253145197201461
sensors,bucket=Set2,host=735fc50001c0,topic=/Set2 C3=3897,C4=3896,W1=200,R1n=4095,ts="2026-04-15T12:39:40Z" 1776253159997578707
sensors,bucket=Set2,host=735fc50001c0,topic=/Set2 C3=3915,C4=3899,W1=173,R1n=4095,ts="2026-04-15T12:39:55Z" 1776253174795471965
sensors,bucket=Set2,host=735fc50001c0,topic=/Set2 C3=3897,C4=3904,W1=207,R1n=4095,ts="2026-04-15T12:40:10Z" 1776253189614192752
sensors,bucket=Set2,host=735fc50001c0,topic=/Set2 C3=3929,C4=3897,W1=170,R1n=4095,ts="2026-04-15T12:40:25Z" 1776253204395010491
sensors,bucket=Set2,host=735fc50001c0,topic=/Set2 C3=3899,C4=3916,W1=201,R1n=4095,ts="2026-04-15T12:40:39Z" 1776253219198192604
sensors,bucket=Set1,host=53530af3e8a0,topic=/Set1 C1=3995,C2=3964,T1=22.4,R3=4095,ts="2026-04-14T19:07:55Z" 1776253236366146996
sensors,bucket=Set2,host=53530af3e8a0,topic=/Set2 C3=3913,C4=3886,W1=171,R1n=4095,ts="2026-04-15T12:40:54Z" 1776253236366257630
sensors,bucket=Set2,host=53530af3e8a0,topic=/Set2 C3=3901,C4=3918,W1=202,R1n=4095,ts="2026-04-15T12:41:09Z" 1776253248796380497
sensors,bucket=Set2,host=53530af3e8a0,topic=/Set2 C3=3902,C4=3886,W1=171,R1n=4095,ts="2026-04-15T12:41:24Z" 1776253263598775626
sensors,bucket=Set2,host=53530af3e8a0,topic=/Set2 C3=3933,C4=3927,W1=185,R1n=4095,ts="2026-04-15T12:41:39Z" 1776253278423075813
sensors,bucket=Set2,host=53530af3e8a0,topic=/Set2 C3=3898,C4=3895,W1=185,R1n=4095,ts="2026-04-15T12:41:53Z" 1776253293197867345
sensors,bucket=Set2,host=53530af3e8a0,topic=/Set2 C3=3919,C4=3895,W1=169,R1n=4095,ts="2026-04-15T12:42:08Z" 1776253307995476144
sensors,bucket=Set2,host=53530af3e8a0,topic=/Set2 C3=3932,C4=3916,W1=184,R1n=4095,ts="2026-04-15T12:42:23Z" 1776253322795651442
sensors,bucket=Set2,host=53530af3e8a0,topic=/Set2 C3=3897,C4=3886,W1=187,R1n=4095,ts="2026-04-15T12:42:38Z" 1776253337598373724
sensors,bucket=Set2,host=53530af3e8a0,topic=/Set2 C3=3914,C4=3887,W1=169,R1n=4095,ts="2026-04-15T12:42:53Z" 1776253352395743732
sensors,bucket=Set2,host=53530af3e8a0,topic=/Set2 C3=3928,C4=3918,W1=185,R1n=4095,ts="2026-04-15T12:43:07Z" 1776253367197735380
sensors,bucket=Set2,host=53530af3e8a0,topic=/Set2 C3=3896,C4=3913,W1=188,R1n=4095,ts="2026-04-15T12:43:22Z" 1776253382080209369
sensors,bucket=Set2,host=53530af3e8a0,topic=/Set2 C3=3898,C4=3885,W1=170,R1n=4095,ts="2026-04-15T12:43:37Z" 1776253396795046170
sensors,bucket=Set2,host=53530af3e8a0,topic=/Set2 C3=3928,C4=3911,W1=169,R1n=4095,ts="2026-04-15T12:43:52Z" 1776253411596380673
sensors,bucket=Set2,host=53530af3e8a0,topic=/Set2 C3=3933,C4=3915,W1=175,R1n=4095,ts="2026-04-15T12:44:07Z" 1776253426400042767
sensors,bucket=Set2,host=53530af3e8a0,topic=/Set2 C3=3916,C4=3919,W1=190,R1n=4095,ts="2026-04-15T12:44:21Z" 1776253441194799382
sensors,bucket=Set2,host=53530af3e8a0,topic=/Set2 C3=3898,C4=3895,W1=189,R1n=4095,ts="2026-04-15T12:44:36Z" 1776253455994491523
sensors,bucket=Set2,host=53530af3e8a0,topic=/Set2 C3=3898,C4=3884,W1=170,R1n=4095,ts="2026-04-15T12:44:51Z" 1776253470793256551
sensors,bucket=Set2,host=53530af3e8a0,topic=/Set2 C3=3918,C4=3886,W1=170,R1n=4095,ts="2026-04-15T12:45:06Z" 1776253485658765002
sensors,bucket=Set2,host=53530af3e8a0,topic=/Set2 C3=3930,C4=3912,W1=171,R1n=4095,ts="2026-04-15T12:45:21Z" 1776253500395530854
sensors,bucket=Set2,host=53530af3e8a0,topic=/Set2 C3=3943,C4=3904,W1=184,R1n=4095,ts="2026-04-15T12:45:35Z" 1776253515194467906
sensors,bucket=Set2,host=53530af3e8a0,topic=/Set2 C3=3899,C4=3918,W1=187,R1n=4095,ts="2026-04-15T12:45:50Z" 1776253529994648953
sensors,bucket=Set2,host=53530af3e8a0,topic=/Set2 C3=3897,C4=3886,W1=186,R1n=4095,ts="2026-04-15T12:46:05Z" 1776253544935466762
sensors,bucket=Set2,host=53530af3e8a0,topic=/Set2 C3=3897,C4=3885,W1=183,R1n=4095,ts="2026-04-15T12:46:20Z" 1776253559597249531
sensors,bucket=Set2,host=53530af3e8a0,topic=/Set2 C3=3901,C4=3885,W1=170,R1n=4095,ts="2026-04-15T12:46:35Z" 1776253574394983619
sensors,bucket=Set2,host=53530af3e8a0,topic=/Set2 C3=3928,C4=3904,W1=171,R1n=4095,ts="2026-04-15T12:46:49Z" 1776253589197292213
sensors,bucket=Set2,host=53530af3e8a0,topic=/Set2 C3=3934,C4=3919,W1=188,R1n=4095,ts="2026-04-15T12:47:04Z" 1776253603993374484
sensors,bucket=Set2,host=53530af3e8a0,topic=/Set2 C3=3896,C4=3917,W1=192,R1n=4095,ts="2026-04-15T12:47:19Z" 1776253618799944968
sensors,bucket=Set2,host=53530af3e8a0,topic=/Set2 C3=3895,C4=3884,W1=187,R1n=4095,ts="2026-04-15T12:47:34Z" 1776253633594605733
sensors,bucket=Set2,host=53530af3e8a0,topic=/Set2 C3=3898,C4=3883,W1=172,R1n=4095,ts="2026-04-15T12:47:49Z" 1776253648395563868
sensors,bucket=Set2,host=53530af3e8a0,topic=/Set2 C3=3915,C4=3887,W1=172,R1n=4095,ts="2026-04-15T12:48:03Z" 1776253663192586242
sensors,bucket=Set2,host=53530af3e8a0,topic=/Set2 C3=3912,C4=3897,W1=171,R1n=4095,ts="2026-04-15T12:48:18Z" 1776253677991421576
sensors,bucket=Set2,host=53530af3e8a0,topic=/Set2 C3=3932,C4=3919,W1=174,R1n=4095,ts="2026-04-15T12:48:33Z" 1776253692792578200
sensors,bucket=Set2,host=53530af3e8a0,topic=/Set2 C3=3915,C4=3915,W1=202,R1n=4095,ts="2026-04-15T12:48:48Z" 1776253707591851657
sensors,bucket=Set2,host=53530af3e8a0,topic=/Set2 C3=3887,C4=3900,W1=201,R1n=4095,ts="2026-04-15T12:49:03Z" 1776253722423764313
sensors,bucket=Set2,host=53530af3e8a0,topic=/Set2 C3=3888,C4=3896,W1=189,R1n=4095,ts="2026-04-15T12:49:17Z" 1776253737194228701
sensors,bucket=Set2,host=53530af3e8a0,topic=/Set2 C3=3887,C4=3884,W1=200,R1n=4095,ts="2026-04-15T12:49:32Z" 1776253751987826663
sensors,bucket=Set2,host=53530af3e8a0,topic=/Set2 C3=3895,C4=3882,W1=190,R1n=4095,ts="2026-04-15T12:49:47Z" 1776253766789258911
sensors,bucket=Set2,host=53530af3e8a0,topic=/Set2 C3=3887,C4=3884,W1=175,R1n=4095,ts="2026-04-15T12:50:02Z" 1776253781587531062
sensors,bucket=Set2,host=53530af3e8a0,topic=/Set2 C3=3897,C4=3883,W1=188,R1n=4095,ts="2026-04-15T12:50:17Z" 1776253796387580547
sensors,bucket=Set2,host=53530af3e8a0,topic=/Set2 C3=3896,C4=3883,W1=173,R1n=4095,ts="2026-04-15T12:50:31Z" 1776253811188230780
sensors,bucket=Set2,host=53530af3e8a0,topic=/Set2 C3=3897,C4=3884,W1=185,R1n=4095,ts="2026-04-15T12:50:46Z" 1776253825986508166
sensors,bucket=Set2,host=53530af3e8a0,topic=/Set2 C3=3913,C4=3899,W1=171,R1n=4095,ts="2026-04-15T12:51:02Z" 1776253842241439084
sensors,bucket=Set2,host=53530af3e8a0,topic=/Set2 C3=3899,C4=3886,W1=170,R1n=4095,ts="2026-04-15T12:51:17Z" 1776253857044969084
sensors,bucket=Set2,host=53530af3e8a0,topic=/Set2 C3=3901,C4=3884,W1=171,R1n=4095,ts="2026-04-15T12:51:32Z" 1776253871846039886
sensors,bucket=Set2,host=53530af3e8a0,topic=/Set2 C3=3897,C4=3884,W1=170,R1n=4095,ts="2026-04-15T12:51:47Z" 1776253886649495692
sensors,bucket=Set2,host=53530af3e8a0,topic=/Set2 C3=3896,C4=3884,W1=173,R1n=4095,ts="2026-04-15T12:52:02Z" 1776253901449025800
sensors,bucket=Set2,host=53530af3e8a0,topic=/Set2 C3=3884,C4=3887,W1=199,R1n=4095,ts="2026-04-15T12:52:16Z" 1776253916247366177
sensors,bucket=Set2,host=53530af3e8a0,topic=/Set2 C3=3900,C4=3919,W1=202,R1n=4095,ts="2026-04-15T12:52:31Z" 1776253931042114375
sensors,bucket=Set2,host=53530af3e8a0,topic=/Set2 C3=3930,C4=3916,W1=183,R1n=4095,ts="2026-04-15T12:52:46Z" 1776253945846857238
sensors,bucket=Set2,host=53530af3e8a0,topic=/Set2 C3=3913,C4=3916,W1=173,R1n=4095,ts="2026-04-15T12:53:02Z" 1776253962157333306
sensors,bucket=Set2,host=53530af3e8a0,topic=/Set2 C3=3901,C4=3885,W1=170,R1n=4095,ts="2026-04-15T12:53:17Z" 1776253976956777907
sensors,bucket=Set2,host=53530af3e8a0,topic=/Set2 C3=3885,C4=3884,W1=185,R1n=4095,ts="2026-04-15T12:53:32Z" 1776253991756570555
sensors,bucket=Set2,host=53530af3e8a0,topic=/Set2 C3=3885,C4=3884,W1=185,R1n=4095 1776257612000000000
sensors,bucket=Set1,host=53530af3e8a0,topic=/Set1 C1=3995,C2=3964,T1=22.4,R3=4095 1776193675000000000
sensors,bucket=Set2,host=53530af3e8a0,topic=/Set2 C3=3898,C4=3928,W1=187,R1n=4095 1776257627000000000
sensors,bucket=Set2,host=53530af3e8a0,topic=/Set2 C3=3917,C4=3895,W1=170,R1n=4095 1776257642000000000
sensors,bucket=Set2,host=53530af3e8a0,topic=/Set2 C3=3887,C4=3885,W1=185,R1n=4095 1776257656000000000
sensors,bucket=Set2,host=53530af3e8a0,topic=/Set2 C3=3926,C4=3900,W1=172,R1n=4095 1776257671000000000
sensors,bucket=Set2,host=53530af3e8a0,topic=/Set2 C3=3896,C4=3884,W1=169,R1n=4095 1776257686000000000
sensors,bucket=Set2,host=53530af3e8a0,topic=/Set2 C3=3933,C4=3913,W1=171,R1n=4095 1776257701000000000
sensors,bucket=Set2,host=53530af3e8a0,topic=/Set2 C3=3886,C4=3884,W1=174,R1n=4095 1776257716000000000
sensors,bucket=Set2,host=53530af3e8a0,topic=/Set2 C3=3886,C4=3884,W1=174,R1n=4095 1776257716000000000
sensors,bucket=Set1,host=53530af3e8a0,topic=/Set1 C1=3995,C2=3964,T1=22.4,R3=4095 1776193675000000000
sensors,bucket=Set2,host=53530af3e8a0,topic=/Set2 C3=3917,C4=3903,W1=170,R1n=4095 1776257730000000000
sensors,bucket=Set2,host=d3c56c69f395,topic=/Set2 C3=3917,C4=3903,W1=170,R1n=4095 1776257730000000000
sensors,bucket=Set1,host=d3c56c69f395,topic=/Set1 C1=3995,C2=3964,T1=22.4,R3=4095 1776193675000000000
sensors,bucket=Set2,host=d3c56c69f395,topic=/Set2 C3=3901,C4=3887,W1=232,R1n=4095 1776257900000000000
sensors,bucket=Set2,host=d3c56c69f395,topic=/Set2 C3=3898,C4=3868,W1=232,R1n=4095 1776257914000000000
sensors,bucket=Set2,host=d3c56c69f395,topic=/Set2 C3=3930,C4=3915,W1=238,R1n=4095 1776257929000000000
sensors,bucket=Set2,host=d3c56c69f395,topic=/Set2 C3=3933,C4=3902,W1=233,R1n=4095 1776257944000000000
sensors,bucket=Set2,host=d3c56c69f395,topic=/Set2 C3=3900,C4=3869,W1=233,R1n=4095 1776257959000000000
sensors,bucket=Set2,host=d3c56c69f395,topic=/Set2 C3=3882,C4=3929,W1=282,R1n=4095 1776257974000000000
sensors,bucket=Set2,host=d3c56c69f395,topic=/Set2 C3=3930,C4=3931,W1=262,R1n=4095 1776258003000000000
sensors,bucket=Set2,host=d3c56c69f395,topic=/Set2 C3=3871,C4=3883,W1=286,R1n=4095 1776258018000000000
sensors,bucket=Set2,host=d3c56c69f395,topic=/Set2 C3=3898,C4=3884,W1=233,R1n=4095 1776258033000000000
sensors,bucket=Set2,host=d3c56c69f395,topic=/Set2 C3=3931,C4=3916,W1=239,R1n=4095 1776258048000000000
sensors,bucket=Set2,host=d3c56c69f395,topic=/Set2 C3=3882,C4=3928,W1=266,R1n=4095 1776258062000000000
sensors,bucket=Set2,host=d3c56c69f395,topic=/Set2 C3=3875,C4=3868,W1=263,R1n=4095 1776258077000000000
sensors,bucket=Set2,host=d3c56c69f395,topic=/Set2 C3=3884,C4=3867,W1=233,R1n=4095 1776258092000000000
sensors,bucket=Set2,host=d3c56c69f395,topic=/Set2 C3=3913,C4=3895,W1=237,R1n=4095 1776258107000000000
sensors,bucket=Set2,host=d3c56c69f395,topic=/Set2 C3=3944,C4=3915,W1=250,R1n=4095 1776258122000000000
sensors,bucket=Set2,host=d3c56c69f395,topic=/Set2 C3=3896,C4=3932,W1=280,R1n=4095 1776258136000000000
sensors,bucket=Set2,host=d3c56c69f395,topic=/Set2 C3=3872,C4=3919,W1=284,R1n=4095 1776258151000000000
sensors,bucket=Set2,host=d3c56c69f395,topic=/Set2 C3=3869,C4=3885,W1=296,R1n=4095 1776258166000000000
sensors,bucket=Set2,host=d3c56c69f395,topic=/Set2 C3=3869,C4=3869,W1=295,R1n=4095 1776258181000000000
sensors,bucket=Set2,host=d3c56c69f395,topic=/Set2 C3=3869,C4=3869,W1=282,R1n=4095 1776258196000000000
sensors,bucket=Set2,host=d3c56c69f395,topic=/Set2 C3=3871,C4=3903,W1=284,R1n=4095 1776258210000000000
sensors,bucket=Set2,host=d3c56c69f395,topic=/Set2 C3=3869,C4=3904,W1=283,R1n=4095 1776258225000000000
sensors,bucket=Set2,host=d3c56c69f395,topic=/Set2 C3=3883,C4=3927,W1=268,R1n=4095 1776258240000000000
sensors,bucket=Set2,host=d3c56c69f395,topic=/Set2 C3=3916,C4=3929,W1=279,R1n=4095 1776258255000000000
sensors,bucket=Set2,host=d3c56c69f395,topic=/Set2 C3=3930,C4=3904,W1=262,R1n=4095 1776258270000000000
sensors,bucket=Set2,host=d3c56c69f395,topic=/Set2 C3=3944,C4=3918,W1=264,R1n=4095 1776258284000000000
sensors,bucket=Set2,host=d3c56c69f395,topic=/Set2 C3=3934,C4=3917,W1=238,R1n=4095 1776258299000000000
sensors,bucket=Set2,host=d3c56c69f395,topic=/Set2 C3=3927,C4=3883,W1=237,R1n=4095 1776258314000000000
sensors,bucket=Set2,host=d3c56c69f395,topic=/Set2 C3=3913,C4=3879,W1=233,R1n=4095 1776258329000000000
sensors,bucket=Set2,host=d3c56c69f395,topic=/Set2 C3=3871,C4=3865,W1=236,R1n=4095 1776258344000000000
sensors,bucket=Set2,host=d3c56c69f395,topic=/Set2 C3=3920,C4=3931,W1=264,R1n=4095 1776258361000000000
sensors,bucket=Set2,host=d3c56c69f395,topic=/Set2 C3=3933,C4=3901,W1=264,R1n=4095 1776258376000000000
sensors,bucket=Set2,host=d3c56c69f395,topic=/Set2 C3=3932,C4=3895,W1=239,R1n=4095 1776258391000000000
sensors,bucket=Set2,host=d3c56c69f395,topic=/Set2 C3=3884,C4=3864,W1=236,R1n=4095 1776258406000000000
sensors,bucket=Set2,host=d3c56c69f395,topic=/Set2 C3=3869,C4=3869,W1=284,R1n=4095 1776258420000000000
sensors,bucket=Set2,host=d3c56c69f395,topic=/Set2 C3=3913,C4=3928,W1=269,R1n=4095 1776258435000000000
sensors,bucket=Set2,host=d3c56c69f395,topic=/Set2 C3=3915,C4=3900,W1=237,R1n=4095 1776258450000000000
sensors,bucket=Set2,host=d3c56c69f395,topic=/Set2 C3=3895,C4=3868,W1=236,R1n=4095 1776258465000000000
sensors,bucket=Set2,host=d3c56c69f395,topic=/Set2 C3=3870,C4=3881,W1=285,R1n=4095 1776258480000000000
sensors,bucket=Set2,host=d3c56c69f395,topic=/Set2 C3=3932,C4=3931,W1=253,R1n=4095 1776258494000000000
sensors,bucket=Set2,host=d3c56c69f395,topic=/Set2 C3=3901,C4=3886,W1=236,R1n=4095 1776258509000000000
sensors,bucket=Set2,host=d3c56c69f395,topic=/Set2 C3=3869,C4=3867,W1=265,R1n=4095 1776258524000000000
sensors,bucket=Set2,host=d3c56c69f395,topic=/Set2 C3=3920,C4=3931,W1=269,R1n=4095 1776258539000000000
sensors,bucket=Set2,host=d3c56c69f395,topic=/Set2 C3=3913,C4=3883,W1=235,R1n=4095 1776258554000000000
sensors,bucket=Set1,host=d3c56c69f395,topic=/Set1 C1=3995,C2=3964,T1=22.4,R3=4095,ts="2026-04-14T19:07:55Z" 1776254940522021979
sensors,bucket=Set2,host=d3c56c69f395,topic=/Set2 C3=3913,C4=3883,W1=235,R1n=4095,ts="2026-04-15T13:09:14Z" 1776254940522074163
sensors,bucket=Set2,host=caf5642a2de4,topic=/Set2 C3=3868,C4=3865,W1=272,R1n=4095,ts="2026-04-15T13:09:28Z" 1776254949034459777
sensors,bucket=Set1,host=caf5642a2de4,topic=/Set1 C1=3995,C2=3964,T1=22.4,R3=4095,ts="2026-04-14T19:07:55Z" 1776254949034521098
sensors,bucket=Set2,host=caf5642a2de4,topic=/Set2 C3=3930,C4=3916,W1=265,R1n=4095,ts="2026-04-15T13:09:43Z" 1776254963068356839
sensors,bucket=Set2,host=caf5642a2de4,topic=/Set2 C3=3915,C4=3869,W1=236,R1n=4095,ts="2026-04-15T13:09:58Z" 1776254977861253456
sensors,bucket=Set2,host=caf5642a2de4,topic=/Set2 C3=3869,C4=3870,W1=284,R1n=4095,ts="2026-04-15T13:10:13Z" 1776254992665608771
sensors,bucket=Set2,host=caf5642a2de4,topic=/Set2 C3=3929,C4=3903,W1=252,R1n=4095,ts="2026-04-15T13:10:28Z" 1776255007464810837
sensors,bucket=Set2,host=caf5642a2de4,topic=/Set2 C3=3898,C4=3871,W1=236,R1n=4095,ts="2026-04-15T13:10:42Z" 1776255022262198558
sensors,bucket=Set2,host=caf5642a2de4,topic=/Set2 C3=3868,C4=3896,W1=281,R1n=4095,ts="2026-04-15T13:10:57Z" 1776255037059049000
sensors,bucket=Set2,host=caf5642a2de4,topic=/Set2 C3=3919,C4=3929,W1=266,R1n=4095,ts="2026-04-15T13:11:12Z" 1776255051860028343
sensors,bucket=Set2,host=caf5642a2de4,topic=/Set2 C3=3916,C4=3869,W1=236,R1n=4095,ts="2026-04-15T13:11:27Z" 1776255066654246871
sensors,bucket=Set2,host=caf5642a2de4,topic=/Set2 C3=3868,C4=3865,W1=248,R1n=4095,ts="2026-04-15T13:11:42Z" 1776255081458406122
sensors,bucket=Set2,host=caf5642a2de4,topic=/Set2 C3=3872,C4=3868,W1=281,R1n=4095,ts="2026-04-15T13:11:56Z" 1776255096253609158
sensors,bucket=Set2,host=caf5642a2de4,topic=/Set2 C3=3869,C4=3897,W1=283,R1n=4095,ts="2026-04-15T13:12:11Z" 1776255111056920838
sensors,bucket=Set2,host=caf5642a2de4,topic=/Set2 C3=3879,C4=3918,W1=286,R1n=4095,ts="2026-04-15T13:12:26Z" 1776255125853215219
sensors,bucket=Set2,host=caf5642a2de4,topic=/Set2 C3=3888,C4=3928,W1=271,R1n=4095,ts="2026-04-15T13:12:41Z" 1776255140652145614
sensors,bucket=Set2,host=caf5642a2de4,topic=/Set2 C3=3903,C4=3913,W1=280,R1n=4095,ts="2026-04-15T13:12:56Z" 1776255155450716625
sensors,bucket=Set2,host=caf5642a2de4,topic=/Set2 C3=3929,C4=3929,W1=270,R1n=4095,ts="2026-04-15T13:13:10Z" 1776255170251321251
sensors,bucket=Set2,host=caf5642a2de4,topic=/Set2 C3=3932,C4=3926,W1=281,R1n=4095,ts="2026-04-15T13:13:25Z" 1776255185045060982
sensors,bucket=Set2,host=caf5642a2de4,topic=/Set2 C3=3897,C4=3865,W1=254,R1n=4095,ts="2026-04-15T13:13:40Z" 1776255199847441647
sensors,bucket=Set2,host=caf5642a2de4,topic=/Set2 C3=3932,C4=3910,W1=287,R1n=4095,ts="2026-04-15T13:13:55Z" 1776255214649048514
sensors,bucket=Set2,host=caf5642a2de4,topic=/Set2 C3=3928,C4=3913,W1=268,R1n=4095,ts="2026-04-15T13:14:10Z" 1776255229447355359
sensors,bucket=Set2,host=caf5642a2de4,topic=/Set2 C3=3914,C4=3932,W1=268,R1n=4095,ts="2026-04-15T13:14:24Z" 1776255244241079586
sensors,bucket=Set2,host=caf5642a2de4,topic=/Set2 C3=3897,C4=3914,W1=270,R1n=4095,ts="2026-04-15T13:14:39Z" 1776255259145769033
sensors,bucket=Set2,host=caf5642a2de4,topic=/Set2 C3=3881,C4=3895,W1=281,R1n=4095,ts="2026-04-15T13:14:54Z" 1776255273846383578
sensors,bucket=Set2,host=caf5642a2de4,topic=/Set2 C3=3866,C4=3882,W1=283,R1n=4095,ts="2026-04-15T13:15:09Z" 1776255288644428826
sensors,bucket=Set2,host=caf5642a2de4,topic=/Set2 C3=3871,C4=3868,W1=298,R1n=4095,ts="2026-04-15T13:15:24Z" 1776255303453861771
sensors,bucket=Set2,host=caf5642a2de4,topic=/Set2 C3=3868,C4=3865,W1=254,R1n=4095,ts="2026-04-15T13:15:38Z" 1776255318239809619
sensors,bucket=Set2,host=caf5642a2de4,topic=/Set2 C3=3879,C4=3866,W1=246,R1n=4095,ts="2026-04-15T13:15:53Z" 1776255333037088595
sensors,bucket=Set2,host=caf5642a2de4,topic=/Set2 C3=3898,C4=3865,W1=240,R1n=4095,ts="2026-04-15T13:16:08Z" 1776255347837783353
sensors,bucket=Set2,host=caf5642a2de4,topic=/Set2 C3=3896,C4=3868,W1=239,R1n=4095,ts="2026-04-15T13:16:23Z" 1776255362636404402
sensors,bucket=Set2,host=caf5642a2de4,topic=/Set2 C3=3929,C4=3880,W1=247,R1n=4095,ts="2026-04-15T13:16:38Z" 1776255377440783136
sensors,bucket=Set2,host=caf5642a2de4,topic=/Set2 C3=3930,C4=3944,W1=251,R1n=4095,ts="2026-04-15T13:16:52Z" 1776255392232721163
sensors,bucket=Set2,host=caf5642a2de4,topic=/Set2 C3=3917,C4=3943,W1=299,R1n=4095,ts="2026-04-15T13:17:07Z" 1776255407032572419
sensors,bucket=Set2,host=caf5642a2de4,topic=/Set2 C3=3871,C4=3867,W1=281,R1n=4095,ts="2026-04-15T13:17:22Z" 1776255421837977751
sensors,bucket=Set2,host=caf5642a2de4,topic=/Set2 C3=3918,C4=3886,W1=239,R1n=4095,ts="2026-04-15T13:17:37Z" 1776255436635244266
sensors,bucket=Set2,host=caf5642a2de4,topic=/Set2 C3=3934,C4=3919,W1=281,R1n=4095,ts="2026-04-15T13:17:52Z" 1776255451448186175
sensors,bucket=Set2,host=caf5642a2de4,topic=/Set2 C3=3867,C4=3871,W1=284,R1n=4095,ts="2026-04-15T13:18:06Z" 1776255466237735113
sensors,bucket=Set2,host=caf5642a2de4,topic=/Set2 C3=3914,C4=3867,W1=238,R1n=4095,ts="2026-04-15T13:18:21Z" 1776255481028721791
sensors,bucket=Set2,host=caf5642a2de4,topic=/Set2 C3=3918,C4=3916,W1=267,R1n=4095,ts="2026-04-15T13:18:36Z" 1776255495830882953
sensors,bucket=Set2,host=caf5642a2de4,topic=/Set2 C3=3869,C4=3865,W1=271,R1n=4095,ts="2026-04-15T13:18:51Z" 1776255510627545445
sensors,bucket=Set2,host=caf5642a2de4,topic=/Set2 C3=3916,C4=3881,W1=248,R1n=4095,ts="2026-04-15T13:19:06Z" 1776255525434383491
sensors,bucket=Set2,host=caf5642a2de4,topic=/Set2 C3=3930,C4=3930,W1=267,R1n=4095,ts="2026-04-15T13:19:20Z" 1776255540230552169
sensors,bucket=Set2,host=caf5642a2de4,topic=/Set2 C3=3868,C4=3881,W1=297,R1n=4095,ts="2026-04-15T13:19:35Z" 1776255555027093390
sensors,bucket=Set2,host=caf5642a2de4,topic=/Set2 C3=3910,C4=3865,W1=239,R1n=4095,ts="2026-04-15T13:19:50Z" 1776255569829870846
sensors,bucket=Set2,host=caf5642a2de4,topic=/Set2 C3=3929,C4=3902,W1=254,R1n=4095,ts="2026-04-15T13:20:05Z" 1776255584626304800
sensors,bucket=Set2,host=caf5642a2de4,topic=/Set2 C3=3869,C4=3912,W1=296,R1n=4095,ts="2026-04-15T13:20:20Z" 1776255599430083056
sensors,bucket=Set2,host=caf5642a2de4,topic=/Set2 C3=3884,C4=3868,W1=248,R1n=4095,ts="2026-04-15T13:20:34Z" 1776255614226307994
sensors,bucket=Set2,host=caf5642a2de4,topic=/Set2 C3=3935,C4=3916,W1=250,R1n=4095,ts="2026-04-15T13:20:49Z" 1776255629027025125
sensors,bucket=Set2,host=caf5642a2de4,topic=/Set2 C3=3879,C4=3901,W1=301,R1n=4095,ts="2026-04-15T13:21:04Z" 1776255643825570602
sensors,bucket=Set2,host=caf5642a2de4,topic=/Set2 C3=3886,C4=3865,W1=249,R1n=4095,ts="2026-04-15T13:21:19Z" 1776255658626278801
sensors,bucket=Set2,host=caf5642a2de4,topic=/Set2 C3=3932,C4=3928,W1=268,R1n=4095,ts="2026-04-15T13:21:34Z" 1776255673427230349
sensors,bucket=Set2,host=caf5642a2de4,topic=/Set2 C3=3867,C4=3866,W1=297,R1n=4095,ts="2026-04-15T13:21:48Z" 1776255688225171595
sensors,bucket=Set2,host=caf5642a2de4,topic=/Set2 C3=3915,C4=3886,W1=248,R1n=4095,ts="2026-04-15T13:22:03Z" 1776255703021201267
sensors,bucket=Set2,host=caf5642a2de4,topic=/Set2 C3=3928,C4=3928,W1=281,R1n=4095,ts="2026-04-15T13:22:18Z" 1776255717824944436
sensors,bucket=Set2,host=caf5642a2de4,topic=/Set2 C3=3867,C4=3864,W1=283,R1n=4095,ts="2026-04-15T13:22:33Z" 1776255732621318003
sensors,bucket=Set2,host=caf5642a2de4,topic=/Set2 C3=3944,C4=3902,W1=247,R1n=4095,ts="2026-04-15T13:22:48Z" 1776255747629862930
sensors,bucket=Set2,host=caf5642a2de4,topic=/Set2 C3=3900,C4=3915,W1=287,R1n=4095,ts="2026-04-15T13:23:02Z" 1776255762220321950
sensors,bucket=Set2,host=caf5642a2de4,topic=/Set2 C3=3887,C4=3864,W1=248,R1n=4095,ts="2026-04-15T13:23:17Z" 1776255777021437864
sensors,bucket=Set2,host=caf5642a2de4,topic=/Set2 C3=3932,C4=3918,W1=268,R1n=4095,ts="2026-04-15T13:23:32Z" 1776255791820522118
sensors,bucket=Set2,host=caf5642a2de4,topic=/Set2 C3=3868,C4=3866,W1=297,R1n=4095,ts="2026-04-15T13:23:47Z" 1776255806623165784
sensors,bucket=Set2,host=caf5642a2de4,topic=/Set2 C3=3913,C4=3869,W1=249,R1n=4095,ts="2026-04-15T13:24:02Z" 1776255821475729627
sensors,bucket=Set2,host=caf5642a2de4,topic=/Set2 C3=3901,C4=3930,W1=286,R1n=4095,ts="2026-04-15T13:24:16Z" 1776255836219153189
sensors,bucket=Set2,host=caf5642a2de4,topic=/Set2 C3=3880,C4=3863,W1=250,R1n=4095,ts="2026-04-15T13:24:31Z" 1776255851019772539
sensors,bucket=Set2,host=caf5642a2de4,topic=/Set2 C3=3928,C4=3913,W1=265,R1n=4095,ts="2026-04-15T13:24:46Z" 1776255865817647654
sensors,bucket=Set2,host=caf5642a2de4,topic=/Set2 C3=3867,C4=3881,W1=299,R1n=4095,ts="2026-04-15T13:25:01Z" 1776255880698759758
sensors,bucket=Set2,host=caf5642a2de4,topic=/Set2 C3=3914,C4=3867,W1=248,R1n=4095,ts="2026-04-15T13:25:16Z" 1776255895421450116
sensors,bucket=Set2,host=caf5642a2de4,topic=/Set2 C3=3916,C4=3929,W1=282,R1n=4095,ts="2026-04-15T13:25:30Z" 1776255910215414512
sensors,bucket=Set2,host=caf5642a2de4,topic=/Set2 C3=3884,C4=3864,W1=249,R1n=4095,ts="2026-04-15T13:25:45Z" 1776255925017254162
sensors,bucket=Set2,host=caf5642a2de4,topic=/Set2 C3=3932,C4=3899,W1=251,R1n=4095,ts="2026-04-15T13:26:00Z" 1776255939815436874
sensors,bucket=Set2,host=caf5642a2de4,topic=/Set2 C3=3871,C4=3929,W1=301,R1n=4095,ts="2026-04-15T13:26:15Z" 1776255954615964566
sensors,bucket=Set2,host=caf5642a2de4,topic=/Set2 C3=3911,C4=3887,W1=249,R1n=4095,ts="2026-04-15T13:26:30Z" 1776255969417030444
sensors,bucket=Set2,host=caf5642a2de4,topic=/Set2 C3=3913,C4=3903,W1=297,R1n=4095,ts="2026-04-15T13:26:44Z" 1776255984215743310
sensors,bucket=Set2,host=caf5642a2de4,topic=/Set2 C3=3899,C4=3866,W1=247,R1n=4095,ts="2026-04-15T13:26:59Z" 1776255999026129832
sensors,bucket=Set2,host=caf5642a2de4,topic=/Set2 C3=3933,C4=3930,W1=299,R1n=4095,ts="2026-04-15T13:27:14Z" 1776256013814524438
sensors,bucket=Set2,host=caf5642a2de4,topic=/Set2 C3=3868,C4=3865,W1=263,R1n=4095,ts="2026-04-15T13:27:29Z" 1776256028614140710
sensors,bucket=Set2,host=caf5642a2de4,topic=/Set2 C3=3919,C4=3901,W1=254,R1n=4095,ts="2026-04-15T13:27:44Z" 1776256043426088342
sensors,bucket=Set2,host=caf5642a2de4,topic=/Set2 C3=3869,C4=3883,W1=287,R1n=4095,ts="2026-04-15T13:27:58Z" 1776256058213290184
sensors,bucket=Set2,host=caf5642a2de4,topic=/Set2 C3=3917,C4=3881,W1=248,R1n=4095,ts="2026-04-15T13:28:13Z" 1776256073012448884
sensors,bucket=Set2,host=caf5642a2de4,topic=/Set2 C3=3901,C4=3931,W1=285,R1n=4095,ts="2026-04-15T13:28:28Z" 1776256087810591251
sensors,bucket=Set2,host=caf5642a2de4,topic=/Set2 C3=3886,C4=3864,W1=248,R1n=4095,ts="2026-04-15T13:28:43Z" 1776256102610201852
sensors,bucket=Set2,host=caf5642a2de4,topic=/Set2 C3=3927,C4=3931,W1=266,R1n=4095,ts="2026-04-15T13:28:58Z" 1776256117411308424
sensors,bucket=Set2,host=caf5642a2de4,topic=/Set2 C3=3868,C4=3863,W1=281,R1n=4095,ts="2026-04-15T13:29:12Z" 1776256132211765665
sensors,bucket=Set2,host=caf5642a2de4,topic=/Set2 C3=3929,C4=3915,W1=253,R1n=4095,ts="2026-04-15T13:29:27Z" 1776256147009553370
sensors,bucket=Set2,host=caf5642a2de4,topic=/Set2 C3=3871,C4=3912,W1=311,R1n=4095,ts="2026-04-15T13:29:42Z" 1776256161811259340
sensors,bucket=Set2,host=caf5642a2de4,topic=/Set2 C3=3904,C4=3899,W1=248,R1n=4095,ts="2026-04-15T13:29:57Z" 1776256176608017156
sensors,bucket=Set2,host=caf5642a2de4,topic=/Set2 C3=3918,C4=3929,W1=286,R1n=4095,ts="2026-04-15T13:30:12Z" 1776256191411082609
sensors,bucket=Set2,host=caf5642a2de4,topic=/Set2 C3=3870,C4=3864,W1=249,R1n=4095,ts="2026-04-15T13:30:26Z" 1776256206210404943
sensors,bucket=Set2,host=caf5642a2de4,topic=/Set2 C3=3931,C4=3936,W1=269,R1n=4095,ts="2026-04-15T13:30:41Z" 1776256221008370690
sensors,bucket=Set2,host=caf5642a2de4,topic=/Set2 C3=3870,C4=3865,W1=253,R1n=4095,ts="2026-04-15T13:30:56Z" 1776256235809209590
sensors,bucket=Set2,host=caf5642a2de4,topic=/Set2 C3=3933,C4=3913,W1=280,R1n=4095,ts="2026-04-15T13:31:11Z" 1776256250609939601
sensors,bucket=Set2,host=caf5642a2de4,topic=/Set2 C3=3870,C4=3864,W1=268,R1n=4095,ts="2026-04-15T13:31:26Z" 1776256265408156431
sensors,bucket=Set2,host=caf5642a2de4,topic=/Set2 C3=3931,C4=3912,W1=265,R1n=4095,ts="2026-04-15T13:31:40Z" 1776256280208212421
sensors,bucket=Set2,host=caf5642a2de4,topic=/Set2 C3=3868,C4=3867,W1=284,R1n=4095,ts="2026-04-15T13:31:55Z" 1776256295005440890
sensors,bucket=Set2,host=caf5642a2de4,topic=/Set2 C3=3918,C4=3943,W1=269,R1n=4095,ts="2026-04-15T13:32:10Z" 1776256309810546827
sensors,bucket=Set2,host=caf5642a2de4,topic=/Set2 C3=3867,C4=3870,W1=299,R1n=4095,ts="2026-04-15T13:32:25Z" 1776256324604847063
sensors,bucket=Set2,host=caf5642a2de4,topic=/Set2 C3=3916,C4=3917,W1=265,R1n=4095,ts="2026-04-15T13:32:40Z" 1776256339407245154
sensors,bucket=Set2,host=caf5642a2de4,topic=/Set2 C3=3868,C4=3864,W1=270,R1n=4095,ts="2026-04-15T13:32:54Z" 1776256354202473993
sensors,bucket=Set2,host=caf5642a2de4,topic=/Set2 C3=3918,C4=3913,W1=256,R1n=4095,ts="2026-04-15T13:33:09Z" 1776256369010376525
sensors,bucket=Set2,host=caf5642a2de4,topic=/Set2 C3=3867,C4=3866,W1=285,R1n=4095,ts="2026-04-15T13:33:24Z" 1776256383804176697
sensors,bucket=Set2,host=caf5642a2de4,topic=/Set2 C3=3930,C4=3885,W1=251,R1n=4095,ts="2026-04-15T13:33:39Z" 1776256398604809006
sensors,bucket=Set2,host=caf5642a2de4,topic=/Set2 C3=3880,C4=3901,W1=297,R1n=4095,ts="2026-04-15T13:33:54Z" 1776256413404483803
sensors,bucket=Set2,host=caf5642a2de4,topic=/Set2 C3=3897,C4=3866,W1=250,R1n=4095,ts="2026-04-15T13:34:08Z" 1776256428207627012
sensors,bucket=Set2,host=caf5642a2de4,topic=/Set2 C3=3916,C4=3934,W1=299,R1n=4095,ts="2026-04-15T13:34:23Z" 1776256443004700082
sensors,bucket=Set2,host=caf5642a2de4,topic=/Set2 C3=3896,C4=3864,W1=264,R1n=4095,ts="2026-04-15T13:34:38Z" 1776256457805762064
sensors,bucket=Set2,host=caf5642a2de4,topic=/Set2 C3=3934,C4=3931,W1=285,R1n=4095,ts="2026-04-15T13:34:53Z" 1776256472603182877
sensors,bucket=Set2,host=caf5642a2de4,topic=/Set2 C3=3864,C4=3864,W1=310,R1n=4095,ts="2026-04-15T13:35:08Z" 1776256487406276052
sensors,bucket=Set2,host=caf5642a2de4,topic=/Set2 C3=3914,C4=3897,W1=251,R1n=4095,ts="2026-04-15T13:35:22Z" 1776256502201090259
sensors,bucket=Set2,host=caf5642a2de4,topic=/Set2 C3=3868,C4=3914,W1=284,R1n=4095,ts="2026-04-15T13:35:37Z" 1776256517003708041
sensors,bucket=Set2,host=caf5642a2de4,topic=/Set2 C3=3915,C4=3881,W1=249,R1n=4095,ts="2026-04-15T13:35:52Z" 1776256531805343112
sensors,bucket=Set2,host=caf5642a2de4,topic=/Set2 C3=3912,C4=3930,W1=298,R1n=4095,ts="2026-04-15T13:36:07Z" 1776256546604040353
sensors,bucket=Set2,host=caf5642a2de4,topic=/Set2 C3=3881,C4=3863,W1=251,R1n=4095,ts="2026-04-15T13:36:22Z" 1776256561403223218
sensors,bucket=Set2,host=caf5642a2de4,topic=/Set2 C3=3933,C4=3914,W1=266,R1n=4095,ts="2026-04-15T13:36:36Z" 1776256576204062502
sensors,bucket=Set2,host=caf5642a2de4,topic=/Set2 C3=3867,C4=3865,W1=284,R1n=4095,ts="2026-04-15T13:36:51Z" 1776256591000926844
sensors,bucket=Set2,host=caf5642a2de4,topic=/Set2 C3=3916,C4=3885,W1=252,R1n=4095,ts="2026-04-15T13:37:06Z" 1776256605802401426
sensors,bucket=Set2,host=caf5642a2de4,topic=/Set2 C3=3865,C4=3915,W1=313,R1n=4095,ts="2026-04-15T13:37:21Z" 1776256620606890022
sensors,bucket=Set2,host=caf5642a2de4,topic=/Set2 C3=3896,C4=3879,W1=251,R1n=4095,ts="2026-04-15T13:37:36Z" 1776256635402032854
sensors,bucket=Set2,host=caf5642a2de4,topic=/Set2 C3=3898,C4=3918,W1=314,R1n=4095,ts="2026-04-15T13:37:50Z" 1776256650203312808
sensors,bucket=Set2,host=caf5642a2de4,topic=/Set2 C3=3880,C4=3863,W1=251,R1n=4095,ts="2026-04-15T13:38:05Z" 1776256664999943347
sensors,bucket=Set2,host=caf5642a2de4,topic=/Set2 C3=3917,C4=3917,W1=270,R1n=4095,ts="2026-04-15T13:38:20Z" 1776256679806145329
sensors,bucket=Set2,host=caf5642a2de4,topic=/Set2 C3=3882,C4=3865,W1=252,R1n=4095,ts="2026-04-15T13:38:35Z" 1776256694599990453
sensors,bucket=Set2,host=caf5642a2de4,topic=/Set2 C3=3928,C4=3928,W1=280,R1n=4095,ts="2026-04-15T13:38:50Z" 1776256709403951463
sensors,bucket=Set2,host=caf5642a2de4,topic=/Set2 C3=3870,C4=3864,W1=282,R1n=4095,ts="2026-04-15T13:39:04Z" 1776256724198610020
sensors,bucket=Set2,host=caf5642a2de4,topic=/Set2 C3=3917,C4=3896,W1=253,R1n=4095,ts="2026-04-15T13:39:19Z" 1776256739000264956
sensors,bucket=Set2,host=caf5642a2de4,topic=/Set2 C3=3866,C4=3898,W1=298,R1n=4095,ts="2026-04-15T13:39:34Z" 1776256753802890795
sensors,bucket=Set2,host=caf5642a2de4,topic=/Set2 C3=3913,C4=3898,W1=250,R1n=4095,ts="2026-04-15T13:39:49Z" 1776256768600688235
sensors,bucket=Set2,host=caf5642a2de4,topic=/Set2 C3=3884,C4=3932,W1=296,R1n=4095,ts="2026-04-15T13:40:04Z" 1776256783400866879
sensors,bucket=Set2,host=caf5642a2de4,topic=/Set2 C3=3895,C4=3864,W1=250,R1n=4095,ts="2026-04-15T13:40:18Z" 1776256798200362176
sensors,bucket=Set2,host=caf5642a2de4,topic=/Set2 C3=3933,C4=3916,W1=283,R1n=4095,ts="2026-04-15T13:40:33Z" 1776256812997079348
sensors,bucket=Set2,host=caf5642a2de4,topic=/Set2 C3=3869,C4=3864,W1=285,R1n=4095,ts="2026-04-15T13:40:48Z" 1776256827803493099
sensors,bucket=Set2,host=caf5642a2de4,topic=/Set2 C3=3934,C4=3902,W1=266,R1n=4095,ts="2026-04-15T13:41:03Z" 1776256842597304506
sensors,bucket=Set2,host=caf5642a2de4,topic=/Set2 C3=3867,C4=3887,W1=304,R1n=4095,ts="2026-04-15T13:41:18Z" 1776256857405601214
sensors,bucket=Set2,host=caf5642a2de4,topic=/Set2 C3=3914,C4=3883,W1=251,R1n=4095,ts="2026-04-15T13:41:32Z" 1776256872196719149
sensors,bucket=Set2,host=caf5642a2de4,topic=/Set2 C3=3866,C4=3899,W1=303,R1n=4095,ts="2026-04-15T13:41:47Z" 1776256887000928513
sensors,bucket=Set2,host=caf5642a2de4,topic=/Set2 C3=3913,C4=3883,W1=250,R1n=4095,ts="2026-04-15T13:42:02Z" 1776256903425574408
sensors,bucket=Set2,host=caf5642a2de4,topic=/Set2 C3=3868,C4=3929,W1=287,R1n=4095,ts="2026-04-15T13:42:17Z" 1776256916646010877
sensors,bucket=Set2,host=caf5642a2de4,topic=/Set2 C3=3901,C4=3866,W1=250,R1n=4095,ts="2026-04-15T13:42:32Z" 1776256931397387218
sensors,bucket=Set2,host=caf5642a2de4,topic=/Set2 C3=3901,C4=3919,W1=302,R1n=4095,ts="2026-04-15T13:42:46Z" 1776256946197570988
sensors,bucket=Set2,host=caf5642a2de4,topic=/Set2 C3=3885,C4=3865,W1=250,R1n=4095,ts="2026-04-15T13:43:01Z" 1776256960995847479
sensors,bucket=Set2,host=caf5642a2de4,topic=/Set2 C3=3928,C4=3917,W1=296,R1n=4095,ts="2026-04-15T13:43:16Z" 1776256975796815700
sensors,bucket=Set2,host=caf5642a2de4,topic=/Set2 C3=3867,C4=3864,W1=279,R1n=4095,ts="2026-04-15T13:43:31Z" 1776256990595131360
sensors,bucket=Set2,host=caf5642a2de4,topic=/Set2 C3=3931,C4=3919,W1=270,R1n=4095,ts="2026-04-15T13:43:46Z" 1776257005400054976
sensors,bucket=Set2,host=caf5642a2de4,topic=/Set2 C3=3868,C4=3866,W1=285,R1n=4095,ts="2026-04-15T13:44:00Z" 1776257020195901932
sensors,bucket=Set2,host=caf5642a2de4,topic=/Set2 C3=3945,C4=3909,W1=279,R1n=4095,ts="2026-04-15T13:44:15Z" 1776257035159708494
sensors,bucket=Set2,host=caf5642a2de4,topic=/Set2 C3=3868,C4=3918,W1=300,R1n=4095,ts="2026-04-15T13:44:30Z" 1776257049942377620
sensors,bucket=Set2,host=caf5642a2de4,topic=/Set2 C3=3900,C4=3868,W1=250,R1n=4095,ts="2026-04-15T13:44:45Z" 1776257064742209015
sensors,bucket=Set2,host=caf5642a2de4,topic=/Set2 C3=3946,C4=3928,W1=285,R1n=4095,ts="2026-04-15T13:45:00Z" 1776257079626811384
sensors,bucket=Set2,host=caf5642a2de4,topic=/Set2 C3=3867,C4=3866,W1=296,R1n=4095,ts="2026-04-15T13:45:15Z" 1776257094503732405
sensors,bucket=Set2,host=caf5642a2de4,topic=/Set2 C3=3932,C4=3902,W1=262,R1n=4095,ts="2026-04-15T13:45:29Z" 1776257109141076115
sensors,bucket=Set2,host=caf5642a2de4,topic=/Set2 C3=3871,C4=3928,W1=298,R1n=4095,ts="2026-04-15T13:45:44Z" 1776257123941934334
sensors,bucket=Set2,host=caf5642a2de4,topic=/Set2 C3=3926,C4=3870,W1=251,R1n=4095,ts="2026-04-15T13:45:59Z" 1776257138740315495
sensors,bucket=Set2,host=caf5642a2de4,topic=/Set2 C3=3917,C4=3929,W1=281,R1n=4095,ts="2026-04-15T13:46:14Z" 1776257153542019150
sensors,bucket=Set2,host=caf5642a2de4,topic=/Set2 C3=3883,C4=3866,W1=263,R1n=4095,ts="2026-04-15T13:46:29Z" 1776257168338744433
sensors,bucket=Set2,host=caf5642a2de4,topic=/Set2 C3=3932,C4=3928,W1=272,R1n=4095,ts="2026-04-15T13:46:43Z" 1776257183140113093
sensors,bucket=Set2,host=caf5642a2de4,topic=/Set2 C3=3869,C4=3868,W1=300,R1n=4095,ts="2026-04-15T13:46:58Z" 1776257197940204289
sensors,bucket=Set2,host=caf5642a2de4,topic=/Set2 C3=3917,C4=3880,W1=250,R1n=4095,ts="2026-04-15T13:47:13Z" 1776257212741386572
sensors,bucket=Set2,host=caf5642a2de4,topic=/Set2 C3=3903,C4=3917,W1=302,R1n=4095,ts="2026-04-15T13:47:28Z" 1776257227539548059
sensors,bucket=Set2,host=caf5642a2de4,topic=/Set2 C3=3882,C4=3865,W1=253,R1n=4095,ts="2026-04-15T13:47:43Z" 1776257242340529759
sensors,bucket=Set2,host=caf5642a2de4,topic=/Set2 C3=3928,C4=3929,W1=270,R1n=4095,ts="2026-04-15T13:47:57Z" 1776257257142500927
sensors,bucket=Set2,host=caf5642a2de4,topic=/Set2 C3=3868,C4=3865,W1=279,R1n=4095,ts="2026-04-15T13:48:12Z" 1776257271939969670
sensors,bucket=Set2,host=caf5642a2de4,topic=/Set2 C3=3947,C4=3903,W1=265,R1n=4095,ts="2026-04-15T13:48:27Z" 1776257286737629054
sensors,bucket=Set2,host=caf5642a2de4,topic=/Set2 C3=3870,C4=3915,W1=286,R1n=4095,ts="2026-04-15T13:48:42Z" 1776257301540801132
sensors,bucket=Set2,host=caf5642a2de4,topic=/Set2 C3=3902,C4=3866,W1=251,R1n=4095,ts="2026-04-15T13:48:57Z" 1776257316337132196
sensors,bucket=Set2,host=caf5642a2de4,topic=/Set2 C3=3929,C4=3928,W1=279,R1n=4095,ts="2026-04-15T13:49:11Z" 1776257331138196270
sensors,bucket=Set2,host=caf5642a2de4,topic=/Set2 C3=3870,C4=3866,W1=267,R1n=4095,ts="2026-04-15T13:49:26Z" 1776257345935458435
sensors,bucket=Set2,host=caf5642a2de4,topic=/Set2 C3=3931,C4=3898,W1=266,R1n=4095,ts="2026-04-15T13:49:41Z" 1776257360739409781
sensors,bucket=Set2,host=caf5642a2de4,topic=/Set2 C3=3868,C4=3868,W1=303,R1n=4095,ts="2026-04-15T13:49:56Z" 1776257375539146703
sensors,bucket=Set2,host=caf5642a2de4,topic=/Set2 C3=3930,C4=3901,W1=252,R1n=4095,ts="2026-04-15T13:50:11Z" 1776257390339366672
sensors,bucket=Set2,host=caf5642a2de4,topic=/Set2 C3=3887,C4=3934,W1=300,R1n=4095,ts="2026-04-15T13:50:25Z" 1776257405136213841
sensors,bucket=Set2,host=caf5642a2de4,topic=/Set2 C3=3896,C4=3865,W1=251,R1n=4095,ts="2026-04-15T13:50:40Z" 1776257419938496278
sensors,bucket=Set2,host=caf5642a2de4,topic=/Set2 C3=3945,C4=3928,W1=287,R1n=4095,ts="2026-04-15T13:50:55Z" 1776257434735835780
sensors,bucket=Set2,host=caf5642a2de4,topic=/Set2 C3=3868,C4=3866,W1=302,R1n=4095,ts="2026-04-15T13:51:10Z" 1776257449538804197
sensors,bucket=Set2,host=caf5642a2de4,topic=/Set2 C3=3929,C4=3885,W1=251,R1n=4095,ts="2026-04-15T13:51:25Z" 1776257464337361191
sensors,bucket=Set2,host=caf5642a2de4,topic=/Set2 C3=3880,C4=3917,W1=303,R1n=4095,ts="2026-04-15T13:51:39Z" 1776257479137759279
sensors,bucket=Set2,host=caf5642a2de4,topic=/Set2 C3=3912,C4=3870,W1=251,R1n=4095,ts="2026-04-15T13:51:54Z" 1776257493937735505
sensors,bucket=Set2,host=caf5642a2de4,topic=/Set2 C3=3879,C4=3943,W1=296,R1n=4095,ts="2026-04-15T13:52:09Z" 1776257508737128361
sensors,bucket=Set2,host=caf5642a2de4,topic=/Set2 C3=3886,C4=3866,W1=251,R1n=4095,ts="2026-04-15T13:52:24Z" 1776257523538788188
sensors,bucket=Set2,host=caf5642a2de4,topic=/Set2 C3=3930,C4=3931,W1=286,R1n=4095,ts="2026-04-15T13:52:39Z" 1776257538335886555
sensors,bucket=Set2,host=caf5642a2de4,topic=/Set2 C3=3884,C4=3866,W1=267,R1n=4095,ts="2026-04-15T13:52:53Z" 1776257553133300250
sensors,bucket=Set2,host=caf5642a2de4,topic=/Set2 C3=3932,C4=3916,W1=263,R1n=4095,ts="2026-04-15T13:53:08Z" 1776257567936354638
sensors,bucket=Set2,host=caf5642a2de4,topic=/Set2 C3=3869,C4=3902,W1=299,R1n=4095,ts="2026-04-15T13:53:23Z" 1776257582735323522
sensors,bucket=Set2,host=caf5642a2de4,topic=/Set2 C3=3898,C4=3899,W1=252,R1n=4095,ts="2026-04-15T13:53:38Z" 1776257597537579228
sensors,bucket=Set2,host=caf5642a2de4,topic=/Set2 C3=3932,C4=3919,W1=312,R1n=4095,ts="2026-04-15T13:53:53Z" 1776257612334415495
sensors,bucket=Set2,host=caf5642a2de4,topic=/Set2 C3=3870,C4=3864,W1=280,R1n=4095,ts="2026-04-15T13:54:07Z" 1776257627282339924
sensors,bucket=Set2,host=caf5642a2de4,topic=/Set2 C3=3932,C4=3912,W1=265,R1n=4095,ts="2026-04-15T13:54:22Z" 1776257641933968333
sensors,bucket=Set2,host=caf5642a2de4,topic=/Set2 C3=3870,C4=3918,W1=313,R1n=4095,ts="2026-04-15T13:54:37Z" 1776257656802855589
sensors,bucket=Set2,host=caf5642a2de4,topic=/Set2 C3=3902,C4=3884,W1=253,R1n=4095,ts="2026-04-15T13:54:52Z" 1776257671534731651
sensors,bucket=Set2,host=caf5642a2de4,topic=/Set2 C3=3880,C4=3932,W1=312,R1n=4095,ts="2026-04-15T13:55:07Z" 1776257686380659825
sensors,bucket=Set2,host=caf5642a2de4,topic=/Set2 C3=3901,C4=3869,W1=252,R1n=4095,ts="2026-04-15T13:55:21Z" 1776257701167019301
sensors,bucket=Set2,host=caf5642a2de4,topic=/Set2 C3=3933,C4=3934,W1=311,R1n=4095,ts="2026-04-15T13:55:36Z" 1776257715935984056
sensors,bucket=Set2,host=caf5642a2de4,topic=/Set2 C3=3886,C4=3864,W1=252,R1n=4095,ts="2026-04-15T13:55:51Z" 1776257730736488411
sensors,bucket=Set2,host=caf5642a2de4,topic=/Set2 C3=3945,C4=3928,W1=278,R1n=4095,ts="2026-04-15T13:56:06Z" 1776257745536237120
sensors,bucket=Set2,host=caf5642a2de4,topic=/Set2 C3=3868,C4=3916,W1=302,R1n=4095,ts="2026-04-15T13:56:21Z" 1776257760336204564
sensors,bucket=Set2,host=caf5642a2de4,topic=/Set2 C3=3900,C4=3880,W1=250,R1n=4095,ts="2026-04-15T13:56:35Z" 1776257775134072052
sensors,bucket=Set2,host=caf5642a2de4,topic=/Set2 C3=3917,C4=3933,W1=301,R1n=4095,ts="2026-04-15T13:56:50Z" 1776257789935871318
sensors,bucket=Set2,host=caf5642a2de4,topic=/Set2 C3=3881,C4=3865,W1=253,R1n=4095,ts="2026-04-15T13:57:05Z" 1776257804733928883
sensors,bucket=Set2,host=caf5642a2de4,topic=/Set2 C3=3933,C4=3928,W1=287,R1n=4095,ts="2026-04-15T13:57:20Z" 1776257819537115758
sensors,bucket=Set2,host=caf5642a2de4,topic=/Set2 C3=3868,C4=3864,W1=295,R1n=4095,ts="2026-04-15T13:57:35Z" 1776257834333572890
sensors,bucket=Set2,host=caf5642a2de4,topic=/Set2 C3=3931,C4=3927,W1=269,R1n=4095,ts="2026-04-15T13:57:49Z" 1776257849131169567
sensors,bucket=Set2,host=caf5642a2de4,topic=/Set2 C3=3869,C4=3917,W1=300,R1n=4095,ts="2026-04-15T13:58:04Z" 1776257863929173782
sensors,bucket=Set2,host=caf5642a2de4,topic=/Set2 C3=3933,C4=3914,W1=256,R1n=4095,ts="2026-04-15T13:58:19Z" 1776257878733224223
sensors,bucket=Set2,host=caf5642a2de4,topic=/Set2 C3=3869,C4=3902,W1=312,R1n=4095,ts="2026-04-15T13:58:34Z" 1776257893538014275
sensors,bucket=Set2,host=caf5642a2de4,topic=/Set2 C3=3934,C4=3883,W1=253,R1n=4095,ts="2026-04-15T13:58:49Z" 1776257908330648961
sensors,bucket=Set2,host=caf5642a2de4,topic=/Set2 C3=3896,C4=3933,W1=303,R1n=4095,ts="2026-04-15T13:59:03Z" 1776257923128574406
sensors,bucket=Set2,host=caf5642a2de4,topic=/Set2 C3=3912,C4=3865,W1=254,R1n=4095,ts="2026-04-15T13:59:18Z" 1776257937930476437
sensors,bucket=Set2,host=caf5642a2de4,topic=/Set2 C3=3949,C4=3913,W1=268,R1n=4095,ts="2026-04-15T13:59:33Z" 1776257952728674886
sensors,bucket=Set2,host=caf5642a2de4,topic=/Set2 C3=3919,C4=3932,W1=313,R1n=4095,ts="2026-04-15T13:59:50Z" 1776257969341860190
sensors,bucket=Set2,host=caf5642a2de4,topic=/Set2 C3=3880,C4=3865,W1=255,R1n=4095,ts="2026-04-15T14:00:04Z" 1776257984140568903
sensors,bucket=Set2,host=caf5642a2de4,topic=/Set2 C3=3943,C4=3916,W1=280,R1n=4095,ts="2026-04-15T14:00:19Z" 1776257998940183903
sensors,bucket=Set2,host=caf5642a2de4,topic=/Set2 C3=3869,C4=3866,W1=311,R1n=4095,ts="2026-04-15T14:00:34Z" 1776258013738545274
sensors,bucket=Set2,host=caf5642a2de4,topic=/Set2 C3=3931,C4=3928,W1=281,R1n=4095,ts="2026-04-15T14:00:49Z" 1776258028540308367
sensors,bucket=Set2,host=caf5642a2de4,topic=/Set2 C3=3871,C4=3863,W1=283,R1n=4095,ts="2026-04-15T14:01:04Z" 1776258043339649622
sensors,bucket=Set2,host=caf5642a2de4,topic=/Set2 C3=3946,C4=3933,W1=281,R1n=4095,ts="2026-04-15T14:01:18Z" 1776258058139275130
sensors,bucket=Set2,host=caf5642a2de4,topic=/Set2 C3=3882,C4=3866,W1=252,R1n=4095,ts="2026-04-15T14:01:33Z" 1776258072954626677
sensors,bucket=Set2,host=caf5642a2de4,topic=/Set2 C3=3932,C4=3911,W1=286,R1n=4095,ts="2026-04-15T14:01:48Z" 1776258087740212440
sensors,bucket=Set2,host=caf5642a2de4,topic=/Set2 C3=3884,C4=3864,W1=252,R1n=4095,ts="2026-04-15T14:02:03Z" 1776258102536036803
sensors,bucket=Set2,host=caf5642a2de4,topic=/Set2 C3=3928,C4=3928,W1=300,R1n=4095,ts="2026-04-15T14:02:18Z" 1776258117339426829
sensors,bucket=Set2,host=caf5642a2de4,topic=/Set2 C3=3897,C4=3865,W1=252,R1n=4095,ts="2026-04-15T14:02:32Z" 1776258132139285396
sensors,bucket=Set2,host=caf5642a2de4,topic=/Set2 C3=3915,C4=3927,W1=288,R1n=4095,ts="2026-04-15T14:02:47Z" 1776258146938549943
sensors,bucket=Set2,host=caf5642a2de4,topic=/Set2 C3=3901,C4=3865,W1=251,R1n=4095,ts="2026-04-15T14:03:02Z" 1776258161737205216
sensors,bucket=Set2,host=caf5642a2de4,topic=/Set2 C3=3880,C4=3919,W1=313,R1n=4095,ts="2026-04-15T14:03:17Z" 1776258176541392845
sensors,bucket=Set2,host=caf5642a2de4,topic=/Set2 C3=3904,C4=3867,W1=253,R1n=4095,ts="2026-04-15T14:03:32Z" 1776258191340688816
sensors,bucket=Set2,host=caf5642a2de4,topic=/Set2 C3=3870,C4=3917,W1=298,R1n=4095,ts="2026-04-15T14:03:46Z" 1776258206138499674
sensors,bucket=Set2,host=caf5642a2de4,topic=/Set2 C3=3932,C4=3902,W1=267,R1n=4095,ts="2026-04-15T14:04:01Z" 1776258221016413431
sensors,bucket=Set2,host=caf5642a2de4,topic=/Set2 C3=3871,C4=3865,W1=301,R1n=4095,ts="2026-04-15T14:04:16Z" 1776258235739757516
sensors,bucket=Set2,host=caf5642a2de4,topic=/Set2 C3=3944,C4=3929,W1=269,R1n=4095,ts="2026-04-15T14:04:31Z" 1776258250541628710
sensors,bucket=Set2,host=caf5642a2de4,topic=/Set2 C3=3927,C4=3929,W1=271,R1n=4095,ts="2026-04-15T14:05:00Z" 1776258280137064877
sensors,bucket=Set2,host=caf5642a2de4,topic=/Set2 C3=3879,C4=3865,W1=254,R1n=4095,ts="2026-04-15T14:05:15Z" 1776258294954939854
sensors,bucket=Set2,host=caf5642a2de4,topic=/Set2 C3=3948,C4=3927,W1=281,R1n=4095,ts="2026-04-15T14:05:30Z" 1776258309736435929
sensors,bucket=Set2,host=caf5642a2de4,topic=/Set2 C3=3880,C4=3866,W1=283,R1n=4095,ts="2026-04-15T14:05:45Z" 1776258324539506799
sensors,bucket=Set2,host=caf5642a2de4,topic=/Set2 C3=3934,C4=3901,W1=255,R1n=4095,ts="2026-04-15T14:06:00Z" 1776258339423940332
sensors,bucket=Set2,host=caf5642a2de4,topic=/Set2 C3=3870,C4=3881,W1=301,R1n=4095,ts="2026-04-15T14:06:14Z" 1776258354228580268
sensors,bucket=Set2,host=caf5642a2de4,topic=/Set2 C3=3916,C4=3897,W1=252,R1n=4095,ts="2026-04-15T14:06:29Z" 1776258368935133698
sensors,bucket=Set2,host=caf5642a2de4,topic=/Set2 C3=3868,C4=3903,W1=314,R1n=4095,ts="2026-04-15T14:06:44Z" 1776258383736890316
sensors,bucket=Set2,host=caf5642a2de4,topic=/Set2 C3=3917,C4=3884,W1=251,R1n=4095,ts="2026-04-15T14:06:59Z" 1776258398535885081
sensors,bucket=Set2,host=caf5642a2de4,topic=/Set2 C3=3881,C4=3927,W1=302,R1n=4095,ts="2026-04-15T14:07:14Z" 1776258413339031240
sensors,bucket=Set2,host=caf5642a2de4,topic=/Set2 C3=3917,C4=3898,W1=252,R1n=4095,ts="2026-04-15T14:07:28Z" 1776258428342322678
sensors,bucket=Set2,host=caf5642a2de4,topic=/Set2 C3=3879,C4=3912,W1=298,R1n=4095,ts="2026-04-15T14:07:43Z" 1776258442939059558
sensors,bucket=Set2,host=caf5642a2de4,topic=/Set2 C3=3935,C4=3895,W1=252,R1n=4095,ts="2026-04-15T14:07:58Z" 1776258457734324409
sensors,bucket=Set2,host=caf5642a2de4,topic=/Set2 C3=3880,C4=3919,W1=298,R1n=4095,ts="2026-04-15T14:08:13Z" 1776258472536090644
sensors,bucket=Set2,host=caf5642a2de4,topic=/Set2 C3=3901,C4=3870,W1=252,R1n=4095,ts="2026-04-15T14:08:28Z" 1776258487336758280
sensors,bucket=Set2,host=caf5642a2de4,topic=/Set2 C3=3880,C4=3930,W1=299,R1n=4095,ts="2026-04-15T14:08:42Z" 1776258502136455163
sensors,bucket=Set2,host=caf5642a2de4,topic=/Set2 C3=3919,C4=3882,W1=252,R1n=4095,ts="2026-04-15T14:08:57Z" 1776258516933312965
sensors,bucket=Set2,host=caf5642a2de4,topic=/Set2 C3=3887,C4=3916,W1=296,R1n=4095,ts="2026-04-15T14:09:12Z" 1776258531735736923
sensors,bucket=Set2,host=caf5642a2de4,topic=/Set2 C3=3902,C4=3881,W1=252,R1n=4095,ts="2026-04-15T14:09:27Z" 1776258546532381909
sensors,bucket=Set2,host=caf5642a2de4,topic=/Set2 C3=3872,C4=3913,W1=300,R1n=4095,ts="2026-04-15T14:09:42Z" 1776258561338619419
sensors,bucket=Set2,host=caf5642a2de4,topic=/Set2 C3=3933,C4=3880,W1=252,R1n=4095,ts="2026-04-15T14:09:56Z" 1776258576133524578
sensors,bucket=Set2,host=caf5642a2de4,topic=/Set2 C3=3871,C4=3914,W1=299,R1n=4095,ts="2026-04-15T14:10:11Z" 1776258590935286672
sensors,bucket=Set2,host=caf5642a2de4,topic=/Set2 C3=3931,C4=3898,W1=264,R1n=4095,ts="2026-04-15T14:10:26Z" 1776258605733347330
sensors,bucket=Set2,host=caf5642a2de4,topic=/Set2 C3=3871,C4=3864,W1=282,R1n=4095,ts="2026-04-15T14:10:41Z" 1776258620535284262
sensors,bucket=Set2,host=caf5642a2de4,topic=/Set2 C3=3943,C4=3930,W1=269,R1n=4095,ts="2026-04-15T14:10:56Z" 1776258635354460110
sensors,bucket=Set2,host=caf5642a2de4,topic=/Set2 C3=3879,C4=3854,W1=268,R1n=4095,ts="2026-04-15T14:11:10Z" 1776258650134442272
sensors,bucket=Set2,host=caf5642a2de4,topic=/Set2 C3=3944,C4=3919,W1=281,R1n=4095,ts="2026-04-15T14:11:25Z" 1776258664933647632
sensors,bucket=Set2,host=caf5642a2de4,topic=/Set2 C3=3885,C4=3865,W1=254,R1n=4095,ts="2026-04-15T14:11:40Z" 1776258679734565247
sensors,bucket=Set2,host=caf5642a2de4,topic=/Set2 C3=3914,C4=3918,W1=288,R1n=4095,ts="2026-04-15T14:11:55Z" 1776258694534338400
sensors,bucket=Set2,host=caf5642a2de4,topic=/Set2 C3=3888,C4=3868,W1=253,R1n=4095,ts="2026-04-15T14:12:10Z" 1776258709337193136
sensors,bucket=Set2,host=caf5642a2de4,topic=/Set2 C3=3933,C4=3928,W1=283,R1n=4095,ts="2026-04-15T14:12:24Z" 1776258724131988954
sensors,bucket=Set2,host=caf5642a2de4,topic=/Set2 C3=3870,C4=3865,W1=270,R1n=4095,ts="2026-04-15T14:12:39Z" 1776258738932958397
sensors,bucket=Set2,host=caf5642a2de4,topic=/Set2 C3=3943,C4=3943,W1=269,R1n=4095,ts="2026-04-15T14:12:54Z" 1776258753730734182
sensors,bucket=Set2,host=caf5642a2de4,topic=/Set2 C3=3884,C4=3866,W1=253,R1n=4095,ts="2026-04-15T14:13:09Z" 1776258768702058736
sensors,bucket=Set2,host=caf5642a2de4,topic=/Set2 C3=3930,C4=3917,W1=286,R1n=4095,ts="2026-04-15T14:13:24Z" 1776258783335224548
sensors,bucket=Set2,host=caf5642a2de4,topic=/Set2 C3=3881,C4=3867,W1=263,R1n=4095,ts="2026-04-15T14:13:38Z" 1776258798133685431
sensors,bucket=Set2,host=caf5642a2de4,topic=/Set2 C3=3945,C4=3913,W1=279,R1n=4095,ts="2026-04-15T14:13:53Z" 1776258812932978344
sensors,bucket=Set2,host=caf5642a2de4,topic=/Set2 C3=3881,C4=3867,W1=301,R1n=4095,ts="2026-04-15T14:14:08Z" 1776258827733101922
sensors,bucket=Set2,host=caf5642a2de4,topic=/Set2 C3=3946,C4=3916,W1=286,R1n=4095,ts="2026-04-15T14:14:23Z" 1776258842555909853
sensors,bucket=Set2,host=caf5642a2de4,topic=/Set2 C3=3882,C4=3897,W1=299,R1n=4095,ts="2026-04-15T14:14:59Z" 1776258878347553591
sensors,bucket=Set2,host=caf5642a2de4,topic=/Set2 C3=3914,C4=3880,W1=253,R1n=4095,ts="2026-04-15T14:15:13Z" 1776258893148425708
sensors,bucket=Set2,host=caf5642a2de4,topic=/Set2 C3=3903,C4=3933,W1=301,R1n=4095,ts="2026-04-15T14:15:28Z" 1776258907948039389
sensors,bucket=Set2,host=caf5642a2de4,topic=/Set2 C3=3887,C4=3865,W1=253,R1n=4095,ts="2026-04-15T14:15:43Z" 1776258922748156193
sensors,bucket=Set2,host=caf5642a2de4,topic=/Set2 C3=3947,C4=3931,W1=282,R1n=4095,ts="2026-04-15T14:15:58Z" 1776258937545051162
sensors,bucket=Set2,host=caf5642a2de4,topic=/Set2 C3=3871,C4=3866,W1=265,R1n=4095,ts="2026-04-15T14:16:13Z" 1776258952530994353
sensors,bucket=Set2,host=caf5642a2de4,topic=/Set2 C3=3932,C4=3928,W1=296,R1n=4095,ts="2026-04-15T14:16:27Z" 1776258967141838981
sensors,bucket=Set2,host=caf5642a2de4,topic=/Set2 C3=3871,C4=3864,W1=285,R1n=4095,ts="2026-04-15T14:16:42Z" 1776258981943704272
sensors,bucket=Set2,host=caf5642a2de4,topic=/Set2 C3=3949,C4=3913,W1=265,R1n=4095,ts="2026-04-15T14:16:57Z" 1776258996742506703
sensors,bucket=Set2,host=caf5642a2de4,topic=/Set2 C3=3872,C4=3881,W1=299,R1n=4095,ts="2026-04-15T14:17:12Z" 1776259011541736250
sensors,bucket=Set2,host=caf5642a2de4,topic=/Set2 C3=3931,C4=3902,W1=266,R1n=4095,ts="2026-04-15T14:17:27Z" 1776259026339641162
sensors,bucket=Set2,host=caf5642a2de4,topic=/Set2 C3=3872,C4=3865,W1=282,R1n=4095,ts="2026-04-15T14:17:41Z" 1776259041139917262
sensors,bucket=Set2,host=caf5642a2de4,topic=/Set2 C3=3930,C4=3928,W1=283,R1n=4095,ts="2026-04-15T14:17:56Z" 1776259055954507405
sensors,bucket=Set2,host=caf5642a2de4,topic=/Set2 C3=3871,C4=3880,W1=301,R1n=4095,ts="2026-04-15T14:18:11Z" 1776259070735643413
sensors,bucket=Set2,host=caf5642a2de4,topic=/Set2 C3=3930,C4=3897,W1=266,R1n=4095,ts="2026-04-15T14:18:26Z" 1776259085536151445
sensors,bucket=Set2,host=caf5642a2de4,topic=/Set2 C3=3880,C4=3884,W1=311,R1n=4095,ts="2026-04-15T14:18:41Z" 1776259100336038992
sensors,bucket=Set2,host=caf5642a2de4,topic=/Set2 C3=3943,C4=3880,W1=255,R1n=4095,ts="2026-04-15T14:18:55Z" 1776259115130971878
sensors,bucket=Set2,host=caf5642a2de4,topic=/Set2 C3=3882,C4=3916,W1=314,R1n=4095,ts="2026-04-15T14:19:10Z" 1776259129933302623
sensors,bucket=Set2,host=caf5642a2de4,topic=/Set2 C3=3900,C4=3866,W1=253,R1n=4095,ts="2026-04-15T14:19:25Z" 1776259144731228631
sensors,bucket=Set2,host=caf5642a2de4,topic=/Set2 C3=3947,C4=3928,W1=283,R1n=4095,ts="2026-04-15T14:19:40Z" 1776259159530439385
sensors,bucket=Set2,host=caf5642a2de4,topic=/Set2 C3=3871,C4=3867,W1=296,R1n=4095,ts="2026-04-15T14:19:55Z" 1776259174334660258
sensors,bucket=Set2,host=caf5642a2de4,topic=/Set2 C3=3948,C4=3903,W1=264,R1n=4095,ts="2026-04-15T14:20:09Z" 1776259189298534527
sensors,bucket=Set2,host=caf5642a2de4,topic=/Set2 C3=3881,C4=3880,W1=297,R1n=4095,ts="2026-04-15T14:20:24Z" 1776259203926100015
sensors,bucket=Set2,host=caf5642a2de4,topic=/Set2 C3=3928,C4=3880,W1=252,R1n=4095,ts="2026-04-15T14:20:39Z" 1776259218725757712
sensors,bucket=Set2,host=caf5642a2de4,topic=/Set2 C3=3942,C4=3930,W1=294,R1n=4095,ts="2026-04-15T14:20:54Z" 1776259233524585729
sensors,bucket=Set2,host=caf5642a2de4,topic=/Set2 C3=3871,C4=3871,W1=283,R1n=4095,ts="2026-04-15T14:21:09Z" 1776259248327505427
sensors,bucket=Set2,host=caf5642a2de4,topic=/Set2 C3=3930,C4=3896,W1=253,R1n=4095,ts="2026-04-15T14:21:23Z" 1776259263124405355
sensors,bucket=Set2,host=caf5642a2de4,topic=/Set2 C3=3901,C4=3929,W1=300,R1n=4095,ts="2026-04-15T14:21:38Z" 1776259277924886220
sensors,bucket=Set2,host=caf5642a2de4,topic=/Set2 C3=3884,C4=3865,W1=262,R1n=4095,ts="2026-04-15T14:21:53Z" 1776259292726582286
sensors,bucket=Set2,host=caf5642a2de4,topic=/Set2 C3=3945,C4=3911,W1=282,R1n=4095,ts="2026-04-15T14:22:08Z" 1776259307522506930
sensors,bucket=Set2,host=caf5642a2de4,topic=/Set2 C3=3872,C4=3885,W1=295,R1n=4095,ts="2026-04-15T14:22:23Z" 1776259322328832041
sensors,bucket=Set2,host=caf5642a2de4,topic=/Set2 C3=3918,C4=3867,W1=253,R1n=4095,ts="2026-04-15T14:22:37Z" 1776259337123426638
sensors,bucket=Set2,host=caf5642a2de4,topic=/Set2 C3=3935,C4=3917,W1=287,R1n=4095,ts="2026-04-15T14:22:52Z" 1776259351920065139
sensors,bucket=Set2,host=caf5642a2de4,topic=/Set2 C3=3872,C4=3866,W1=300,R1n=4095,ts="2026-04-15T14:23:07Z" 1776259366720591514
sensors,bucket=Set2,host=caf5642a2de4,topic=/Set2 C3=3934,C4=3898,W1=262,R1n=4095,ts="2026-04-15T14:23:22Z" 1776259381520577359
sensors,bucket=Set2,host=caf5642a2de4,topic=/Set2 C3=3880,C4=3919,W1=314,R1n=4095,ts="2026-04-15T14:23:37Z" 1776259396322362604
sensors,bucket=Set2,host=caf5642a2de4,topic=/Set2 C3=3884,C4=3866,W1=254,R1n=4095,ts="2026-04-15T14:23:51Z" 1776259411120572380
sensors,bucket=Set2,host=caf5642a2de4,topic=/Set2 C3=3928,C4=3918,W1=267,R1n=4095,ts="2026-04-15T14:24:06Z" 1776259426053266847
sensors,bucket=Set2,host=caf5642a2de4,topic=/Set2 C3=3871,C4=3887,W1=298,R1n=4095,ts="2026-04-15T14:24:21Z" 1776259440721091663
sensors,bucket=Set2,host=caf5642a2de4,topic=/Set2 C3=3943,C4=3868,W1=254,R1n=4095,ts="2026-04-15T14:24:36Z" 1776259455565757795
sensors,bucket=Set2,host=caf5642a2de4,topic=/Set2 C3=3944,C4=3933,W1=271,R1n=4095,ts="2026-04-15T14:24:51Z" 1776259470324300913
sensors,bucket=Set2,host=caf5642a2de4,topic=/Set2 C3=3912,C4=3897,W1=253,R1n=4095,ts="2026-04-15T14:26:12Z" 1776259551346561113
sensors,bucket=Set2,host=caf5642a2de4,topic=/Set2 C3=3964,C4=3917,W1=272,R1n=4095,ts="2026-04-15T14:26:26Z" 1776259566139324963
sensors,bucket=Set2,host=caf5642a2de4,topic=/Set2 C3=3945,C4=3931,W1=281,R1n=4095,ts="2026-04-15T14:26:41Z" 1776259580940815410
sensors,bucket=Set2,host=caf5642a2de4,topic=/Set2 C3=3930,C4=3888,W1=254,R1n=4095,ts="2026-04-15T14:26:56Z" 1776259595738026330
sensors,bucket=Set2,host=caf5642a2de4,topic=/Set2 C3=3880,C4=3929,W1=299,R1n=4095,ts="2026-04-15T14:27:11Z" 1776259610540543668
sensors,bucket=Set2,host=caf5642a2de4,topic=/Set2 C3=3896,C4=3866,W1=253,R1n=4095,ts="2026-04-15T14:27:26Z" 1776259625338106903
sensors,bucket=Set2,host=caf5642a2de4,topic=/Set2 C3=3913,C4=3910,W1=265,R1n=4095,ts="2026-04-15T14:27:40Z" 1776259640185709129
sensors,bucket=Set2,host=caf5642a2de4,topic=/Set2 C3=3934,C4=3930,W1=296,R1n=4095,ts="2026-04-15T14:27:55Z" 1776259654938356988
sensors,bucket=Set2,host=caf5642a2de4,topic=/Set2 C3=3881,C4=3915,W1=299,R1n=4095,ts="2026-04-15T14:28:10Z" 1776259669785371654
sensors,bucket=Set2,host=caf5642a2de4,topic=/Set2 C3=3880,C4=3865,W1=255,R1n=4095,ts="2026-04-15T14:28:25Z" 1776259684537412171
sensors,bucket=Set2,host=caf5642a2de4,topic=/Set2 C3=3932,C4=3897,W1=254,R1n=4095,ts="2026-04-15T14:28:40Z" 1776259699338678344
sensors,bucket=Set2,host=caf5642a2de4,topic=/Set2 C3=3943,C4=3933,W1=266,R1n=4095,ts="2026-04-15T14:28:54Z" 1776259714134372153
sensors,bucket=Set2,host=caf5642a2de4,topic=/Set2 C3=3884,C4=3932,W1=315,R1n=4095,ts="2026-04-15T14:29:09Z" 1776259728937106066
sensors,bucket=Set2,host=caf5642a2de4,topic=/Set2 C3=3869,C4=3867,W1=313,R1n=4095,ts="2026-04-15T14:29:24Z" 1776259743735222270
sensors,bucket=Set2,host=caf5642a2de4,topic=/Set2 C3=3887,C4=3865,W1=254,R1n=4095,ts="2026-04-15T14:29:39Z" 1776259758537717364
sensors,bucket=Set2,host=caf5642a2de4,topic=/Set2 C3=3897,C4=3865,W1=253,R1n=4095,ts="2026-04-15T14:29:54Z" 1776259773340541467
sensors,bucket=Set2,host=caf5642a2de4,topic=/Set2 C3=3880,C4=3864,W1=254,R1n=4095,ts="2026-04-15T14:30:08Z" 1776259788135394924
sensors,bucket=Set2,host=caf5642a2de4,topic=/Set2 C3=3869,C4=3865,W1=286,R1n=4095,ts="2026-04-15T14:30:23Z" 1776259802934441848
sensors,bucket=Set2,host=caf5642a2de4,topic=/Set2 C3=3869,C4=3901,W1=314,R1n=4095,ts="2026-04-15T14:30:38Z" 1776259817735999452
sensors,bucket=Set2,host=caf5642a2de4,topic=/Set2 C3=3944,C4=3928,W1=288,R1n=4095,ts="2026-04-15T14:30:53Z" 1776259832532668856
sensors,bucket=Set2,host=caf5642a2de4,topic=/Set2 C3=3928,C4=3897,W1=264,R1n=4095,ts="2026-04-15T14:31:08Z" 1776259847335128569
sensors,bucket=Set2,host=caf5642a2de4,topic=/Set2 C3=3884,C4=3865,W1=253,R1n=4095,ts="2026-04-15T14:31:22Z" 1776259862131385725
sensors,bucket=Set2,host=caf5642a2de4,topic=/Set2 C3=3881,C4=3887,W1=302,R1n=4095,ts="2026-04-15T14:31:37Z" 1776259876932577148
sensors,bucket=Set2,host=caf5642a2de4,topic=/Set2 C3=3943,C4=3929,W1=297,R1n=4095,ts="2026-04-15T14:31:52Z" 1776259891732183619
sensors,bucket=Set2,host=caf5642a2de4,topic=/Set2 C3=3915,C4=3886,W1=253,R1n=4095,ts="2026-04-15T14:32:07Z" 1776259906534468526
sensors,bucket=Set2,host=caf5642a2de4,topic=/Set2 C3=3903,C4=3885,W1=360,R1n=4095,ts="2026-04-15T14:35:09Z" 1776260088883371553
sensors,bucket=Set2,host=caf5642a2de4,topic=/Set2 C3=3896,C4=3863,W1=360,R1n=4095,ts="2026-04-15T14:35:24Z" 1776260103679345769
sensors,bucket=Set2,host=caf5642a2de4,topic=/Set2 C3=3900,C4=3863,W1=350,R1n=4095,ts="2026-04-15T14:35:39Z" 1776260118479895176
sensors,bucket=Set2,host=caf5642a2de4,topic=/Set2 C3=3883,C4=3913,W1=396,R1n=4095,ts="2026-04-15T14:35:54Z" 1776260133280824786
sensors,bucket=Set2,host=caf5642a2de4,topic=/Set2 C3=3898,C4=3855,W1=350,R1n=4095,ts="2026-04-15T14:36:08Z" 1776260148081804156
sensors,bucket=Set2,host=caf5642a2de4,topic=/Set2 C3=3915,C4=3866,W1=350,R1n=4095,ts="2026-04-15T14:36:23Z" 1776260162880056357
sensors,bucket=Set2,host=caf5642a2de4,topic=/Set2 C3=3949,C4=3887,W1=359,R1n=4095,ts="2026-04-15T14:36:38Z" 1776260177683353554
sensors,bucket=Set2,host=caf5642a2de4,topic=/Set2 C3=3935,C4=3919,W1=362,R1n=4095,ts="2026-04-15T14:36:53Z" 1776260192478749318
sensors,bucket=Set2,host=caf5642a2de4,topic=/Set2 C3=3944,C4=3884,W1=361,R1n=4095,ts="2026-04-15T14:37:08Z" 1776260207280648286
sensors,bucket=Set2,host=caf5642a2de4,topic=/Set2 C3=3934,C4=3871,W1=348,R1n=4095,ts="2026-04-15T14:37:22Z" 1776260222079493790
sensors,bucket=Set2,host=caf5642a2de4,topic=/Set2 C3=3899,C4=3863,W1=347,R1n=4095,ts="2026-04-15T14:37:37Z" 1776260236879121420
sensors,bucket=Set2,host=caf5642a2de4,topic=/Set2 C3=3881,C4=3864,W1=379,R1n=4095,ts="2026-04-15T14:37:52Z" 1776260251684762796
sensors,bucket=Set2,host=caf5642a2de4,topic=/Set2 C3=3917,C4=3928,W1=396,R1n=4095,ts="2026-04-15T14:38:07Z" 1776260266477023189
sensors,bucket=Set2,host=caf5642a2de4,topic=/Set2 C3=3949,C4=3897,W1=348,R1n=4095,ts="2026-04-15T14:38:22Z" 1776260281277914039
sensors,bucket=Set2,host=caf5642a2de4,topic=/Set2 C3=3883,C4=3863,W1=382,R1n=4095,ts="2026-04-15T14:38:36Z" 1776260296082008696
sensors,bucket=Set2,host=caf5642a2de4,topic=/Set2 C3=3947,C4=3919,W1=367,R1n=4095,ts="2026-04-15T14:38:51Z" 1776260310881962005
sensors,bucket=Set2,host=caf5642a2de4,topic=/Set2 C3=3899,C4=3853,W1=348,R1n=4095,ts="2026-04-15T14:39:06Z" 1776260325678156748
sensors,bucket=Set2,host=caf5642a2de4,topic=/Set2 C3=3950,C4=3913,W1=363,R1n=4095,ts="2026-04-15T14:39:21Z" 1776260340478899659
sensors,bucket=Set2,host=caf5642a2de4,topic=/Set2 C3=3882,C4=3881,W1=392,R1n=4095,ts="2026-04-15T14:39:36Z" 1776260355277401585
sensors,bucket=Set2,host=caf5642a2de4,topic=/Set2 C3=3931,C4=3868,W1=347,R1n=4095,ts="2026-04-15T14:39:50Z" 1776260370079003806
sensors,bucket=Set2,host=caf5642a2de4,topic=/Set2 C3=3935,C4=3917,W1=349,R1n=4095,ts="2026-04-15T14:40:05Z" 1776260384881396261
sensors,bucket=Set2,host=caf5642a2de4,topic=/Set2 C3=3932,C4=3931,W1=382,R1n=4095,ts="2026-04-15T14:40:20Z" 1776260399676520164
sensors,bucket=Set2,host=caf5642a2de4,topic=/Set2 C3=3883,C4=3883,W1=398,R1n=4095,ts="2026-04-15T14:40:35Z" 1776260414476983461
sensors,bucket=Set2,host=caf5642a2de4,topic=/Set2 C3=3884,C4=3855,W1=376,R1n=4095,ts="2026-04-15T14:40:50Z" 1776260429277152600
sensors,bucket=Set2,host=caf5642a2de4,topic=/Set2 C3=3884,C4=3853,W1=351,R1n=4095,ts="2026-04-15T14:41:04Z" 1776260444075904809
sensors,bucket=Set2,host=caf5642a2de4,topic=/Set2 C3=3931,C4=3867,W1=346,R1n=4095,ts="2026-04-15T14:41:19Z" 1776260458876042997
sensors,bucket=Set2,host=caf5642a2de4,topic=/Set2 C3=3948,C4=3897,W1=360,R1n=4095,ts="2026-04-15T14:41:34Z" 1776260473694252555
sensors,bucket=Set2,host=caf5642a2de4,topic=/Set2 C3=3943,C4=3918,W1=364,R1n=4095,ts="2026-04-15T14:41:49Z" 1776260488474807499
sensors,bucket=Set2,host=caf5642a2de4,topic=/Set2 C3=3929,C4=3944,W1=394,R1n=4095,ts="2026-04-15T14:42:04Z" 1776260503272880870
sensors,bucket=Set2,host=caf5642a2de4,topic=/Set2 C3=3895,C4=3932,W1=375,R1n=4095,ts="2026-04-15T14:42:18Z" 1776260518074892398
sensors,bucket=Set2,host=caf5642a2de4,topic=/Set2 C3=3931,C4=3929,W1=383,R1n=4095,ts="2026-04-15T14:42:33Z" 1776260532880570029
sensors,bucket=Set2,host=caf5642a2de4,topic=/Set2 C3=3931,C4=3918,W1=384,R1n=4095,ts="2026-04-15T14:42:48Z" 1776260547673595519
sensors,bucket=Set2,host=caf5642a2de4,topic=/Set2 C3=3942,C4=3944,W1=380,R1n=4095,ts="2026-04-15T14:43:03Z" 1776260562474314150
sensors,bucket=Set2,host=caf5642a2de4,topic=/Set2 C3=3960,C4=3903,W1=362,R1n=4095,ts="2026-04-15T14:43:18Z" 1776260577273296505
sensors,bucket=Set2,host=caf5642a2de4,topic=/Set2 C3=3944,C4=3884,W1=346,R1n=4095,ts="2026-04-15T14:43:32Z" 1776260592104079772
sensors,bucket=Set2,host=caf5642a2de4,topic=/Set2 C3=3911,C4=3853,W1=345,R1n=4095,ts="2026-04-15T14:43:47Z" 1776260606910488486
sensors,bucket=Set2,host=caf5642a2de4,topic=/Set2 C3=3885,C4=3855,W1=383,R1n=4095,ts="2026-04-15T14:44:02Z" 1776260621670681714
sensors,bucket=Set2,host=caf5642a2de4,topic=/Set2 C3=3903,C4=3934,W1=382,R1n=4095,ts="2026-04-15T14:44:17Z" 1776260636502147276
sensors,bucket=Set2,host=caf5642a2de4,topic=/Set2 C3=3918,C4=3863,W1=345,R1n=4095,ts="2026-04-15T14:44:46Z" 1776260666075752424
sensors,bucket=Set2,host=caf5642a2de4,topic=/Set2 C3=3884,C4=3880,W1=391,R1n=4095,ts="2026-04-15T14:45:01Z" 1776260680895153398
sensors,bucket=Set2,host=caf5642a2de4,topic=/Set2 C3=3948,C4=3929,W1=368,R1n=4095,ts="2026-04-15T14:45:16Z" 1776260695748326106
sensors,bucket=Set2,host=caf5642a2de4,topic=/Set2 C3=3904,C4=3855,W1=346,R1n=4095,ts="2026-04-15T14:45:31Z" 1776260710484542565
sensors,bucket=Set2,host=caf5642a2de4,topic=/Set2 C3=3935,C4=3866,W1=345,R1n=4095,ts="2026-04-15T14:46:00Z" 1776260740073745216
sensors,bucket=Set2,host=caf5642a2de4,topic=/Set2 C3=3887,C4=3946,W1=396,R1n=4095,ts="2026-04-15T14:46:15Z" 1776260754870620051
sensors,bucket=Set2,host=caf5642a2de4,topic=/Set2 C3=3934,C4=3871,W1=348,R1n=4095,ts="2026-04-15T14:46:30Z" 1776260769721635149
sensors,bucket=Set2,host=caf5642a2de4,topic=/Set2 C3=3887,C4=3927,W1=394,R1n=4095,ts="2026-04-15T14:46:45Z" 1776260784516672577
sensors,bucket=Set2,host=caf5642a2de4,topic=/Set2 C3=3945,C4=3887,W1=360,R1n=4095,ts="2026-04-15T14:47:00Z" 1776260799270692490
sensors,bucket=Set2,host=caf5642a2de4,topic=/Set2 C3=3880,C4=3856,W1=397,R1n=4095,ts="2026-04-15T14:47:14Z" 1776260814068007944
sensors,bucket=Set2,host=caf5642a2de4,topic=/Set2 C3=3946,C4=3927,W1=380,R1n=4095,ts="2026-04-15T14:47:29Z" 1776260828871093819
sensors,bucket=Set2,host=caf5642a2de4,topic=/Set2 C3=3900,C4=3855,W1=364,R1n=4095,ts="2026-04-15T14:47:44Z" 1776260843856413533
sensors,bucket=Set2,host=caf5642a2de4,topic=/Set2 C3=3933,C4=3930,W1=392,R1n=4095,ts="2026-04-15T14:47:59Z" 1776260858471046730
sensors,bucket=Set2,host=caf5642a2de4,topic=/Set2 C3=3919,C4=3854,W1=349,R1n=4095,ts="2026-04-15T14:48:14Z" 1776260873267237415
sensors,bucket=Set2,host=caf5642a2de4,topic=/Set2 C3=3948,C4=3917,W1=381,R1n=4095,ts="2026-04-15T14:48:28Z" 1776260888066370711
sensors,bucket=Set2,host=caf5642a2de4,topic=/Set2 C3=3898,C4=3855,W1=363,R1n=4095,ts="2026-04-15T14:48:43Z" 1776260902868038590
sensors,bucket=Set2,host=caf5642a2de4,topic=/Set2 C3=3952,C4=3914,W1=362,R1n=4095,ts="2026-04-15T14:48:58Z" 1776260917663485132
sensors,bucket=Set2,host=caf5642a2de4,topic=/Set2 C3=3884,C4=3898,W1=392,R1n=4095,ts="2026-04-15T14:49:13Z" 1776260932467215992
sensors,bucket=Set2,host=caf5642a2de4,topic=/Set2 C3=3912,C4=3864,W1=350,R1n=4095,ts="2026-04-15T14:49:28Z" 1776260947264785557
sensors,bucket=Set2,host=caf5642a2de4,topic=/Set2 C3=3962,C4=3916,W1=383,R1n=4095,ts="2026-04-15T14:49:42Z" 1776260962065637353
sensors,bucket=Set2,host=caf5642a2de4,topic=/Set2 C3=3883,C4=3896,W1=396,R1n=4095,ts="2026-04-15T14:49:57Z" 1776260976882465783
sensors,bucket=Set2,host=caf5642a2de4,topic=/Set2 C3=3915,C4=3854,W1=348,R1n=4095,ts="2026-04-15T14:50:12Z" 1776260991666247194
sensors,bucket=Set2,host=caf5642a2de4,topic=/Set2 C3=3933,C4=3897,W1=350,R1n=4095,ts="2026-04-15T14:50:27Z" 1776261006464200232
sensors,bucket=Set2,host=caf5642a2de4,topic=/Set2 C3=3949,C4=3944,W1=391,R1n=4095,ts="2026-04-15T14:50:42Z" 1776261021265282702
sensors,bucket=Set2,host=caf5642a2de4,topic=/Set2 C3=3883,C4=3883,W1=398,R1n=4095,ts="2026-04-15T14:50:56Z" 1776261036063612324
sensors,bucket=Set2,host=caf5642a2de4,topic=/Set2 C3=3884,C4=3865,W1=377,R1n=4095,ts="2026-04-15T14:51:11Z" 1776261050865550997
sensors,bucket=Set2,host=caf5642a2de4,topic=/Set2 C3=3902,C4=3863,W1=347,R1n=4095,ts="2026-04-15T14:51:26Z" 1776261065662213456
sensors,bucket=Set2,host=caf5642a2de4,topic=/Set2 C3=3943,C4=3883,W1=349,R1n=4095,ts="2026-04-15T14:51:41Z" 1776261080466982162
sensors,bucket=Set2,host=caf5642a2de4,topic=/Set2 C3=3961,C4=3902,W1=360,R1n=4095,ts="2026-04-15T14:51:56Z" 1776261095329175238
sensors,bucket=Set2,host=caf5642a2de4,topic=/Set2 C3=3951,C4=3929,W1=358,R1n=4095,ts="2026-04-15T14:52:10Z" 1776261110066457142
sensors,bucket=Set2,host=caf5642a2de4,topic=/Set2 C3=3963,C4=3930,W1=377,R1n=4095,ts="2026-04-15T14:52:25Z" 1776261124864686295
sensors,bucket=Set2,host=caf5642a2de4,topic=/Set2 C3=3945,C4=3913,W1=393,R1n=4095,ts="2026-04-15T14:52:40Z" 1776261139661938883
sensors,bucket=Set2,host=caf5642a2de4,topic=/Set2 C3=3884,C4=3914,W1=408,R1n=4095,ts="2026-04-15T14:52:55Z" 1776261154461777929
sensors,bucket=Set2,host=caf5642a2de4,topic=/Set2 C3=3884,C4=3887,W1=397,R1n=4095,ts="2026-04-15T14:53:10Z" 1776261169261918608
sensors,bucket=Set2,host=caf5642a2de4,topic=/Set2 C3=3886,C4=3884,W1=411,R1n=4095,ts="2026-04-15T14:53:24Z" 1776261184060530142
sensors,bucket=Set2,host=caf5642a2de4,topic=/Set2 C3=3883,C4=3880,W1=394,R1n=4095,ts="2026-04-15T14:53:39Z" 1776261198867705487
sensors,bucket=Set2,host=caf5642a2de4,topic=/Set2 C3=3882,C4=3927,W1=407,R1n=4095,ts="2026-04-15T14:53:54Z" 1776261213664665738
sensors,bucket=Set2,host=caf5642a2de4,topic=/Set2 C3=3886,C4=3927,W1=394,R1n=4095,ts="2026-04-15T14:54:09Z" 1776261228461062776
sensors,bucket=Set2,host=caf5642a2de4,topic=/Set2 C3=3933,C4=3926,W1=383,R1n=4095,ts="2026-04-15T14:54:24Z" 1776261243260173777
sensors,bucket=Set2,host=caf5642a2de4,topic=/Set2 C3=3949,C4=3918,W1=361,R1n=4095,ts="2026-04-15T14:54:38Z" 1776261258062255268
sensors,bucket=Set2,host=caf5642a2de4,topic=/Set2 C3=3947,C4=3882,W1=347,R1n=4095,ts="2026-04-15T14:54:53Z" 1776261272861959199
sensors,bucket=Set2,host=caf5642a2de4,topic=/Set2 C3=3896,C4=3855,W1=366,R1n=4095,ts="2026-04-15T14:55:08Z" 1776261287667683847
sensors,bucket=Set2,host=caf5642a2de4,topic=/Set2 C3=3882,C4=3912,W1=394,R1n=4095,ts="2026-04-15T14:55:23Z" 1776261302460158043
sensors,bucket=Set2,host=caf5642a2de4,topic=/Set2 C3=3948,C4=3943,W1=365,R1n=4095,ts="2026-04-15T14:55:38Z" 1776261317261626169
sensors,bucket=Set2,host=caf5642a2de4,topic=/Set2 C3=3933,C4=3864,W1=347,R1n=4095,ts="2026-04-15T14:55:52Z" 1776261332060270786
sensors,bucket=Set2,host=caf5642a2de4,topic=/Set2 C3=3886,C4=3867,W1=399,R1n=4095,ts="2026-04-15T14:56:07Z" 1776261346863030424
sensors,bucket=Set2,host=caf5642a2de4,topic=/Set2 C3=3945,C4=3929,W1=389,R1n=4095,ts="2026-04-15T14:56:22Z" 1776261361662756679
sensors,bucket=Set2,host=caf5642a2de4,topic=/Set2 C3=3965,C4=3900,W1=348,R1n=4095,ts="2026-04-15T14:56:38Z" 1776261378005534877
sensors,bucket=Set2,host=caf5642a2de4,topic=/Set2 C3=3962,C4=3930,W1=366,R1n=4095,ts="2026-04-15T14:56:53Z" 1776261392799341499
sensors,bucket=Set2,host=caf5642a2de4,topic=/Set2 C3=3913,C4=3856,W1=348,R1n=4095,ts="2026-04-15T14:57:08Z" 1776261407674719178
sensors,bucket=Set2,host=caf5642a2de4,topic=/Set2 C3=3885,C4=3901,W1=396,R1n=4095,ts="2026-04-15T14:57:23Z" 1776261422401463757
sensors,bucket=Set2,host=caf5642a2de4,topic=/Set2 C3=3947,C4=3912,W1=379,R1n=4095,ts="2026-04-15T14:57:37Z" 1776261437200702552
sensors,bucket=Set2,host=caf5642a2de4,topic=/Set2 C3=3911,C4=3865,W1=347,R1n=4095,ts="2026-04-15T14:57:52Z" 1776261451999732004
sensors,bucket=Set2,host=caf5642a2de4,topic=/Set2 C3=3883,C4=3866,W1=397,R1n=4095,ts="2026-04-15T14:58:07Z" 1776261466801234659
sensors,bucket=Set2,host=caf5642a2de4,topic=/Set2 C3=3967,C4=3931,W1=375,R1n=4095,ts="2026-04-15T14:58:22Z" 1776261481600508145
sensors,bucket=Set2,host=caf5642a2de4,topic=/Set2 C3=3911,C4=3862,W1=348,R1n=4095,ts="2026-04-15T14:58:37Z" 1776261496400529004
sensors,bucket=Set2,host=caf5642a2de4,topic=/Set2 C3=3881,C4=3916,W1=377,R1n=4095,ts="2026-04-15T14:58:51Z" 1776261511198273448
sensors,bucket=Set2,host=caf5642a2de4,topic=/Set2 C3=3945,C4=3917,W1=349,R1n=4095,ts="2026-04-15T14:59:06Z" 1776261526004408602
sensors,bucket=Set2,host=caf5642a2de4,topic=/Set2 C3=3913,C4=3856,W1=332,R1n=4095,ts="2026-04-15T14:59:21Z" 1776261540801493053
sensors,bucket=Set2,host=caf5642a2de4,topic=/Set2 C3=3881,C4=3931,W1=381,R1n=4095,ts="2026-04-15T14:59:36Z" 1776261555601092891
sensors,bucket=Set2,host=caf5642a2de4,topic=/Set2 C3=3962,C4=3914,W1=349,R1n=4095,ts="2026-04-15T14:59:51Z" 1776261570400221550
sensors,bucket=Set2,host=caf5642a2de4,topic=/Set2 C3=3900,C4=3853,W1=332,R1n=4095,ts="2026-04-15T15:00:05Z" 1776261585195762481
sensors,bucket=Set2,host=caf5642a2de4,topic=/Set2 C3=3944,C4=3917,W1=376,R1n=4095,ts="2026-04-15T15:00:20Z" 1776261599998421645
sensors,bucket=Set2,host=caf5642a2de4,topic=/Set2 C3=3930,C4=3880,W1=332,R1n=4095,ts="2026-04-15T15:00:35Z" 1776261614796450764
sensors,bucket=Set2,host=caf5642a2de4,topic=/Set2 C3=3881,C4=3915,W1=384,R1n=4095,ts="2026-04-15T15:00:50Z" 1776261629601199992
sensors,bucket=Set2,host=caf5642a2de4,topic=/Set2 C3=3941,C4=3900,W1=334,R1n=4095,ts="2026-04-15T15:01:05Z" 1776261644396691091
sensors,bucket=Set2,host=caf5642a2de4,topic=/Set2 C3=3880,C4=3852,W1=378,R1n=4095,ts="2026-04-15T15:01:19Z" 1776261659198935551
sensors,bucket=Set2,host=caf5642a2de4,topic=/Set2 C3=3951,C4=3902,W1=347,R1n=4095,ts="2026-04-15T15:01:34Z" 1776261673995150831
sensors,bucket=Set2,host=caf5642a2de4,topic=/Set2 C3=3885,C4=3865,W1=379,R1n=4095,ts="2026-04-15T15:01:49Z" 1776261688796382725
sensors,bucket=Set2,host=caf5642a2de4,topic=/Set2 C3=3966,C4=3928,W1=348,R1n=4095,ts="2026-04-15T15:02:04Z" 1776261703597545066
sensors,bucket=Set2,host=caf5642a2de4,topic=/Set2 C3=3880,C4=3852,W1=393,R1n=4095,ts="2026-04-15T15:02:19Z" 1776261718396124686
sensors,bucket=Set2,host=caf5642a2de4,topic=/Set2 C3=3946,C4=3884,W1=334,R1n=4095,ts="2026-04-15T15:02:33Z" 1776261733261183841
sensors,bucket=Set2,host=caf5642a2de4,topic=/Set2 C3=3884,C4=3916,W1=392,R1n=4095,ts="2026-04-15T15:02:48Z" 1776261747996079025
sensors,bucket=Set2,host=caf5642a2de4,topic=/Set2 C3=3896,C4=3853,W1=333,R1n=4095,ts="2026-04-15T15:03:03Z" 1776261762794382258
sensors,bucket=Set2,host=caf5642a2de4,topic=/Set2 C3=3822,C4=3774,W1=503,R1n=4095,ts="2026-04-15T15:03:18Z" 1776261777597891333
sensors,bucket=Set2,host=caf5642a2de4,topic=/Set2 C3=3815,C4=3838,W1=847,R1n=4095,ts="2026-04-15T15:03:33Z" 1776261792394951837
sensors,bucket=Set1,host=caf5642a2de4,topic=/Set1 C1=3991,C2=3982,T1=85,R3=4095,ts="2026-04-15T15:03:46Z" 1776261806085436406
sensors,bucket=Set2,host=caf5642a2de4,topic=/Set2 C3=3837,C4=3792,W1=859,R1n=4095,ts="2026-04-15T15:03:47Z" 1776261807198635780
sensors,bucket=Set1,host=caf5642a2de4,topic=/Set1 C1=3992,C2=3991,T1=21.2,R3=4095,ts="2026-04-15T15:04:01Z" 1776261820876693338
sensors,bucket=Set2,host=caf5642a2de4,topic=/Set2 C3=3807,C4=3904,W1=938,R1n=4095,ts="2026-04-15T15:04:02Z" 1776261821995257603
sensors,bucket=Set1,host=caf5642a2de4,topic=/Set1 C1=3994,C2=3992,T1=21.3,R3=4095,ts="2026-04-15T15:04:16Z" 1776261835678696861
sensors,bucket=Set2,host=caf5642a2de4,topic=/Set2 C3=3935,C4=3936,W1=959,R1n=4095,ts="2026-04-15T15:04:17Z" 1776261836797175891
sensors,bucket=Set1,host=caf5642a2de4,topic=/Set1 C1=3994,C2=3993,T1=21.3,R3=4095,ts="2026-04-15T15:04:31Z" 1776261850476474803
sensors,bucket=Set2,host=caf5642a2de4,topic=/Set2 C3=3852,C4=3790,W1=828,R1n=4095,ts="2026-04-15T15:04:32Z" 1776261851595556761
sensors,bucket=Set1,host=caf5642a2de4,topic=/Set1 C1=3994,C2=3993,T1=21.3,R3=4095,ts="2026-04-15T15:04:46Z" 1776261865285310434
sensors,bucket=Set2,host=caf5642a2de4,topic=/Set2 C3=3835,C4=3798,W1=777,R1n=4095,ts="2026-04-15T15:04:47Z" 1776261866397660825
sensors,bucket=Set1,host=caf5642a2de4,topic=/Set1 C1=3995,C2=3992,T1=21.2,R3=4095,ts="2026-04-15T15:05:00Z" 1776261880078493486
sensors,bucket=Set2,host=caf5642a2de4,topic=/Set2 C3=3896,C4=3804,W1=779,R1n=4095,ts="2026-04-15T15:05:01Z" 1776261881204800038
sensors,bucket=Set1,host=caf5642a2de4,topic=/Set1 C1=3994,C2=3994,T1=21.2,R3=4095,ts="2026-04-15T15:05:15Z" 1776261894881501442
sensors,bucket=Set2,host=caf5642a2de4,topic=/Set2 C3=3945,C4=3902,W1=827,R1n=4095,ts="2026-04-15T15:05:16Z" 1776261896002445089
sensors,bucket=Set1,host=caf5642a2de4,topic=/Set1 C1=3995,C2=3994,T1=21.2,R3=4095,ts="2026-04-15T15:05:30Z" 1776261909676121252
sensors,bucket=Set2,host=caf5642a2de4,topic=/Set2 C3=3833,C4=3788,W1=856,R1n=4095,ts="2026-04-15T15:05:31Z" 1776261910792530927
sensors,bucket=Set1,host=caf5642a2de4,topic=/Set1 C1=3996,C2=3995,T1=21.2,R3=4095,ts="2026-04-15T15:05:45Z" 1776261924495758323
sensors,bucket=Set2,host=caf5642a2de4,topic=/Set2 C3=3837,C4=3899,W1=877,R1n=4095,ts="2026-04-15T15:05:46Z" 1776261925594787438
sensors,bucket=Set1,host=caf5642a2de4,topic=/Set1 C1=3996,C2=3995,T1=21.2,R3=4095,ts="2026-04-15T15:06:00Z" 1776261939415544165
sensors,bucket=Set2,host=caf5642a2de4,topic=/Set2 C3=3832,C4=3806,W1=856,R1n=4095,ts="2026-04-15T15:06:01Z" 1776261940398580847
sensors,bucket=Set1,host=caf5642a2de4,topic=/Set1 C1=3997,C2=3997,T1=21.2,R3=4095,ts="2026-04-15T15:06:19Z" 1776261958594194090
sensors,bucket=Set1,host=caf5642a2de4,topic=/Set1 C1=3997,C2=3995,T1=21.2,R3=4095,ts="2026-04-15T15:06:34Z" 1776261973392234942
sensors,bucket=Set2,host=caf5642a2de4,topic=/Set2 C3=3832,C4=3880,W1=843,R1n=4095,ts="2026-04-15T15:06:47Z" 1776261986668371921
sensors,bucket=Set1,host=caf5642a2de4,topic=/Set1 C1=3997,C2=3995,T1=21.2,R3=4095,ts="2026-04-15T15:06:48Z" 1776261988191489871
sensors,bucket=Set2,host=caf5642a2de4,topic=/Set2 C3=3837,C4=3805,W1=765,R1n=4095,ts="2026-04-15T15:07:02Z" 1776262001465344113
sensors,bucket=Set1,host=caf5642a2de4,topic=/Set1 C1=3997,C2=3995,T1=21.2,R3=4095,ts="2026-04-15T15:07:03Z" 1776262002989198975
sensors,bucket=Set2,host=caf5642a2de4,topic=/Set2 C3=3887,C4=3807,W1=761,R1n=4095,ts="2026-04-15T15:07:17Z" 1776262016267904621
sensors,bucket=Set1,host=caf5642a2de4,topic=/Set1 C1=3997,C2=3997,T1=21.2,R3=4095,ts="2026-04-15T15:07:18Z" 1776262017794738218
sensors,bucket=Set2,host=caf5642a2de4,topic=/Set2 C3=3887,C4=3834,W1=750,R1n=4095,ts="2026-04-15T15:07:31Z" 1776262031069324717
sensors,bucket=Set1,host=caf5642a2de4,topic=/Set1 C1=3997,C2=3996,T1=21.2,R3=4095,ts="2026-04-15T15:07:33Z" 1776262032592325441
sensors,bucket=Set2,host=caf5642a2de4,topic=/Set2 C3=3902,C4=3832,W1=750,R1n=4095,ts="2026-04-15T15:07:46Z" 1776262045900685732
sensors,bucket=Set1,host=caf5642a2de4,topic=/Set1 C1=3997,C2=3997,T1=21.2,R3=4095,ts="2026-04-15T15:07:48Z" 1776262047391817526
sensors,bucket=Set2,host=caf5642a2de4,topic=/Set2 C3=3950,C4=3898,W1=784,R1n=4095,ts="2026-04-15T15:08:01Z" 1776262060668213417
sensors,bucket=Set1,host=caf5642a2de4,topic=/Set1 C1=3995,C2=3998,T1=21.2,R3=4095,ts="2026-04-15T15:08:06Z" 1776262066194380783
sensors,bucket=Set2,host=caf5642a2de4,topic=/Set2 C3=3822,C4=3912,W1=843,R1n=4095,ts="2026-04-15T15:08:16Z" 1776262075511000558
sensors,bucket=Set1,host=caf5642a2de4,topic=/Set1 C1=3998,C2=3998,T1=21.2,R3=4095,ts="2026-04-15T15:08:21Z" 1776262080994373551
sensors,bucket=Set2,host=caf5642a2de4,topic=/Set2 C3=3864,C4=3822,W1=761,R1n=4095,ts="2026-04-15T15:08:31Z" 1776262090266866875
sensors,bucket=Set1,host=caf5642a2de4,topic=/Set1 C1=4006,C2=3998,T1=21.2,R3=4095,ts="2026-04-15T15:08:36Z" 1776262095793796972
sensors,bucket=Set2,host=caf5642a2de4,topic=/Set2 C3=3947,C4=3913,W1=809,R1n=4095,ts="2026-04-15T15:08:45Z" 1776262105067657142
sensors,bucket=Set1,host=caf5642a2de4,topic=/Set1 C1=3998,C2=3997,T1=21.2,R3=4095,ts="2026-04-15T15:08:51Z" 1776262110593306390
sensors,bucket=Set2,host=caf5642a2de4,topic=/Set2 C3=3839,C4=3883,W1=831,R1n=4095,ts="2026-04-15T15:09:00Z" 1776262119865188274
sensors,bucket=Set1,host=caf5642a2de4,topic=/Set1 C1=3997,C2=3998,T1=21.2,R3=4095,ts="2026-04-15T15:09:06Z" 1776262125392653911
sensors,bucket=Set2,host=caf5642a2de4,topic=/Set2 C3=3864,C4=3819,W1=751,R1n=4095,ts="2026-04-15T15:09:15Z" 1776262134665874668
sensors,bucket=Set1,host=caf5642a2de4,topic=/Set1 C1=3997,C2=3995,T1=21.2,R3=4095,ts="2026-04-15T15:09:20Z" 1776262140192741779
sensors,bucket=Set2,host=caf5642a2de4,topic=/Set2 C3=3918,C4=3855,W1=748,R1n=4095,ts="2026-04-15T15:09:30Z" 1776262149478952681
sensors,bucket=Set1,host=caf5642a2de4,topic=/Set1 C1=3997,C2=3997,T1=21.2,R3=4095,ts="2026-04-15T15:09:35Z" 1776262154991009271
sensors,bucket=Set2,host=caf5642a2de4,topic=/Set2 C3=3945,C4=3886,W1=766,R1n=4095,ts="2026-04-15T15:09:45Z" 1776262164268994329
sensors,bucket=Set1,host=caf5642a2de4,topic=/Set1 C1=3998,C2=3997,T1=21.2,R3=4095,ts="2026-04-15T15:09:50Z" 1776262169791678350
sensors,bucket=Set2,host=caf5642a2de4,topic=/Set2 C3=3945,C4=3853,W1=762,R1n=4095,ts="2026-04-15T15:09:59Z" 1776262179064613964
sensors,bucket=Set1,host=caf5642a2de4,topic=/Set1 C1=3998,C2=3998,T1=21.2,R3=4095,ts="2026-04-15T15:10:05Z" 1776262184590711088
sensors,bucket=Set2,host=caf5642a2de4,topic=/Set2 C3=3900,C4=3816,W1=743,R1n=4095,ts="2026-04-15T15:10:14Z" 1776262193865893828
sensors,bucket=Set1,host=caf5642a2de4,topic=/Set1 C1=3998,C2=3998,T1=21.2,R3=4095,ts="2026-04-15T15:10:20Z" 1776262199407429374
sensors,bucket=Set2,host=caf5642a2de4,topic=/Set2 C3=3833,C4=3801,W1=793,R1n=4095,ts="2026-04-15T15:10:29Z" 1776262208664583682
sensors,bucket=Set1,host=caf5642a2de4,topic=/Set1 C1=3999,C2=3998,T1=21.1,R3=4095,ts="2026-04-15T15:10:34Z" 1776262214192457196
sensors,bucket=Set2,host=caf5642a2de4,topic=/Set2 C3=3850,C4=3895,W1=796,R1n=4095,ts="2026-04-15T15:10:44Z" 1776262223466380939
sensors,bucket=Set1,host=caf5642a2de4,topic=/Set1 C1=4007,C2=3997,T1=21.2,R3=4095,ts="2026-04-15T15:10:49Z" 1776262228996099220
sensors,bucket=Set2,host=caf5642a2de4,topic=/Set2 C3=3918,C4=3883,W1=750,R1n=4095,ts="2026-04-15T15:10:59Z" 1776262238265928801
sensors,bucket=Set1,host=caf5642a2de4,topic=/Set1 C1=3998,C2=3996,T1=21.1,R3=4095,ts="2026-04-15T15:11:04Z" 1776262243791003254
sensors,bucket=Set2,host=caf5642a2de4,topic=/Set2 C3=3836,C4=3911,W1=775,R1n=4095,ts="2026-04-15T15:11:13Z" 1776262253065865200
sensors,bucket=Set1,host=caf5642a2de4,topic=/Set1 C1=3998,C2=3997,T1=21.2,R3=4095,ts="2026-04-15T15:11:19Z" 1776262258602978274
sensors,bucket=Set2,host=caf5642a2de4,topic=/Set2 C3=3871,C4=3822,W1=715,R1n=4095,ts="2026-04-15T15:11:28Z" 1776262267863050332
sensors,bucket=Set1,host=caf5642a2de4,topic=/Set1 C1=3999,C2=3997,T1=21.2,R3=4095,ts="2026-04-15T15:11:34Z" 1776262273389727765
sensors,bucket=Set2,host=caf5642a2de4,topic=/Set2 C3=3928,C4=3885,W1=716,R1n=4095,ts="2026-04-15T15:11:43Z" 1776262282663741419
sensors,bucket=Set1,host=caf5642a2de4,topic=/Set1 C1=3999,C2=3997,T1=21.1,R3=4095,ts="2026-04-15T15:11:48Z" 1776262288194412528
sensors,bucket=Set2,host=caf5642a2de4,topic=/Set2 C3=3835,C4=3871,W1=778,R1n=4095,ts="2026-04-15T15:11:58Z" 1776262297463939471
sensors,bucket=Set1,host=caf5642a2de4,topic=/Set1 C1=3998,C2=3997,T1=21.1,R3=4095,ts="2026-04-15T15:12:03Z" 1776262302990412549
sensors,bucket=Set2,host=caf5642a2de4,topic=/Set2 C3=3913,C4=3820,W1=712,R1n=4095,ts="2026-04-15T15:12:13Z" 1776262312264903259
sensors,bucket=Set1,host=caf5642a2de4,topic=/Set1 C1=3998,C2=3998,T1=21.2,R3=4095,ts="2026-04-15T15:12:18Z" 1776262317792312815
sensors,bucket=Set2,host=caf5642a2de4,topic=/Set2 C3=3884,C4=3916,W1=778,R1n=4095,ts="2026-04-15T15:12:27Z" 1776262327065983638
sensors,bucket=Set1,host=caf5642a2de4,topic=/Set1 C1=3999,C2=3998,T1=21.2,R3=4095,ts="2026-04-15T15:12:33Z" 1776262332588969167
sensors,bucket=Set2,host=caf5642a2de4,topic=/Set2 C3=3927,C4=3870,W1=729,R1n=4095,ts="2026-04-15T15:12:42Z" 1776262341864821193
sensors,bucket=Set1,host=caf5642a2de4,topic=/Set1 C1=3999,C2=3998,T1=21.1,R3=4095,ts="2026-04-15T15:12:48Z" 1776262347392627170
sensors,bucket=Set2,host=caf5642a2de4,topic=/Set2 C3=3867,C4=3802,W1=719,R1n=4095,ts="2026-04-15T15:12:57Z" 1776262356663533985
sensors,bucket=Set1,host=caf5642a2de4,topic=/Set1 C1=3999,C2=3999,T1=21.1,R3=4095,ts="2026-04-15T15:13:02Z" 1776262362352172626
sensors,bucket=Set2,host=caf5642a2de4,topic=/Set2 C3=3836,C4=3816,W1=792,R1n=4095,ts="2026-04-15T15:13:12Z" 1776262371463428217
sensors,bucket=Set1,host=caf5642a2de4,topic=/Set1 C1=3998,C2=3997,T1=21.2,R3=4095,ts="2026-04-15T15:13:17Z" 1776262376990770069
sensors,bucket=Set2,host=caf5642a2de4,topic=/Set2 C3=3916,C4=3897,W1=776,R1n=4095,ts="2026-04-15T15:13:27Z" 1776262386262864512
sensors,bucket=Set1,host=caf5642a2de4,topic=/Set1 C1=4000,C2=3997,T1=21.1,R3=4095,ts="2026-04-15T15:13:32Z" 1776262391787179050
sensors,bucket=Set2,host=caf5642a2de4,topic=/Set2 C3=3915,C4=3821,W1=714,R1n=4095,ts="2026-04-15T15:13:41Z" 1776262401062852186
sensors,bucket=Set1,host=caf5642a2de4,topic=/Set1 C1=3999,C2=3998,T1=21.2,R3=4095,ts="2026-04-15T15:13:47Z" 1776262406588942065
sensors,bucket=Set2,host=caf5642a2de4,topic=/Set2 C3=3896,C4=3916,W1=759,R1n=4095,ts="2026-04-15T15:13:56Z" 1776262415861519420
sensors,bucket=Set1,host=caf5642a2de4,topic=/Set1 C1=3999,C2=3998,T1=21.2,R3=4095,ts="2026-04-15T15:14:02Z" 1776262421472558504
sensors,bucket=Set2,host=caf5642a2de4,topic=/Set2 C3=3854,C4=3808,W1=743,R1n=4095,ts="2026-04-15T15:14:11Z" 1776262430666336026
sensors,bucket=Set1,host=caf5642a2de4,topic=/Set1 C1=3997,C2=3998,T1=21.2,R3=4095,ts="2026-04-15T15:14:16Z" 1776262436193146719
sensors,bucket=Set2,host=caf5642a2de4,topic=/Set2 C3=3903,C4=3824,W1=699,R1n=4095,ts="2026-04-15T15:14:26Z" 1776262445460556354
sensors,bucket=Set1,host=caf5642a2de4,topic=/Set1 C1=3998,C2=3998,T1=21.2,R3=4095,ts="2026-04-15T15:14:31Z" 1776262450991576799
sensors,bucket=Set2,host=caf5642a2de4,topic=/Set2 C3=3912,C4=3819,W1=710,R1n=4095,ts="2026-04-15T15:14:41Z" 1776262460262964156
sensors,bucket=Set1,host=caf5642a2de4,topic=/Set1 C1=3998,C2=3998,T1=21.2,R3=4095,ts="2026-04-15T15:14:46Z" 1776262465790426830
sensors,bucket=Set2,host=caf5642a2de4,topic=/Set2 C3=3929,C4=3865,W1=715,R1n=4095,ts="2026-04-15T15:14:55Z" 1776262475059958622
sensors,bucket=Set1,host=caf5642a2de4,topic=/Set1 C1=3998,C2=3996,T1=21.2,R3=4095,ts="2026-04-15T15:15:01Z" 1776262480589886401
sensors,bucket=Set2,host=caf5642a2de4,topic=/Set2 C3=3943,C4=3896,W1=747,R1n=4095,ts="2026-04-15T15:15:10Z" 1776262489860966495
sensors,bucket=Set1,host=caf5642a2de4,topic=/Set1 C1=3998,C2=3997,T1=21.1,R3=4095,ts="2026-04-15T15:15:16Z" 1776262495389846114
sensors,bucket=Set2,host=caf5642a2de4,topic=/Set2 C3=3928,C4=3915,W1=750,R1n=4095,ts="2026-04-15T15:15:25Z" 1776262504664994037
sensors,bucket=Set1,host=caf5642a2de4,topic=/Set1 C1=3998,C2=3997,T1=21.2,R3=4095,ts="2026-04-15T15:15:30Z" 1776262510189932680
sensors,bucket=Set2,host=caf5642a2de4,topic=/Set2 C3=3833,C4=3868,W1=762,R1n=4095,ts="2026-04-15T15:15:40Z" 1776262519460912268
sensors,bucket=Set1,host=caf5642a2de4,topic=/Set1 C1=3998,C2=3997,T1=21.2,R3=4095,ts="2026-04-15T15:15:45Z" 1776262524989644589
sensors,bucket=Set2,host=caf5642a2de4,topic=/Set2 C3=3838,C4=3802,W1=716,R1n=4095,ts="2026-04-15T15:15:55Z" 1776262534260331472
sensors,bucket=Set1,host=caf5642a2de4,topic=/Set1 C1=3998,C2=3998,T1=21.2,R3=4095,ts="2026-04-15T15:16:00Z" 1776262539787739152
sensors,bucket=Set2,host=caf5642a2de4,topic=/Set2 C3=3920,C4=3886,W1=717,R1n=4095,ts="2026-04-15T15:16:09Z" 1776262549061679810
sensors,bucket=Set1,host=caf5642a2de4,topic=/Set1 C1=3998,C2=3997,T1=21.2,R3=4095,ts="2026-04-15T15:16:15Z" 1776262554588041392
sensors,bucket=Set2,host=caf5642a2de4,topic=/Set2 C3=3836,C4=3897,W1=763,R1n=4095,ts="2026-04-15T15:16:24Z" 1776262563862384119
sensors,bucket=Set1,host=caf5642a2de4,topic=/Set1 C1=3998,C2=3997,T1=21.2,R3=4095,ts="2026-04-15T15:16:30Z" 1776262569387199444
sensors,bucket=Set2,host=caf5642a2de4,topic=/Set2 C3=3885,C4=3836,W1=712,R1n=4095,ts="2026-04-15T15:16:39Z" 1776262578662211859
sensors,bucket=Set1,host=caf5642a2de4,topic=/Set1 C1=3998,C2=3998,T1=21.2,R3=4095,ts="2026-04-15T15:16:44Z" 1776262584189108309
sensors,bucket=Set2,host=caf5642a2de4,topic=/Set2 C3=3900,C4=3899,W1=766,R1n=4095,ts="2026-04-15T15:16:54Z" 1776262593460606692
sensors,bucket=Set1,host=caf5642a2de4,topic=/Set1 C1=3999,C2=3997,T1=21.2,R3=4095,ts="2026-04-15T15:16:59Z" 1776262598985771283
sensors,bucket=Set2,host=caf5642a2de4,topic=/Set2 C3=3854,C4=3802,W1=716,R1n=4095,ts="2026-04-15T15:17:09Z" 1776262608260360373
sensors,bucket=Set1,host=caf5642a2de4,topic=/Set1 C1=3999,C2=3999,T1=21.2,R3=4095,ts="2026-04-15T15:17:14Z" 1776262613786609244
sensors,bucket=Set2,host=caf5642a2de4,topic=/Set2 C3=3931,C4=3885,W1=747,R1n=4095,ts="2026-04-15T15:17:23Z" 1776262623057648437
sensors,bucket=Set1,host=caf5642a2de4,topic=/Set1 C1=3999,C2=3997,T1=21.2,R3=4095,ts="2026-04-15T15:17:29Z" 1776262628608029100
sensors,bucket=Set2,host=caf5642a2de4,topic=/Set2 C3=3830,C4=3801,W1=747,R1n=4095,ts="2026-04-15T15:17:38Z" 1776262637858891363
sensors,bucket=Set1,host=caf5642a2de4,topic=/Set1 C1=4006,C2=3998,T1=21.2,R3=4095,ts="2026-04-15T15:17:44Z" 1776262643395296143
sensors,bucket=Set2,host=caf5642a2de4,topic=/Set2 C3=3913,C4=3837,W1=711,R1n=4095,ts="2026-04-15T15:17:53Z" 1776262652658548680
sensors,bucket=Set1,host=caf5642a2de4,topic=/Set1 C1=3999,C2=3998,T1=21.2,R3=4095,ts="2026-04-15T15:17:58Z" 1776262658188705980
sensors,bucket=Set2,host=caf5642a2de4,topic=/Set2 C3=3917,C4=3897,W1=759,R1n=4095,ts="2026-04-15T15:18:08Z" 1776262667461244164
sensors,bucket=Set1,host=caf5642a2de4,topic=/Set1 C1=4000,C2=3998,T1=21.2,R3=4095,ts="2026-04-15T15:18:13Z" 1776262672989904427
sensors,bucket=Set2,host=caf5642a2de4,topic=/Set2 C3=3834,C4=3883,W1=760,R1n=4095,ts="2026-04-15T15:18:23Z" 1776262682314778089
sensors,bucket=Set1,host=caf5642a2de4,topic=/Set1 C1=3998,C2=3998,T1=21.2,R3=4095,ts="2026-04-15T15:18:28Z" 1776262687786678446
sensors,bucket=Set2,host=caf5642a2de4,topic=/Set2 C3=3832,C4=3819,W1=746,R1n=4095,ts="2026-04-15T15:18:37Z" 1776262697062141535
sensors,bucket=Set1,host=caf5642a2de4,topic=/Set1 C1=3999,C2=3998,T1=21.2,R3=4095,ts="2026-04-15T15:18:43Z" 1776262702589621028
sensors,bucket=Set2,host=caf5642a2de4,topic=/Set2 C3=3832,C4=3847,W1=747,R1n=4095,ts="2026-04-15T15:18:52Z" 1776262711857662394
sensors,bucket=Set1,host=caf5642a2de4,topic=/Set1 C1=3998,C2=3997,T1=21.2,R3=4095,ts="2026-04-15T15:18:58Z" 1776262717384967616
sensors,bucket=Set2,host=caf5642a2de4,topic=/Set2 C3=3832,C4=3883,W1=744,R1n=4095,ts="2026-04-15T15:19:07Z" 1776262726661333254
sensors,bucket=Set1,host=caf5642a2de4,topic=/Set1 C1=3999,C2=3997,T1=21.2,R3=4095,ts="2026-04-15T15:19:12Z" 1776262732199321159
sensors,bucket=Set2,host=caf5642a2de4,topic=/Set2 C3=3870,C4=3886,W1=748,R1n=4095,ts="2026-04-15T15:19:22Z" 1776262741458073723
sensors,bucket=Set1,host=caf5642a2de4,topic=/Set1 C1=3999,C2=3997,T1=21.2,R3=4095,ts="2026-04-15T15:19:27Z" 1776262747025751669
sensors,bucket=Set2,host=caf5642a2de4,topic=/Set2 C3=3913,C4=3871,W1=734,R1n=4095,ts="2026-04-15T15:19:37Z" 1776262756258851910
sensors,bucket=Set1,host=caf5642a2de4,topic=/Set1 C1=3999,C2=3998,T1=21.2,R3=4095,ts="2026-04-15T15:19:42Z" 1776262761789010422
sensors,bucket=Set2,host=caf5642a2de4,topic=/Set2 C3=3902,C4=3869,W1=704,R1n=4095,ts="2026-04-15T15:19:51Z" 1776262771061911990
sensors,bucket=Set1,host=caf5642a2de4,topic=/Set1 C1=3998,C2=3997,T1=21.2,R3=4095,ts="2026-04-15T15:19:57Z" 1776262776584653261
sensors,bucket=Set2,host=caf5642a2de4,topic=/Set2 C3=3882,C4=3815,W1=698,R1n=4095,ts="2026-04-15T15:20:06Z" 1776262785859074882
sensors,bucket=Set1,host=caf5642a2de4,topic=/Set1 C1=3998,C2=3997,T1=21.2,R3=4095,ts="2026-04-15T15:20:12Z" 1776262791389334181
sensors,bucket=Set2,host=caf5642a2de4,topic=/Set2 C3=3851,C4=3804,W1=700,R1n=4095,ts="2026-04-15T15:20:21Z" 1776262800660067728
sensors,bucket=Set2,host=caf5642a2de4,topic=/Set2 C3=3832,C4=3885,W1=745,R1n=4095,ts="2026-04-15T15:20:36Z" 1776262815460106477
sensors,bucket=Set1,host=caf5642a2de4,topic=/Set1 C1=4009,C2=4007,T1=21.2,R3=4095,ts="2026-04-15T15:20:41Z" 1776262820989165362
sensors,bucket=Set2,host=caf5642a2de4,topic=/Set2 C3=3897,C4=3869,W1=713,R1n=4095,ts="2026-04-15T15:20:51Z" 1776262830260291770
sensors,bucket=Set1,host=caf5642a2de4,topic=/Set1 C1=4007,C2=3999,T1=21.2,R3=4095,ts="2026-04-15T15:20:56Z" 1776262835783857887
sensors,bucket=Set2,host=caf5642a2de4,topic=/Set2 C3=3855,C4=3822,W1=698,R1n=4095,ts="2026-04-15T15:21:05Z" 1776262845058713596
sensors,bucket=Set1,host=caf5642a2de4,topic=/Set1 C1=4008,C2=4008,T1=21.2,R3=4095,ts="2026-04-15T15:21:11Z" 1776262850587463422
sensors,bucket=Set2,host=caf5642a2de4,topic=/Set2 C3=3834,C4=3802,W1=731,R1n=4095,ts="2026-04-15T15:21:20Z" 1776262859858363106
sensors,bucket=Set1,host=caf5642a2de4,topic=/Set1 C1=4007,C2=4008,T1=21.2,R3=4095,ts="2026-04-15T15:21:26Z" 1776262865388961774
sensors,bucket=Set2,host=caf5642a2de4,topic=/Set2 C3=3820,C4=3836,W1=746,R1n=4095,ts="2026-04-15T15:21:35Z" 1776262874659736932
sensors,bucket=Set1,host=caf5642a2de4,topic=/Set1 C1=4007,C2=3998,T1=21.2,R3=4095,ts="2026-04-15T15:21:40Z" 1776262880193905072
sensors,bucket=Set2,host=caf5642a2de4,topic=/Set2 C3=3817,C4=3864,W1=759,R1n=4095,ts="2026-04-15T15:21:50Z" 1776262889460000992
sensors,bucket=Set1,host=caf5642a2de4,topic=/Set1 C1=4008,C2=4008,T1=21.2,R3=4095,ts="2026-04-15T15:21:55Z" 1776262894984073564
sensors,bucket=Set2,host=caf5642a2de4,topic=/Set2 C3=3817,C4=3821,W1=751,R1n=4095,ts="2026-04-15T15:22:05Z" 1776262904257937816
sensors,bucket=Set1,host=caf5642a2de4,topic=/Set1 C1=4008,C2=3999,T1=21.2,R3=4095,ts="2026-04-15T15:22:10Z" 1776262909788385911
sensors,bucket=Set2,host=caf5642a2de4,topic=/Set2 C3=3838,C4=3799,W1=714,R1n=4095,ts="2026-04-15T15:22:19Z" 1776262919062960546
sensors,bucket=Set1,host=caf5642a2de4,topic=/Set1 C1=4007,C2=3999,T1=21.2,R3=4095,ts="2026-04-15T15:22:25Z" 1776262924582253782
sensors,bucket=Set2,host=caf5642a2de4,topic=/Set2 C3=3887,C4=3833,W1=711,R1n=4095,ts="2026-04-15T15:22:34Z" 1776262933857797745
sensors,bucket=Set1,host=caf5642a2de4,topic=/Set1 C1=4007,C2=3999,T1=21.2,R3=4095,ts="2026-04-15T15:22:40Z" 1776262939395879754
sensors,bucket=Set2,host=caf5642a2de4,topic=/Set2 C3=3912,C4=3880,W1=748,R1n=4095,ts="2026-04-15T15:22:49Z" 1776262948659723823
sensors,bucket=Set1,host=caf5642a2de4,topic=/Set1 C1=4008,C2=3999,T1=21.2,R3=4095,ts="2026-04-15T15:22:54Z" 1776262954193314520
sensors,bucket=Set2,host=caf5642a2de4,topic=/Set2 C3=3834,C4=3790,W1=749,R1n=4095,ts="2026-04-15T15:23:04Z" 1776262963460181491
sensors,bucket=Set1,host=caf5642a2de4,topic=/Set1 C1=3999,C2=3999,T1=21.2,R3=4095,ts="2026-04-15T15:23:09Z" 1776262968991769052
sensors,bucket=Set2,host=caf5642a2de4,topic=/Set2 C3=3881,C4=3820,W1=702,R1n=4095,ts="2026-04-15T15:23:19Z" 1776262978259296891
sensors,bucket=Set2,host=caf5642a2de4,topic=/Set2 C3=3900,C4=3880,W1=745,R1n=4095,ts="2026-04-15T15:23:33Z" 1776262993058607655
sensors,bucket=Set1,host=caf5642a2de4,topic=/Set1 C1=4009,C2=4008,T1=21.2,R3=4095,ts="2026-04-15T15:23:39Z" 1776262998583386046
sensors,bucket=Set2,host=caf5642a2de4,topic=/Set2 C3=3815,C4=3800,W1=747,R1n=4095,ts="2026-04-15T15:23:48Z" 1776263007857909043
sensors,bucket=Set1,host=caf5642a2de4,topic=/Set1 C1=4007,C2=3999,T1=21.2,R3=4095,ts="2026-04-15T15:23:54Z" 1776263013382110006
sensors,bucket=Set2,host=caf5642a2de4,topic=/Set2 C3=3901,C4=3847,W1=712,R1n=4095,ts="2026-04-15T15:24:03Z" 1776263022656678366
sensors,bucket=Set1,host=caf5642a2de4,topic=/Set1 C1=3999,C2=3998,T1=21.2,R3=4095,ts="2026-04-15T15:24:08Z" 1776263028184716820
sensors,bucket=Set2,host=caf5642a2de4,topic=/Set2 C3=3820,C4=3866,W1=762,R1n=4095,ts="2026-04-15T15:24:18Z" 1776263037455462523
sensors,bucket=Set1,host=caf5642a2de4,topic=/Set1 C1=4006,C2=3999,T1=21.2,R3=4095,ts="2026-04-15T15:24:23Z" 1776263042985282448
sensors,bucket=Set2,host=caf5642a2de4,topic=/Set2 C3=3897,C4=3848,W1=716,R1n=4095,ts="2026-04-15T15:24:33Z" 1776263052255320984
sensors,bucket=Set1,host=caf5642a2de4,topic=/Set1 C1=4000,C2=3999,T1=21.2,R3=4095,ts="2026-04-15T15:24:38Z" 1776263057785506018
sensors,bucket=Set2,host=caf5642a2de4,topic=/Set2 C3=3807,C4=3850,W1=766,R1n=4095,ts="2026-04-15T15:24:47Z" 1776263067063281370
sensors,bucket=Set1,host=caf5642a2de4,topic=/Set1 C1=4007,C2=3999,T1=21.2,R3=4095,ts="2026-04-15T15:24:53Z" 1776263072580776605
sensors,bucket=Set2,host=caf5642a2de4,topic=/Set2 C3=3904,C4=3866,W1=718,R1n=4095,ts="2026-04-15T15:25:02Z" 1776263081865522982
sensors,bucket=Set1,host=caf5642a2de4,topic=/Set1 C1=4000,C2=4008,T1=21.2,R3=4095,ts="2026-04-15T15:25:08Z" 1776263087384829557
sensors,bucket=Set2,host=caf5642a2de4,topic=/Set2 C3=3816,C4=3788,W1=734,R1n=4095,ts="2026-04-15T15:25:17Z" 1776263096651828387
sensors,bucket=Set1,host=caf5642a2de4,topic=/Set1 C1=4007,C2=3998,T1=21.3,R3=4095,ts="2026-04-15T15:25:22Z" 1776263102191177153
sensors,bucket=Set2,host=caf5642a2de4,topic=/Set2 C3=3900,C4=3882,W1=746,R1n=4095,ts="2026-04-15T15:25:32Z" 1776263111450046716
sensors,bucket=Set1,host=caf5642a2de4,topic=/Set1 C1=4007,C2=4000,T1=21.2,R3=4095,ts="2026-04-15T15:25:37Z" 1776263116982134185
sensors,bucket=Set2,host=caf5642a2de4,topic=/Set2 C3=3867,C4=3786,W1=711,R1n=4095,ts="2026-04-15T15:25:47Z" 1776263126282406522
sensors,bucket=Set1,host=caf5642a2de4,topic=/Set1 C1=4008,C2=4000,T1=21.2,R3=4095,ts="2026-04-15T15:25:52Z" 1776263131778441399
sensors,bucket=Set2,host=caf5642a2de4,topic=/Set2 C3=3816,C4=3884,W1=764,R1n=4095,ts="2026-04-15T15:26:01Z" 1776263141049073041
sensors,bucket=Set1,host=caf5642a2de4,topic=/Set1 C1=4007,C2=4000,T1=21.3,R3=4095,ts="2026-04-15T15:26:07Z" 1776263146580169530
sensors,bucket=Set2,host=3d1362abe364,topic=/Set2 C3=3816,C4=3884,W1=764,R1n=4095,ts="2026-04-15T15:26:01Z" 1776263152771519275
sensors,bucket=Set1,host=3d1362abe364,topic=/Set1 C1=4007,C2=4000,T1=21.3,R3=4095,ts="2026-04-15T15:26:07Z" 1776263152771941193
sensors,bucket=Set2,host=3d1362abe364,topic=/Set2 C3=3903,C4=3839,W1=717,R1n=4095,ts="2026-04-15T15:26:16Z" 1776263155852701156
sensors,bucket=Set1,host=3d1362abe364,topic=/Set1 C1=4009,C2=4007,T1=21.3,R3=4095,ts="2026-04-15T15:26:22Z" 1776263161389700230
sensors,bucket=Set2,host=3d1362abe364,topic=/Set2 C3=3817,C4=3785,W1=761,R1n=4095,ts="2026-04-15T15:26:31Z" 1776263170653667870
sensors,bucket=Set1,host=3d1362abe364,topic=/Set1 C1=4010,C2=4009,T1=21.2,R3=4095,ts="2026-04-15T15:26:36Z" 1776263176181066033
sensors,bucket=Set2,host=3d1362abe364,topic=/Set2 C3=3916,C4=3880,W1=734,R1n=4095,ts="2026-04-15T15:26:46Z" 1776263185451096256
sensors,bucket=Set1,host=3d1362abe364,topic=/Set1 C1=4009,C2=4008,T1=21.3,R3=4095,ts="2026-04-15T15:26:51Z" 1776263190980952693
sensors,bucket=Set2,host=3d1362abe364,topic=/Set2 C3=3821,C4=3785,W1=730,R1n=4095,ts="2026-04-15T15:27:01Z" 1776263200249724413
sensors,bucket=Set1,host=3d1362abe364,topic=/Set1 C1=4009,C2=4008,T1=21.3,R3=4095,ts="2026-04-15T15:27:06Z" 1776263205777751373
sensors,bucket=Set2,host=3d1362abe364,topic=/Set2 C3=3916,C4=3871,W1=747,R1n=4095,ts="2026-04-15T15:27:15Z" 1776263215054273078
sensors,bucket=Set1,host=3d1362abe364,topic=/Set1 C1=4008,C2=3999,T1=21.3,R3=4095,ts="2026-04-15T15:27:21Z" 1776263220580726607
sensors,bucket=Set2,host=3d1362abe364,topic=/Set2 C3=3838,C4=3799,W1=715,R1n=4095,ts="2026-04-15T15:27:30Z" 1776263229851828229
sensors,bucket=Set1,host=3d1362abe364,topic=/Set1 C1=4008,C2=4000,T1=21.2,R3=4095,ts="2026-04-15T15:27:36Z" 1776263235380477955
sensors,bucket=Set2,host=3d1362abe364,topic=/Set2 C3=3887,C4=3885,W1=746,R1n=4095,ts="2026-04-15T15:27:45Z" 1776263244650749871
sensors,bucket=Set1,host=3d1362abe364,topic=/Set1 C1=4008,C2=4007,T1=21.3,R3=4095,ts="2026-04-15T15:27:50Z" 1776263250182927854
sensors,bucket=Set2,host=3d1362abe364,topic=/Set2 C3=3837,C4=3787,W1=713,R1n=4095,ts="2026-04-15T15:28:00Z" 1776263259517546455
sensors,bucket=Set1,host=3d1362abe364,topic=/Set1 C1=4007,C2=4007,T1=21.3,R3=4095,ts="2026-04-15T15:28:05Z" 1776263264975947442
sensors,bucket=Set2,host=3d1362abe364,topic=/Set2 C3=3915,C4=3867,W1=734,R1n=4095,ts="2026-04-15T15:28:15Z" 1776263274250247643
sensors,bucket=Set1,host=3d1362abe364,topic=/Set1 C1=4008,C2=3999,T1=21.3,R3=4095,ts="2026-04-15T15:28:20Z" 1776263279779611040
sensors,bucket=Set2,host=3d1362abe364,topic=/Set2 C3=3816,C4=3787,W1=747,R1n=4095,ts="2026-04-15T15:28:29Z" 1776263289043596327
sensors,bucket=Set1,host=3d1362abe364,topic=/Set1 C1=4007,C2=4000,T1=21.3,R3=4095,ts="2026-04-15T15:28:35Z" 1776263294574568035
sensors,bucket=Set2,host=3d1362abe364,topic=/Set2 C3=3897,C4=3863,W1=717,R1n=4095,ts="2026-04-15T15:28:44Z" 1776263303844593451
sensors,bucket=Set1,host=3d1362abe364,topic=/Set1 C1=4006,C2=3999,T1=21.3,R3=4095,ts="2026-04-15T15:28:50Z" 1776263309378848917
sensors,bucket=Set2,host=3d1362abe364,topic=/Set2 C3=3817,C4=3838,W1=775,R1n=4095,ts="2026-04-15T15:28:59Z" 1776263318646024739
sensors,bucket=Set1,host=3d1362abe364,topic=/Set1 C1=4008,C2=3998,T1=21.3,R3=4095,ts="2026-04-15T15:29:04Z" 1776263324175455046
sensors,bucket=Set2,host=3d1362abe364,topic=/Set2 C3=3886,C4=3816,W1=711,R1n=4095,ts="2026-04-15T15:29:14Z" 1776263333447214593
sensors,bucket=Set1,host=3d1362abe364,topic=/Set1 C1=4008,C2=4006,T1=21.3,R3=4095,ts="2026-04-15T15:29:19Z" 1776263338976033591
sensors,bucket=Set1,host=3d1362abe364,topic=/Set1 C1=4010,C2=4009,T1=21.3,R3=4095,ts="2026-04-15T15:29:34Z" 1776263353774955156
sensors,bucket=Set2,host=3d1362abe364,topic=/Set2 C3=3834,C4=3788,W1=728,R1n=4095,ts="2026-04-15T15:29:43Z" 1776263363045726839
sensors,bucket=Set1,host=3d1362abe364,topic=/Set1 C1=4009,C2=4008,T1=21.3,R3=4095,ts="2026-04-15T15:29:49Z" 1776263368575599941
sensors,bucket=Set2,host=3d1362abe364,topic=/Set2 C3=3896,C4=3854,W1=734,R1n=4095,ts="2026-04-15T15:29:58Z" 1776263377838917104
sensors,bucket=Set1,host=3d1362abe364,topic=/Set1 C1=4008,C2=4008,T1=21.3,R3=4095,ts="2026-04-15T15:30:04Z" 1776263383374317337
sensors,bucket=Set1,host=3d1362abe364,topic=/Set1 C1=4009,C2=4007,T1=21.3,R3=4095,ts="2026-04-15T15:30:18Z" 1776263398173886086
sensors,bucket=Set2,host=3d1362abe364,topic=/Set2 C3=3881,C4=3822,W1=712,R1n=4095,ts="2026-04-15T15:30:28Z" 1776263407440024425
sensors,bucket=Set1,host=3d1362abe364,topic=/Set1 C1=4007,C2=4007,T1=21.3,R3=4095,ts="2026-04-15T15:30:33Z" 1776263412971539157
sensors,bucket=Set2,host=3d1362abe364,topic=/Set2 C3=3870,C4=3883,W1=766,R1n=4095,ts="2026-04-15T15:30:43Z" 1776263422244144712
sensors,bucket=Set1,host=3d1362abe364,topic=/Set1 C1=4008,C2=4008,T1=21.3,R3=4095,ts="2026-04-15T15:30:48Z" 1776263427771770341
sensors,bucket=Set2,host=3d1362abe364,topic=/Set2 C3=3850,C4=3801,W1=715,R1n=4095,ts="2026-04-15T15:30:57Z" 1776263437037070686
sensors,bucket=Set1,host=3d1362abe364,topic=/Set1 C1=4009,C2=4008,T1=21.3,R3=4095,ts="2026-04-15T15:31:03Z" 1776263442572045613
sensors,bucket=Set2,host=3d1362abe364,topic=/Set2 C3=3900,C4=3871,W1=743,R1n=4095,ts="2026-04-15T15:31:12Z" 1776263451841275152
sensors,bucket=Set1,host=3d1362abe364,topic=/Set1 C1=4008,C2=4009,T1=21.3,R3=4095,ts="2026-04-15T15:31:18Z" 1776263457372779583
sensors,bucket=Set2,host=3d1362abe364,topic=/Set2 C3=3805,C4=3815,W1=768,R1n=4095,ts="2026-04-15T15:31:27Z" 1776263466638336701
sensors,bucket=Set1,host=3d1362abe364,topic=/Set1 C1=4008,C2=4007,T1=21.3,R3=4095,ts="2026-04-15T15:31:32Z" 1776263472170677207
sensors,bucket=Set2,host=3d1362abe364,topic=/Set2 C3=3885,C4=3820,W1=730,R1n=4095,ts="2026-04-15T15:31:42Z" 1776263481442102313
sensors,bucket=Set1,host=3d1362abe364,topic=/Set1 C1=4008,C2=4008,T1=21.3,R3=4095,ts="2026-04-15T15:31:47Z" 1776263486973719530
sensors,bucket=Set2,host=3d1362abe364,topic=/Set2 C3=3855,C4=3884,W1=762,R1n=4095,ts="2026-04-15T15:31:57Z" 1776263496238822420
sensors,bucket=Set1,host=3d1362abe364,topic=/Set1 C1=4009,C2=4007,T1=21.4,R3=4095,ts="2026-04-15T15:32:02Z" 1776263501769594107
sensors,bucket=Set2,host=3d1362abe364,topic=/Set2 C3=3824,C4=3786,W1=744,R1n=4095,ts="2026-04-15T15:32:11Z" 1776263511058447583
sensors,bucket=Set1,host=3d1362abe364,topic=/Set1 C1=4007,C2=4007,T1=21.4,R3=4095,ts="2026-04-15T15:32:17Z" 1776263516568485371
sensors,bucket=Set2,host=3d1362abe364,topic=/Set2 C3=3902,C4=3836,W1=713,R1n=4095,ts="2026-04-15T15:32:26Z" 1776263525835556942
sensors,bucket=Set1,host=3d1362abe364,topic=/Set1 C1=4008,C2=4008,T1=21.4,R3=4095,ts="2026-04-15T15:32:32Z" 1776263531370463306
sensors,bucket=Set2,host=3d1362abe364,topic=/Set2 C3=3901,C4=3884,W1=761,R1n=4095,ts="2026-04-15T15:32:41Z" 1776263540639909851
sensors,bucket=Set1,host=3d1362abe364,topic=/Set1 C1=4009,C2=4008,T1=21.3,R3=4095,ts="2026-04-15T15:32:46Z" 1776263546166605007
sensors,bucket=Set2,host=3d1362abe364,topic=/Set2 C3=3819,C4=3791,W1=747,R1n=4095,ts="2026-04-15T15:32:56Z" 1776263555439155982
sensors,bucket=Set1,host=3d1362abe364,topic=/Set1 C1=4008,C2=4007,T1=21.4,R3=4095,ts="2026-04-15T15:33:01Z" 1776263560967242194
sensors,bucket=Set2,host=3d1362abe364,topic=/Set2 C3=3885,C4=3819,W1=717,R1n=4095,ts="2026-04-15T15:33:11Z" 1776263570239865871
sensors,bucket=Set1,host=3d1362abe364,topic=/Set1 C1=4000,C2=3998,T1=21.4,R3=4095,ts="2026-04-15T15:33:16Z" 1776263575778091945
sensors,bucket=Set2,host=3d1362abe364,topic=/Set2 C3=3896,C4=3887,W1=762,R1n=4095,ts="2026-04-15T15:33:25Z" 1776263585033810384
sensors,bucket=Set1,host=3d1362abe364,topic=/Set1 C1=4008,C2=4008,T1=21.4,R3=4095,ts="2026-04-15T15:33:31Z" 1776263590562083786
sensors,bucket=Set2,host=3d1362abe364,topic=/Set2 C3=3832,C4=3791,W1=761,R1n=4095,ts="2026-04-15T15:33:40Z" 1776263599835336583
sensors,bucket=Set1,host=3d1362abe364,topic=/Set1 C1=4008,C2=4007,T1=21.4,R3=4095,ts="2026-04-15T15:33:46Z" 1776263605364202719
sensors,bucket=Set2,host=3d1362abe364,topic=/Set2 C3=3902,C4=3849,W1=714,R1n=4095,ts="2026-04-15T15:33:55Z" 1776263614637554965
sensors,bucket=Set1,host=3d1362abe364,topic=/Set1 C1=4006,C2=4007,T1=21.4,R3=4095,ts="2026-04-15T15:34:00Z" 1776263620187120477
sensors,bucket=Set2,host=3d1362abe364,topic=/Set2 C3=3816,C4=3896,W1=766,R1n=4095,ts="2026-04-15T15:34:10Z" 1776263629434231696
sensors,bucket=Set1,host=3d1362abe364,topic=/Set1 C1=3999,C2=3999,T1=21.4,R3=4095,ts="2026-04-15T15:34:15Z" 1776263634964283191
sensors,bucket=Set2,host=3d1362abe364,topic=/Set2 C3=3832,C4=3786,W1=750,R1n=4095,ts="2026-04-15T15:34:25Z" 1776263644234775047
sensors,bucket=Set1,host=3d1362abe364,topic=/Set1 C1=4008,C2=4008,T1=21.4,R3=4095,ts="2026-04-15T15:34:49Z" 1776263668360100972
sensors,bucket=Set2,host=3d1362abe364,topic=/Set2 C3=3901,C4=3871,W1=716,R1n=4095,ts="2026-04-15T15:34:54Z" 1776263673829859573
sensors,bucket=Set1,host=3d1362abe364,topic=/Set1 C1=4007,C2=4008,T1=21.4,R3=4095,ts="2026-04-15T15:35:03Z" 1776263683157080981
sensors,bucket=Set2,host=3d1362abe364,topic=/Set2 C3=3914,C4=3900,W1=764,R1n=4095,ts="2026-04-15T15:35:09Z" 1776263688632440993
sensors,bucket=Set2,host=3d1362abe364,topic=/Set2 C3=3806,C4=3808,W1=776,R1n=4095,ts="2026-04-15T15:35:24Z" 1776263703430189929
sensors,bucket=Set1,host=3d1362abe364,topic=/Set1 C1=4008,C2=4008,T1=21.4,R3=4095,ts="2026-04-15T15:35:33Z" 1776263712753482928
sensors,bucket=Set2,host=3d1362abe364,topic=/Set2 C3=3848,C4=3791,W1=717,R1n=4095,ts="2026-04-15T15:35:39Z" 1776263718232195384
sensors,bucket=Set1,host=3d1362abe364,topic=/Set1 C1=4007,C2=3999,T1=21.4,R3=4095,ts="2026-04-15T15:35:48Z" 1776263727553349787
sensors,bucket=Set2,host=3d1362abe364,topic=/Set2 C3=3918,C4=3883,W1=733,R1n=4095,ts="2026-04-15T15:35:53Z" 1776263733029984582
sensors,bucket=Set1,host=3d1362abe364,topic=/Set1 C1=4007,C2=4000,T1=21.4,R3=4095,ts="2026-04-15T15:36:03Z" 1776263742349131677
sensors,bucket=Set2,host=3d1362abe364,topic=/Set2 C3=3823,C4=3888,W1=776,R1n=4095,ts="2026-04-15T15:36:08Z" 1776263747834194234
sensors,bucket=Set1,host=3d1362abe364,topic=/Set1 C1=4008,C2=4007,T1=21.4,R3=4095,ts="2026-04-15T15:36:17Z" 1776263757148664745
sensors,bucket=Set2,host=3d1362abe364,topic=/Set2 C3=3831,C4=3785,W1=717,R1n=4095,ts="2026-04-15T15:36:23Z" 1776263762627765374
sensors,bucket=Set1,host=3d1362abe364,topic=/Set1 C1=4008,C2=3999,T1=21.4,R3=4095,ts="2026-04-15T15:36:32Z" 1776263771949665420
sensors,bucket=Set2,host=3d1362abe364,topic=/Set2 C3=3917,C4=3881,W1=734,R1n=4095,ts="2026-04-15T15:36:38Z" 1776263777428684809
sensors,bucket=Set1,host=3d1362abe364,topic=/Set1 C1=3999,C2=3999,T1=21.4,R3=4095,ts="2026-04-15T15:36:47Z" 1776263786764091287
sensors,bucket=Set2,host=3d1362abe364,topic=/Set2 C3=3806,C4=3823,W1=777,R1n=4095,ts="2026-04-15T15:36:53Z" 1776263792232473576
sensors,bucket=Set1,host=3d1362abe364,topic=/Set1 C1=4008,C2=3998,T1=21.4,R3=4095,ts="2026-04-15T15:37:02Z" 1776263801550234318
sensors,bucket=Set2,host=3d1362abe364,topic=/Set2 C3=3911,C4=3848,W1=729,R1n=4095,ts="2026-04-15T15:37:07Z" 1776263807029190888
sensors,bucket=Set1,host=3d1362abe364,topic=/Set1 C1=3998,C2=3997,T1=21.4,R3=4095,ts="2026-04-15T15:37:17Z" 1776263816357325832
sensors,bucket=Set2,host=3d1362abe364,topic=/Set2 C3=3808,C4=3880,W1=779,R1n=4095,ts="2026-04-15T15:37:22Z" 1776263821844294231
sensors,bucket=Set1,host=3d1362abe364,topic=/Set1 C1=3999,C2=3998,T1=21.4,R3=4095,ts="2026-04-15T15:37:31Z" 1776263831149941832
sensors,bucket=Set2,host=3d1362abe364,topic=/Set2 C3=3887,C4=3816,W1=718,R1n=4095,ts="2026-04-15T15:37:37Z" 1776263836629635185
sensors,bucket=Set1,host=3d1362abe364,topic=/Set1 C1=4000,C2=3997,T1=21.4,R3=4095,ts="2026-04-15T15:37:46Z" 1776263845997171373
sensors,bucket=Set2,host=3d1362abe364,topic=/Set2 C3=3894,C4=3898,W1=766,R1n=4095,ts="2026-04-15T15:37:52Z" 1776263851427253485
sensors,bucket=Set1,host=3d1362abe364,topic=/Set1 C1=3998,C2=3998,T1=21.4,R3=4095,ts="2026-04-15T15:38:01Z" 1776263860747067292
sensors,bucket=Set2,host=3d1362abe364,topic=/Set2 C3=3820,C4=3788,W1=747,R1n=4095,ts="2026-04-15T15:38:07Z" 1776263866224933510
sensors,bucket=Set1,host=3d1362abe364,topic=/Set1 C1=3998,C2=3997,T1=21.4,R3=4095,ts="2026-04-15T15:38:16Z" 1776263875547333233
sensors,bucket=Set2,host=3d1362abe364,topic=/Set2 C3=3916,C4=3848,W1=727,R1n=4095,ts="2026-04-15T15:38:21Z" 1776263881030255527
sensors,bucket=Set1,host=3d1362abe364,topic=/Set1 C1=3999,C2=3998,T1=21.4,R3=4095,ts="2026-04-15T15:38:31Z" 1776263890345622481
sensors,bucket=Set2,host=3d1362abe364,topic=/Set2 C3=3886,C4=3896,W1=778,R1n=4095,ts="2026-04-15T15:38:36Z" 1776263895824963173
sensors,bucket=Set1,host=3d1362abe364,topic=/Set1 C1=3999,C2=3998,T1=21.4,R3=4095,ts="2026-04-15T15:38:45Z" 1776263905145958820
sensors,bucket=Set2,host=3d1362abe364,topic=/Set2 C3=3853,C4=3785,W1=748,R1n=4095,ts="2026-04-15T15:38:51Z" 1776263910624580031
sensors,bucket=Set1,host=3d1362abe364,topic=/Set1 C1=4000,C2=3998,T1=21.4,R3=4095,ts="2026-04-15T15:39:00Z" 1776263919944786538
sensors,bucket=Set2,host=3d1362abe364,topic=/Set2 C3=3913,C4=3869,W1=732,R1n=4095,ts="2026-04-15T15:39:06Z" 1776263925427584789
sensors,bucket=Set1,host=3d1362abe364,topic=/Set1 C1=3999,C2=3999,T1=21.4,R3=4095,ts="2026-04-15T15:39:15Z" 1776263934747918846
sensors,bucket=Set2,host=3d1362abe364,topic=/Set2 C3=3816,C4=3880,W1=779,R1n=4095,ts="2026-04-15T15:39:21Z" 1776263940229028008
sensors,bucket=Set1,host=3d1362abe364,topic=/Set1 C1=3999,C2=3997,T1=21.4,R3=4095,ts="2026-04-15T15:39:30Z" 1776263949545309581
sensors,bucket=Set2,host=3d1362abe364,topic=/Set2 C3=3853,C4=3784,W1=716,R1n=4095,ts="2026-04-15T15:39:35Z" 1776263955025389743
sensors,bucket=Set1,host=3d1362abe364,topic=/Set1 C1=3998,C2=3998,T1=21.4,R3=4095,ts="2026-04-15T15:39:45Z" 1776263964348059943
sensors,bucket=Set2,host=3d1362abe364,topic=/Set2 C3=3917,C4=3897,W1=765,R1n=4095,ts="2026-04-15T15:39:50Z" 1776263969825907772
sensors,bucket=Set1,host=3d1362abe364,topic=/Set1 C1=3998,C2=3997,T1=21.4,R3=4095,ts="2026-04-15T15:39:59Z" 1776263979144366590
sensors,bucket=Set2,host=3d1362abe364,topic=/Set2 C3=3821,C4=3802,W1=789,R1n=4095,ts="2026-04-15T15:40:05Z" 1776263984623986049
sensors,bucket=Set1,host=3d1362abe364,topic=/Set1 C1=3998,C2=3997,T1=21.4,R3=4095,ts="2026-04-15T15:40:14Z" 1776263993967336350
sensors,bucket=Set2,host=3d1362abe364,topic=/Set2 C3=3883,C4=3819,W1=717,R1n=4095,ts="2026-04-15T15:40:20Z" 1776263999426234587
sensors,bucket=Set1,host=3d1362abe364,topic=/Set1 C1=3999,C2=3999,T1=21.4,R3=4095,ts="2026-04-15T15:40:29Z" 1776264008740562742
sensors,bucket=Set2,host=3d1362abe364,topic=/Set2 C3=3885,C4=3884,W1=779,R1n=4095,ts="2026-04-15T15:40:35Z" 1776264014226686794
sensors,bucket=Set1,host=3d1362abe364,topic=/Set1 C1=4007,C2=4000,T1=21.4,R3=4095,ts="2026-04-15T15:40:44Z" 1776264023544335217
sensors,bucket=Set2,host=3d1362abe364,topic=/Set2 C3=3821,C4=3775,W1=748,R1n=4095,ts="2026-04-15T15:40:49Z" 1776264029025075373
sensors,bucket=Set1,host=3d1362abe364,topic=/Set1 C1=3999,C2=3998,T1=21.4,R3=4095,ts="2026-04-15T15:40:59Z" 1776264038339810666
sensors,bucket=Set2,host=3d1362abe364,topic=/Set2 C3=3900,C4=3871,W1=760,R1n=4095,ts="2026-04-15T15:41:04Z" 1776264043823413952
sensors,bucket=Set1,host=3d1362abe364,topic=/Set1 C1=3999,C2=3998,T1=21.4,R3=4095,ts="2026-04-15T15:41:13Z" 1776264053149666578
sensors,bucket=Set1,host=3d1362abe364,topic=/Set1 C1=3998,C2=3997,T1=21.4,R3=4095,ts="2026-04-15T15:41:28Z" 1776264067940927548
sensors,bucket=Set2,host=3d1362abe364,topic=/Set2 C3=3832,C4=3800,W1=716,R1n=4095,ts="2026-04-15T15:41:34Z" 1776264073423939771
sensors,bucket=Set1,host=3d1362abe364,topic=/Set1 C1=3999,C2=3998,T1=21.4,R3=4095,ts="2026-04-15T15:41:43Z" 1776264082744434010
sensors,bucket=Set2,host=3d1362abe364,topic=/Set2 C3=3918,C4=3866,W1=745,R1n=4095,ts="2026-04-15T15:41:49Z" 1776264088223544627
sensors,bucket=Set1,host=3d1362abe364,topic=/Set1 C1=3999,C2=3997,T1=21.4,R3=4095,ts="2026-04-15T15:41:58Z" 1776264097543053933
sensors,bucket=Set2,host=3d1362abe364,topic=/Set2 C3=3835,C4=3897,W1=776,R1n=4095,ts="2026-04-15T15:42:03Z" 1776264103022912863
sensors,bucket=Set1,host=3d1362abe364,topic=/Set1 C1=3998,C2=3997,T1=21.4,R3=4095,ts="2026-04-15T15:42:13Z" 1776264112350351530
sensors,bucket=Set2,host=3d1362abe364,topic=/Set2 C3=3831,C4=3785,W1=763,R1n=4095,ts="2026-04-15T15:42:18Z" 1776264117823474709
sensors,bucket=Set1,host=3d1362abe364,topic=/Set1 C1=3999,C2=3998,T1=21.4,R3=4095,ts="2026-04-15T15:42:27Z" 1776264127143764272
sensors,bucket=Set2,host=3d1362abe364,topic=/Set2 C3=3911,C4=3854,W1=730,R1n=4095,ts="2026-04-15T15:42:33Z" 1776264132663790307
sensors,bucket=Set1,host=3d1362abe364,topic=/Set1 C1=3998,C2=3996,T1=21.5,R3=4095,ts="2026-04-15T15:42:42Z" 1776264141946539271
sensors,bucket=Set2,host=3d1362abe364,topic=/Set2 C3=3887,C4=3911,W1=782,R1n=4095,ts="2026-04-15T15:42:48Z" 1776264147422108232
sensors,bucket=Set1,host=3d1362abe364,topic=/Set1 C1=3998,C2=3997,T1=21.4,R3=4095,ts="2026-04-15T15:42:57Z" 1776264156740625693
sensors,bucket=Set2,host=3d1362abe364,topic=/Set2 C3=3807,C4=3785,W1=766,R1n=4095,ts="2026-04-15T15:43:03Z" 1776264162218985890
sensors,bucket=Set1,host=3d1362abe364,topic=/Set1 C1=3999,C2=3998,T1=21.5,R3=4095,ts="2026-04-15T15:43:12Z" 1776264171537577409
sensors,bucket=Set2,host=3d1362abe364,topic=/Set2 C3=3886,C4=3818,W1=714,R1n=4095,ts="2026-04-15T15:43:17Z" 1776264177020006861
sensors,bucket=Set1,host=3d1362abe364,topic=/Set1 C1=3999,C2=3999,T1=21.5,R3=4095,ts="2026-04-15T15:43:27Z" 1776264186336474244
sensors,bucket=Set2,host=3d1362abe364,topic=/Set2 C3=3929,C4=3896,W1=749,R1n=4095,ts="2026-04-15T15:43:32Z" 1776264191817323165
sensors,bucket=Set1,host=3d1362abe364,topic=/Set1 C1=4007,C2=3999,T1=21.5,R3=4095,ts="2026-04-15T15:43:41Z" 1776264201143959515
sensors,bucket=Set2,host=3d1362abe364,topic=/Set2 C3=3896,C4=3900,W1=775,R1n=4095,ts="2026-04-15T15:43:47Z" 1776264206648296719
sensors,bucket=Set1,host=3d1362abe364,topic=/Set1 C1=3999,C2=3998,T1=21.4,R3=4095,ts="2026-04-15T15:43:56Z" 1776264215946232023
sensors,bucket=Set2,host=3d1362abe364,topic=/Set2 C3=3833,C4=3867,W1=775,R1n=4095,ts="2026-04-15T15:44:02Z" 1776264221441856090
sensors,bucket=Set1,host=3d1362abe364,topic=/Set1 C1=3999,C2=3997,T1=21.5,R3=4095,ts="2026-04-15T15:44:11Z" 1776264230739489616
sensors,bucket=Set2,host=3d1362abe364,topic=/Set2 C3=3807,C4=3799,W1=765,R1n=4095,ts="2026-04-15T15:44:17Z" 1776264236218681611
sensors,bucket=Set1,host=3d1362abe364,topic=/Set1 C1=3999,C2=3998,T1=21.5,R3=4095,ts="2026-04-15T15:44:26Z" 1776264245537674202
sensors,bucket=Set2,host=3d1362abe364,topic=/Set2 C3=3848,C4=3786,W1=703,R1n=4095,ts="2026-04-15T15:44:31Z" 1776264251016039390
sensors,bucket=Set1,host=3d1362abe364,topic=/Set1 C1=4000,C2=3999,T1=21.5,R3=4095,ts="2026-04-15T15:44:41Z" 1776264260338849771
sensors,bucket=Set2,host=3d1362abe364,topic=/Set2 C3=3881,C4=3817,W1=713,R1n=4095,ts="2026-04-15T15:44:46Z" 1776264265818434397
sensors,bucket=Set1,host=3d1362abe364,topic=/Set1 C1=3999,C2=3998,T1=21.4,R3=4095,ts="2026-04-15T15:44:55Z" 1776264275141305525
sensors,bucket=Set2,host=3d1362abe364,topic=/Set2 C3=3903,C4=3866,W1=713,R1n=4095,ts="2026-04-15T15:45:01Z" 1776264280668903959
sensors,bucket=Set1,host=3d1362abe364,topic=/Set1 C1=3997,C2=3997,T1=21.5,R3=4095,ts="2026-04-15T15:45:10Z" 1776264289947560282
sensors,bucket=Set2,host=3d1362abe364,topic=/Set2 C3=3926,C4=3864,W1=719,R1n=4095,ts="2026-04-15T15:45:16Z" 1776264295418595146
sensors,bucket=Set1,host=3d1362abe364,topic=/Set1 C1=3998,C2=3997,T1=21.5,R3=4095,ts="2026-04-15T15:45:25Z" 1776264304739383706
sensors,bucket=Set2,host=3d1362abe364,topic=/Set2 C3=3919,C4=3885,W1=730,R1n=4095,ts="2026-04-15T15:45:31Z" 1776264310214206757
sensors,bucket=Set1,host=3d1362abe364,topic=/Set1 C1=3997,C2=3997,T1=21.5,R3=4095,ts="2026-04-15T15:45:40Z" 1776264319538345400
sensors,bucket=Set2,host=3d1362abe364,topic=/Set2 C3=3929,C4=3883,W1=745,R1n=4095,ts="2026-04-15T15:45:45Z" 1776264325019992805
sensors,bucket=Set1,host=3d1362abe364,topic=/Set1 C1=3998,C2=3998,T1=21.5,R3=4095,ts="2026-04-15T15:45:55Z" 1776264334334915777
sensors,bucket=Set1,host=5c931c7f607a,topic=/Set1 C1=3998,C2=3998,T1=21.5,R3=4095,ts="2026-04-15T15:45:55Z" 1776264343651534936
sensors,bucket=Set2,host=5c931c7f607a,topic=/Set2 C3=3899,C4=3866,W1=732,R1n=4095,ts="2026-04-15T15:46:00Z" 1776264343651915128
sensors,bucket=Set1,host=5c931c7f607a,topic=/Set1 C1=3998,C2=3996,T1=21.5,R3=4095,ts="2026-04-15T15:46:09Z" 1776264349137225483
sensors,bucket=Set2,host=5c931c7f607a,topic=/Set2 C3=3917,C4=3833,W1=732,R1n=4095,ts="2026-04-15T15:46:15Z" 1776264354614720909
sensors,bucket=Set1,host=5c931c7f607a,topic=/Set1 C1=3998,C2=3997,T1=21.5,R3=4095,ts="2026-04-15T15:46:24Z" 1776264363933557463
sensors,bucket=Set2,host=5c931c7f607a,topic=/Set2 C3=3904,C4=3821,W1=714,R1n=4095,ts="2026-04-15T15:46:30Z" 1776264369415880903
sensors,bucket=Set1,host=5c931c7f607a,topic=/Set1 C1=3998,C2=3996,T1=21.5,R3=4095,ts="2026-04-15T15:46:39Z" 1776264378734869761
sensors,bucket=Set2,host=5c931c7f607a,topic=/Set2 C3=3871,C4=3822,W1=711,R1n=4095,ts="2026-04-15T15:46:45Z" 1776264384214178200
sensors,bucket=Set1,host=5c931c7f607a,topic=/Set1 C1=3998,C2=3996,T1=21.5,R3=4095,ts="2026-04-15T15:46:54Z" 1776264393532286483
sensors,bucket=Set2,host=5c931c7f607a,topic=/Set2 C3=3899,C4=3839,W1=701,R1n=4095,ts="2026-04-15T15:46:59Z" 1776264399013173740
sensors,bucket=Set1,host=5c931c7f607a,topic=/Set1 C1=3996,C2=3997,T1=21.5,R3=4095,ts="2026-04-15T15:47:09Z" 1776264408338678846
sensors,bucket=Set1,host=5c931c7f607a,topic=/Set1 C1=4008,C2=4008,T1=21.5,R3=4095,ts="2026-04-15T15:47:24Z" 1776264424059579034
sensors,bucket=Set2,host=5c931c7f607a,topic=/Set2 C3=3838,C4=3788,W1=716,R1n=4095,ts="2026-04-15T15:47:29Z" 1776264428611051298
sensors,bucket=Set1,host=5c931c7f607a,topic=/Set1 C1=4009,C2=4008,T1=21.5,R3=4095,ts="2026-04-15T15:47:39Z" 1776264438859088101
sensors,bucket=Set2,host=5c931c7f607a,topic=/Set2 C3=3817,C4=3800,W1=761,R1n=4095,ts="2026-04-15T15:47:44Z" 1776264443417882314
sensors,bucket=Set1,host=5c931c7f607a,topic=/Set1 C1=4007,C2=3998,T1=21.5,R3=4095,ts="2026-04-15T15:47:54Z" 1776264453662162705
sensors,bucket=Set2,host=5c931c7f607a,topic=/Set2 C3=3883,C4=3914,W1=752,R1n=4095,ts="2026-04-15T15:47:59Z" 1776264458212297084
sensors,bucket=Set1,host=5c931c7f607a,topic=/Set1 C1=3998,C2=3998,T1=21.5,R3=4095,ts="2026-04-15T15:48:09Z" 1776264468464989364
sensors,bucket=Set2,host=5c931c7f607a,topic=/Set2 C3=3929,C4=3869,W1=718,R1n=4095,ts="2026-04-15T15:48:13Z" 1776264473012554863
sensors,bucket=Set1,host=5c931c7f607a,topic=/Set1 C1=4007,C2=3999,T1=21.5,R3=4095,ts="2026-04-15T15:48:24Z" 1776264483260520944
sensors,bucket=Set2,host=5c931c7f607a,topic=/Set2 C3=3833,C4=3800,W1=698,R1n=4095,ts="2026-04-15T15:48:28Z" 1776264487812839609
sensors,bucket=Set1,host=5c931c7f607a,topic=/Set1 C1=3999,C2=3997,T1=21.6,R3=4095,ts="2026-04-15T15:48:38Z" 1776264498057602517
sensors,bucket=Set2,host=5c931c7f607a,topic=/Set2 C3=3816,C4=3880,W1=763,R1n=4095,ts="2026-04-15T15:48:43Z" 1776264502611125280
sensors,bucket=Set1,host=5c931c7f607a,topic=/Set1 C1=3999,C2=3997,T1=21.6,R3=4095,ts="2026-04-15T15:48:53Z" 1776264512860934345
sensors,bucket=Set2,host=5c931c7f607a,topic=/Set2 C3=3918,C4=3854,W1=714,R1n=4095,ts="2026-04-15T15:48:58Z" 1776264517410772345
sensors,bucket=Set1,host=5c931c7f607a,topic=/Set1 C1=3999,C2=3997,T1=21.6,R3=4095,ts="2026-04-15T15:49:08Z" 1776264527662222999
sensors,bucket=Set2,host=5c931c7f607a,topic=/Set2 C3=3817,C4=3789,W1=747,R1n=4095,ts="2026-04-15T15:49:13Z" 1776264532212016557
sensors,bucket=Set1,host=5c931c7f607a,topic=/Set1 C1=3998,C2=3998,T1=21.5,R3=4095,ts="2026-04-15T15:49:23Z" 1776264542458041764
sensors,bucket=Set2,host=5c931c7f607a,topic=/Set2 C3=3918,C4=3882,W1=727,R1n=4095,ts="2026-04-15T15:49:27Z" 1776264547007643093
sensors,bucket=Set1,host=5c931c7f607a,topic=/Set1 C1=3998,C2=3998,T1=21.5,R3=4095,ts="2026-04-15T15:49:38Z" 1776264557261825650
sensors,bucket=Set2,host=5c931c7f607a,topic=/Set2 C3=3817,C4=3802,W1=744,R1n=4095,ts="2026-04-15T15:49:42Z" 1776264561809490177
sensors,bucket=Set1,host=5c931c7f607a,topic=/Set1 C1=3998,C2=3998,T1=21.5,R3=4095,ts="2026-04-15T15:49:52Z" 1776264572057899732
sensors,bucket=Set2,host=5c931c7f607a,topic=/Set2 C3=3871,C4=3805,W1=685,R1n=4095,ts="2026-04-15T15:49:57Z" 1776264576614493012
sensors,bucket=Set1,host=5c931c7f607a,topic=/Set1 C1=4006,C2=3999,T1=21.5,R3=4095,ts="2026-04-15T15:50:07Z" 1776264586856155289
sensors,bucket=Set2,host=5c931c7f607a,topic=/Set2 C3=3916,C4=3856,W1=701,R1n=4095,ts="2026-04-15T15:50:12Z" 1776264591465538976
sensors,bucket=Set1,host=5c931c7f607a,topic=/Set1 C1=4009,C2=4007,T1=21.5,R3=4095,ts="2026-04-15T15:50:24Z" 1776264603571397835
sensors,bucket=Set2,host=5c931c7f607a,topic=/Set2 C3=3914,C4=3885,W1=732,R1n=4095,ts="2026-04-15T15:50:27Z" 1776264606206699108
sensors,bucket=Set1,host=5c931c7f607a,topic=/Set1 C1=4000,C2=3999,T1=21.6,R3=4095,ts="2026-04-15T15:50:39Z" 1776264618372746078
sensors,bucket=Set2,host=5c931c7f607a,topic=/Set2 C3=3818,C4=3900,W1=735,R1n=4095,ts="2026-04-15T15:50:41Z" 1776264621009926794
sensors,bucket=Set1,host=5c931c7f607a,topic=/Set1 C1=3998,C2=3997,T1=21.5,R3=4095,ts="2026-04-15T15:50:53Z" 1776264633169076619
sensors,bucket=Set2,host=5c931c7f607a,topic=/Set2 C3=3820,C4=3792,W1=732,R1n=4095,ts="2026-04-15T15:50:56Z" 1776264635808086545
sensors,bucket=Set1,host=5c931c7f607a,topic=/Set1 C1=4008,C2=3999,T1=21.6,R3=4095,ts="2026-04-15T15:51:08Z" 1776264647974017117
sensors,bucket=Set2,host=5c931c7f607a,topic=/Set2 C3=3822,C4=3799,W1=694,R1n=4095,ts="2026-04-15T15:51:11Z" 1776264650608227595
sensors,bucket=Set1,host=5c931c7f607a,topic=/Set1 C1=3999,C2=3998,T1=21.6,R3=4095,ts="2026-04-15T15:51:23Z" 1776264662764828641
sensors,bucket=Set2,host=5c931c7f607a,topic=/Set2 C3=3849,C4=3803,W1=685,R1n=4095,ts="2026-04-15T15:51:26Z" 1776264665414074692
sensors,bucket=Set1,host=5c931c7f607a,topic=/Set1 C1=3999,C2=3997,T1=21.6,R3=4095,ts="2026-04-15T15:51:38Z" 1776264677570424154
sensors,bucket=Set2,host=5c931c7f607a,topic=/Set2 C3=3886,C4=3834,W1=683,R1n=4095,ts="2026-04-15T15:51:41Z" 1776264680209739061
sensors,bucket=Set1,host=5c931c7f607a,topic=/Set1 C1=3999,C2=3998,T1=21.5,R3=4095,ts="2026-04-15T15:51:53Z" 1776264692367712017
sensors,bucket=Set2,host=5c931c7f607a,topic=/Set2 C3=3916,C4=3837,W1=695,R1n=4095,ts="2026-04-15T15:51:55Z" 1776264695009363097
sensors,bucket=Set1,host=5c931c7f607a,topic=/Set1 C1=3998,C2=3997,T1=21.6,R3=4095,ts="2026-04-15T15:52:07Z" 1776264707168725952
sensors,bucket=Set2,host=5c931c7f607a,topic=/Set2 C3=3902,C4=3853,W1=695,R1n=4095,ts="2026-04-15T15:52:10Z" 1776264709805863997
sensors,bucket=Set1,host=5c931c7f607a,topic=/Set1 C1=4006,C2=4000,T1=21.6,R3=4095,ts="2026-04-15T15:52:22Z" 1776264721971538861
sensors,bucket=Set2,host=5c931c7f607a,topic=/Set2 C3=3914,C4=3883,W1=701,R1n=4095,ts="2026-04-15T15:52:25Z" 1776264724604125681
sensors,bucket=Set1,host=5c931c7f607a,topic=/Set1 C1=3999,C2=3998,T1=21.6,R3=4095,ts="2026-04-15T15:52:37Z" 1776264736765668589
sensors,bucket=Set2,host=5c931c7f607a,topic=/Set2 C3=3927,C4=3881,W1=717,R1n=4095,ts="2026-04-15T15:52:40Z" 1776264739404741872
sensors,bucket=Set1,host=5c931c7f607a,topic=/Set1 C1=3999,C2=3998,T1=21.6,R3=4095,ts="2026-04-15T15:52:52Z" 1776264751586635451
sensors,bucket=Set2,host=5c931c7f607a,topic=/Set2 C3=3916,C4=3896,W1=730,R1n=4095,ts="2026-04-15T15:52:55Z" 1776264754203328972
sensors,bucket=Set1,host=5c931c7f607a,topic=/Set1 C1=3999,C2=3997,T1=21.6,R3=4095,ts="2026-04-15T15:53:07Z" 1776264766373602384
sensors,bucket=Set2,host=5c931c7f607a,topic=/Set2 C3=3895,C4=3884,W1=727,R1n=4095,ts="2026-04-15T15:53:09Z" 1776264769005893248
sensors,bucket=Set1,host=5c931c7f607a,topic=/Set1 C1=3999,C2=3998,T1=21.6,R3=4095,ts="2026-04-15T15:53:21Z" 1776264781167643128
sensors,bucket=Set2,host=5c931c7f607a,topic=/Set2 C3=3885,C4=3884,W1=727,R1n=4095,ts="2026-04-15T15:53:24Z" 1776264783802277107
sensors,bucket=Set1,host=5c931c7f607a,topic=/Set1 C1=3998,C2=3998,T1=21.6,R3=4095,ts="2026-04-15T15:53:36Z" 1776264795964842195
sensors,bucket=Set2,host=5c931c7f607a,topic=/Set2 C3=3919,C4=3882,W1=718,R1n=4095,ts="2026-04-15T15:53:39Z" 1776264798605344328
sensors,bucket=Set1,host=5c931c7f607a,topic=/Set1 C1=3999,C2=3997,T1=21.6,R3=4095,ts="2026-04-15T15:53:51Z" 1776264810764028344
sensors,bucket=Set2,host=5c931c7f607a,topic=/Set2 C3=3915,C4=3896,W1=715,R1n=4095,ts="2026-04-15T15:53:54Z" 1776264813403004097
sensors,bucket=Set1,host=5c931c7f607a,topic=/Set1 C1=3999,C2=3998,T1=21.6,R3=4095,ts="2026-04-15T15:54:06Z" 1776264825562588402
sensors,bucket=Set2,host=5c931c7f607a,topic=/Set2 C3=3913,C4=3885,W1=703,R1n=4095,ts="2026-04-15T15:54:09Z" 1776264828205663423
sensors,bucket=Set1,host=5c931c7f607a,topic=/Set1 C1=3999,C2=3997,T1=21.6,R3=4095,ts="2026-04-15T15:54:21Z" 1776264840397248180
sensors,bucket=Set2,host=5c931c7f607a,topic=/Set2 C3=3903,C4=3880,W1=695,R1n=4095,ts="2026-04-15T15:54:23Z" 1776264843000974962
sensors,bucket=Set1,host=5c931c7f607a,topic=/Set1 C1=4000,C2=3998,T1=21.6,R3=4095,ts="2026-04-15T15:54:35Z" 1776264855164584056
sensors,bucket=Set2,host=5c931c7f607a,topic=/Set2 C3=3903,C4=3854,W1=695,R1n=4095,ts="2026-04-15T15:54:38Z" 1776264857801018137
sensors,bucket=Set1,host=5c931c7f607a,topic=/Set1 C1=3999,C2=3998,T1=21.6,R3=4095,ts="2026-04-15T15:54:50Z" 1776264869963254884
sensors,bucket=Set2,host=5c931c7f607a,topic=/Set2 C3=3854,C4=3790,W1=678,R1n=4095,ts="2026-04-15T15:54:53Z" 1776264872654139858
sensors,bucket=Set1,host=5c931c7f607a,topic=/Set1 C1=4000,C2=3998,T1=21.6,R3=4095,ts="2026-04-15T15:55:05Z" 1776264884768181859
sensors,bucket=Set2,host=5c931c7f607a,topic=/Set2 C3=3835,C4=3788,W1=681,R1n=4095,ts="2026-04-15T15:55:08Z" 1776264887400287723
sensors,bucket=Set1,host=5c931c7f607a,topic=/Set1 C1=3998,C2=3998,T1=21.6,R3=4095,ts="2026-04-15T15:55:20Z" 1776264899568900309
sensors,bucket=Set2,host=5c931c7f607a,topic=/Set2 C3=3817,C4=3835,W1=728,R1n=4095,ts="2026-04-15T15:55:23Z" 1776264902199989709
sensors,bucket=Set1,host=5c931c7f607a,topic=/Set1 C1=3998,C2=3998,T1=21.6,R3=4095,ts="2026-04-15T15:55:35Z" 1776264914368294742
sensors,bucket=Set2,host=5c931c7f607a,topic=/Set2 C3=3822,C4=3885,W1=728,R1n=4095,ts="2026-04-15T15:55:37Z" 1776264917011667348
sensors,bucket=Set1,host=5c931c7f607a,topic=/Set1 C1=4000,C2=3998,T1=21.6,R3=4095,ts="2026-04-15T15:55:49Z" 1776264929168296026
sensors,bucket=Set2,host=5c931c7f607a,topic=/Set2 C3=3886,C4=3886,W1=728,R1n=4095,ts="2026-04-15T15:55:52Z" 1776264931803472509
sensors,bucket=Set1,host=5c931c7f607a,topic=/Set1 C1=3997,C2=3996,T1=21.6,R3=4095,ts="2026-04-15T15:56:04Z" 1776264943968998093
sensors,bucket=Set2,host=5c931c7f607a,topic=/Set2 C3=3914,C4=3867,W1=714,R1n=4095,ts="2026-04-15T15:56:07Z" 1776264946602334834
sensors,bucket=Set1,host=5c931c7f607a,topic=/Set1 C1=3998,C2=3998,T1=21.6,R3=4095,ts="2026-04-15T15:56:34Z" 1776264973560410638
sensors,bucket=Set2,host=5c931c7f607a,topic=/Set2 C3=3869,C4=3802,W1=681,R1n=4095,ts="2026-04-15T15:56:37Z" 1776264976201299942
sensors,bucket=Set1,host=5c931c7f607a,topic=/Set1 C1=3998,C2=3998,T1=21.6,R3=4095,ts="2026-04-15T15:56:49Z" 1776264988363279549
sensors,bucket=Set2,host=5c931c7f607a,topic=/Set2 C3=3839,C4=3789,W1=688,R1n=4095,ts="2026-04-15T15:56:51Z" 1776264991002539188
sensors,bucket=Set1,host=5c931c7f607a,topic=/Set1 C1=3998,C2=3998,T1=21.6,R3=4095,ts="2026-04-15T15:57:03Z" 1776265003163567539
sensors,bucket=Set2,host=5c931c7f607a,topic=/Set2 C3=3821,C4=3852,W1=733,R1n=4095,ts="2026-04-15T15:57:06Z" 1776265005801120456
sensors,bucket=Set1,host=5c931c7f607a,topic=/Set1 C1=3998,C2=3997,T1=21.6,R3=4095,ts="2026-04-15T15:57:18Z" 1776265017959861711
sensors,bucket=Set2,host=5c931c7f607a,topic=/Set2 C3=3911,C4=3885,W1=718,R1n=4095,ts="2026-04-15T15:57:21Z" 1776265020602495855
sensors,bucket=Set1,host=5c931c7f607a,topic=/Set1 C1=3998,C2=3996,T1=21.6,R3=4095,ts="2026-04-15T15:57:33Z" 1776265032760110523
sensors,bucket=Set2,host=5c931c7f607a,topic=/Set2 C3=3912,C4=3869,W1=700,R1n=4095,ts="2026-04-15T15:57:36Z" 1776265035403308751
sensors,bucket=Set1,host=5c931c7f607a,topic=/Set1 C1=3998,C2=3997,T1=21.6,R3=4095,ts="2026-04-15T15:57:48Z" 1776265047556805423
sensors,bucket=Set2,host=5c931c7f607a,topic=/Set2 C3=3900,C4=3867,W1=681,R1n=4095,ts="2026-04-15T15:57:51Z" 1776265050200958867
sensors,bucket=Set1,host=5c931c7f607a,topic=/Set1 C1=3997,C2=3997,T1=21.6,R3=4095,ts="2026-04-15T15:58:03Z" 1776265062358623525
sensors,bucket=Set2,host=5c931c7f607a,topic=/Set2 C3=3871,C4=3815,W1=679,R1n=4095,ts="2026-04-15T15:58:05Z" 1776265064999572534
sensors,bucket=Set1,host=5c931c7f607a,topic=/Set1 C1=3996,C2=3997,T1=21.6,R3=4095,ts="2026-04-15T15:58:17Z" 1776265077157811396
sensors,bucket=Set2,host=5c931c7f607a,topic=/Set2 C3=3821,C4=3791,W1=700,R1n=4095,ts="2026-04-15T15:58:20Z" 1776265079800989911
sensors,bucket=Set1,host=5c931c7f607a,topic=/Set1 C1=3998,C2=3996,T1=21.6,R3=4095,ts="2026-04-15T15:58:32Z" 1776265091958067442
sensors,bucket=Set2,host=5c931c7f607a,topic=/Set2 C3=3834,C4=3801,W1=727,R1n=4095,ts="2026-04-15T15:58:35Z" 1776265094600896455
sensors,bucket=Set1,host=5c931c7f607a,topic=/Set1 C1=3998,C2=3997,T1=21.6,R3=4095,ts="2026-04-15T15:58:47Z" 1776265106765552348
sensors,bucket=Set2,host=5c931c7f607a,topic=/Set2 C3=3821,C4=3897,W1=730,R1n=4095,ts="2026-04-15T15:58:50Z" 1776265109413995328
sensors,bucket=Set1,host=5c931c7f607a,topic=/Set1 C1=3996,C2=3995,T1=21.6,R3=4095,ts="2026-04-15T15:59:02Z" 1776265121563251121
sensors,bucket=Set2,host=5c931c7f607a,topic=/Set2 C3=3898,C4=3883,W1=712,R1n=4095,ts="2026-04-15T15:59:05Z" 1776265124202258350
sensors,bucket=Set2,host=0ab295d3c243,topic=/Set2 C3=3911,C4=3847,W1=670,R1n=4095,ts="2026-04-15T16:04:30Z" 1776265454222632276
sensors,bucket=Set1,host=0ab295d3c243,topic=/Set1 C1=3997,C2=3997,T1=21.7,R3=4095,ts="2026-04-15T16:04:27Z" 1776265454222686881
sensors,bucket=Set1,host=0ab295d3c243,topic=/Set1 C1=3996,C2=3995,T1=21.7,R3=4095,ts="2026-04-15T16:04:42Z" 1776265461953306983
sensors,bucket=Set2,host=0ab295d3c243,topic=/Set2 C3=3899,C4=3822,W1=670,R1n=4095,ts="2026-04-15T16:04:45Z" 1776265464592748400
sensors,bucket=Set1,host=0ab295d3c243,topic=/Set1 C1=3997,C2=3995,T1=21.6,R3=4095,ts="2026-04-15T16:04:57Z" 1776265476770444792
sensors,bucket=Set2,host=0ab295d3c243,topic=/Set2 C3=3884,C4=3807,W1=665,R1n=4095,ts="2026-04-15T16:05:00Z" 1776265479392019171
sensors,bucket=Set1,host=0ab295d3c243,topic=/Set1 C1=3997,C2=3994,T1=21.7,R3=4095,ts="2026-04-15T16:05:12Z" 1776265491556392474
sensors,bucket=Set2,host=0ab295d3c243,topic=/Set2 C3=3855,C4=3791,W1=668,R1n=4095,ts="2026-04-15T16:05:15Z" 1776265494191936177
sensors,bucket=Set1,host=0ab295d3c243,topic=/Set1 C1=3997,C2=3996,T1=21.6,R3=4095,ts="2026-04-15T16:05:27Z" 1776265506357008925
sensors,bucket=Set2,host=0ab295d3c243,topic=/Set2 C3=3808,C4=3820,W1=733,R1n=4095,ts="2026-04-15T16:05:29Z" 1776265508992745217
sensors,bucket=Set1,host=0ab295d3c243,topic=/Set1 C1=3997,C2=3996,T1=21.6,R3=4095,ts="2026-04-15T16:05:41Z" 1776265521160392257
sensors,bucket=Set2,host=0ab295d3c243,topic=/Set2 C3=3839,C4=3901,W1=727,R1n=4095,ts="2026-04-15T16:05:44Z" 1776265523796370752
sensors,bucket=Set1,host=0ab295d3c243,topic=/Set1 C1=3997,C2=3996,T1=21.6,R3=4095,ts="2026-04-15T16:05:56Z" 1776265535953612711
sensors,bucket=Set2,host=0ab295d3c243,topic=/Set2 C3=3930,C4=3882,W1=702,R1n=4095,ts="2026-04-15T16:05:59Z" 1776265538589633545
sensors,bucket=Set1,host=0ab295d3c243,topic=/Set1 C1=3996,C2=3996,T1=21.7,R3=4095,ts="2026-04-15T16:06:11Z" 1776265550752490965
sensors,bucket=Set2,host=0ab295d3c243,topic=/Set2 C3=3919,C4=3870,W1=684,R1n=4095,ts="2026-04-15T16:06:14Z" 1776265553399223307
sensors,bucket=Set1,host=0ab295d3c243,topic=/Set1 C1=3997,C2=3996,T1=21.7,R3=4095,ts="2026-04-15T16:06:26Z" 1776265565553938451
sensors,bucket=Set2,host=0ab295d3c243,topic=/Set2 C3=3912,C4=3833,W1=666,R1n=4095,ts="2026-04-15T16:06:29Z" 1776265568192740716
sensors,bucket=Set1,host=0ab295d3c243,topic=/Set1 C1=3997,C2=3996,T1=21.6,R3=4095,ts="2026-04-15T16:06:41Z" 1776265580350943612
sensors,bucket=Set2,host=0ab295d3c243,topic=/Set2 C3=3855,C4=3801,W1=666,R1n=4095,ts="2026-04-15T16:06:43Z" 1776265582993967824
sensors,bucket=Set1,host=0ab295d3c243,topic=/Set1 C1=3997,C2=3995,T1=21.7,R3=4095,ts="2026-04-15T16:06:55Z" 1776265595152482605
sensors,bucket=Set2,host=0ab295d3c243,topic=/Set2 C3=3836,C4=3787,W1=703,R1n=4095,ts="2026-04-15T16:06:58Z" 1776265597789252114
sensors,bucket=Set1,host=0ab295d3c243,topic=/Set1 C1=3998,C2=3996,T1=21.7,R3=4095,ts="2026-04-15T16:07:10Z" 1776265609952641921
sensors,bucket=Set2,host=0ab295d3c243,topic=/Set2 C3=3818,C4=3888,W1=720,R1n=4095,ts="2026-04-15T16:07:13Z" 1776265612592169228
sensors,bucket=Set1,host=0ab295d3c243,topic=/Set1 C1=3997,C2=3996,T1=21.7,R3=4095,ts="2026-04-15T16:07:25Z" 1776265624748909431
sensors,bucket=Set2,host=0ab295d3c243,topic=/Set2 C3=3913,C4=3898,W1=712,R1n=4095,ts="2026-04-15T16:07:28Z" 1776265627389896390
sensors,bucket=Set1,host=0ab295d3c243,topic=/Set1 C1=3996,C2=3995,T1=21.7,R3=4095,ts="2026-04-15T16:07:40Z" 1776265639553747083
sensors,bucket=Set2,host=0ab295d3c243,topic=/Set2 C3=3913,C4=3867,W1=665,R1n=4095,ts="2026-04-15T16:07:43Z" 1776265642192475375
sensors,bucket=Set2,host=0ab295d3c243,topic=/Set2 C3=3885,C4=3882,W1=686,R1n=4095,ts="2026-04-15T16:07:57Z" 1776265657067231961
sensors,bucket=Set1,host=0ab295d3c243,topic=/Set1 C1=4006,C2=3999,T1=21.7,R3=4095,ts="2026-04-15T16:07:57Z" 1776265657124640907
sensors,bucket=Set2,host=0ab295d3c243,topic=/Set2 C3=3833,C4=3895,W1=714,R1n=4095,ts="2026-04-15T16:08:12Z" 1776265671863694878
sensors,bucket=Set1,host=0ab295d3c243,topic=/Set1 C1=3997,C2=3997,T1=21.7,R3=4095,ts="2026-04-15T16:08:12Z" 1776265671926462109
sensors,bucket=Set2,host=0ab295d3c243,topic=/Set2 C3=3915,C4=3883,W1=670,R1n=4095,ts="2026-04-15T16:08:27Z" 1776265686661620782
sensors,bucket=Set1,host=0ab295d3c243,topic=/Set1 C1=3997,C2=3996,T1=21.7,R3=4095,ts="2026-04-15T16:08:27Z" 1776265686722681862
sensors,bucket=Set2,host=0ab295d3c243,topic=/Set2 C3=3881,C4=3807,W1=652,R1n=4095,ts="2026-04-15T16:08:42Z" 1776265701466358199
sensors,bucket=Set1,host=0ab295d3c243,topic=/Set1 C1=3998,C2=3997,T1=21.7,R3=4095,ts="2026-04-15T16:08:42Z" 1776265701525357271
sensors,bucket=Set2,host=0ab295d3c243,topic=/Set2 C3=3816,C4=3855,W1=716,R1n=4095,ts="2026-04-15T16:08:57Z" 1776265716259161595
sensors,bucket=Set1,host=0ab295d3c243,topic=/Set1 C1=3997,C2=3997,T1=21.7,R3=4095,ts="2026-04-15T16:08:57Z" 1776265716329937104
sensors,bucket=Set2,host=0ab295d3c243,topic=/Set2 C3=3904,C4=3886,W1=700,R1n=4095,ts="2026-04-15T16:09:11Z" 1776265731065226563
sensors,bucket=Set1,host=0ab295d3c243,topic=/Set1 C1=3998,C2=3996,T1=21.7,R3=4095,ts="2026-04-15T16:09:11Z" 1776265731128310230
sensors,bucket=Set2,host=0ab295d3c243,topic=/Set2 C3=3897,C4=3807,W1=653,R1n=4095,ts="2026-04-15T16:09:26Z" 1776265745861884548
sensors,bucket=Set1,host=0ab295d3c243,topic=/Set1 C1=3997,C2=3996,T1=21.7,R3=4095,ts="2026-04-15T16:09:26Z" 1776265745923810489
sensors,bucket=Set2,host=0ab295d3c243,topic=/Set2 C3=3807,C4=3831,W1=727,R1n=4095,ts="2026-04-15T16:09:41Z" 1776265760661553223
sensors,bucket=Set1,host=0ab295d3c243,topic=/Set1 C1=3998,C2=3996,T1=21.7,R3=4095,ts="2026-04-15T16:09:41Z" 1776265760723273984
sensors,bucket=Set2,host=0ab295d3c243,topic=/Set2 C3=3929,C4=3896,W1=697,R1n=4095,ts="2026-04-15T16:09:56Z" 1776265775462138765
sensors,bucket=Set1,host=0ab295d3c243,topic=/Set1 C1=3997,C2=3996,T1=21.7,R3=4095,ts="2026-04-15T16:09:56Z" 1776265775521851716
sensors,bucket=Set2,host=0ab295d3c243,topic=/Set2 C3=3883,C4=3800,W1=652,R1n=4095,ts="2026-04-15T16:10:11Z" 1776265790264234137
sensors,bucket=Set1,host=0ab295d3c243,topic=/Set1 C1=3998,C2=3996,T1=21.7,R3=4095,ts="2026-04-15T16:10:11Z" 1776265790324850878
sensors,bucket=Set2,host=0ab295d3c243,topic=/Set2 C3=3818,C4=3849,W1=717,R1n=4095,ts="2026-04-15T16:10:25Z" 1776265805060653017
sensors,bucket=Set1,host=0ab295d3c243,topic=/Set1 C1=3997,C2=3996,T1=21.7,R3=4095,ts="2026-04-15T16:10:25Z" 1776265805124874322
sensors,bucket=Set2,host=0ab295d3c243,topic=/Set2 C3=3917,C4=3879,W1=685,R1n=4095,ts="2026-04-15T16:10:40Z" 1776265819878965271
sensors,bucket=Set1,host=0ab295d3c243,topic=/Set1 C1=3997,C2=3995,T1=21.8,R3=4095,ts="2026-04-15T16:10:40Z" 1776265819924721588
sensors,bucket=Set2,host=0ab295d3c243,topic=/Set2 C3=3880,C4=3799,W1=649,R1n=4095,ts="2026-04-15T16:10:55Z" 1776265834659811094
sensors,bucket=Set1,host=0ab295d3c243,topic=/Set1 C1=3996,C2=3995,T1=21.7,R3=4095,ts="2026-04-15T16:10:55Z" 1776265834718833273
sensors,bucket=Set2,host=0ab295d3c243,topic=/Set2 C3=3820,C4=3896,W1=717,R1n=4095,ts="2026-04-15T16:11:10Z" 1776265849464552130
sensors,bucket=Set1,host=0ab295d3c243,topic=/Set1 C1=3997,C2=3995,T1=21.7,R3=4095,ts="2026-04-15T16:11:10Z" 1776265849523963028
sensors,bucket=Set2,host=0ab295d3c243,topic=/Set2 C3=3902,C4=3853,W1=682,R1n=4095,ts="2026-04-15T16:11:25Z" 1776265864265875112
sensors,bucket=Set1,host=0ab295d3c243,topic=/Set1 C1=3998,C2=3996,T1=21.7,R3=4095,ts="2026-04-15T16:11:25Z" 1776265864320155405
sensors,bucket=Set2,host=0ab295d3c243,topic=/Set2 C3=3833,C4=3789,W1=686,R1n=4095,ts="2026-04-15T16:11:39Z" 1776265879061337930
sensors,bucket=Set1,host=0ab295d3c243,topic=/Set1 C1=3997,C2=3996,T1=21.8,R3=4095,ts="2026-04-15T16:11:39Z" 1776265879123230174
sensors,bucket=Set2,host=0ab295d3c243,topic=/Set2 C3=3903,C4=3896,W1=715,R1n=4095,ts="2026-04-15T16:11:54Z" 1776265893857507750
sensors,bucket=Set1,host=0ab295d3c243,topic=/Set1 C1=3997,C2=3997,T1=21.7,R3=4095,ts="2026-04-15T16:11:54Z" 1776265893923441461
sensors,bucket=Set2,host=0ab295d3c243,topic=/Set2 C3=3886,C4=3821,W1=648,R1n=4095,ts="2026-04-15T16:12:09Z" 1776265908658413367
sensors,bucket=Set1,host=0ab295d3c243,topic=/Set1 C1=3997,C2=3996,T1=21.7,R3=4095,ts="2026-04-15T16:12:09Z" 1776265908719789319
sensors,bucket=Set2,host=0ab295d3c243,topic=/Set2 C3=3899,C4=3896,W1=699,R1n=4095,ts="2026-04-15T16:12:24Z" 1776265923463049085
sensors,bucket=Set1,host=0ab295d3c243,topic=/Set1 C1=3997,C2=3996,T1=21.7,R3=4095,ts="2026-04-15T16:12:24Z" 1776265923521598824
sensors,bucket=Set2,host=8a64927ac8a9,topic=/Set2 C3=3820,C4=3790,W1=684,R1n=4095,ts="2026-04-15T16:13:23Z" 1776265994501412526
sensors,bucket=Set1,host=8a64927ac8a9,topic=/Set1 C1=3997,C2=3996,T1=21.8,R3=4095,ts="2026-04-15T16:13:23Z" 1776265994501458677
sensors,bucket=Set2,host=8a64927ac8a9,topic=/Set2 C3=3883,C4=3822,W1=651,R1n=4095,ts="2026-04-15T16:13:38Z" 1776265997503633529
sensors,bucket=Set1,host=8a64927ac8a9,topic=/Set1 C1=3998,C2=3997,T1=21.8,R3=4095,ts="2026-04-15T16:13:38Z" 1776265997557416609
sensors,bucket=Set2,host=8a64927ac8a9,topic=/Set2 C3=3918,C4=3880,W1=685,R1n=4095,ts="2026-04-15T16:13:53Z" 1776266012294471603
sensors,bucket=Set1,host=8a64927ac8a9,topic=/Set1 C1=3996,C2=3995,T1=21.8,R3=4095,ts="2026-04-15T16:13:53Z" 1776266012350366131
sensors,bucket=Set2,host=8a64927ac8a9,topic=/Set2 C3=3818,C4=3806,W1=712,R1n=4095,ts="2026-04-15T16:14:07Z" 1776266027059954163
sensors,bucket=Set1,host=8a64927ac8a9,topic=/Set1 C1=3997,C2=3996,T1=21.8,R3=4095,ts="2026-04-15T16:14:07Z" 1776266027121192229
sensors,bucket=Set2,host=8a64927ac8a9,topic=/Set2 C3=3871,C4=3815,W1=648,R1n=4095,ts="2026-04-15T16:14:22Z" 1776266041860008619
sensors,bucket=Set1,host=8a64927ac8a9,topic=/Set1 C1=3998,C2=3997,T1=21.7,R3=4095,ts="2026-04-15T16:14:22Z" 1776266041926432970
sensors,bucket=Set2,host=8a64927ac8a9,topic=/Set2 C3=3918,C4=3901,W1=681,R1n=4095,ts="2026-04-15T16:14:37Z" 1776266056676493651
sensors,bucket=Set1,host=8a64927ac8a9,topic=/Set1 C1=3997,C2=3996,T1=21.8,R3=4095,ts="2026-04-15T16:14:37Z" 1776266056739795909
sensors,bucket=Set2,host=8a64927ac8a9,topic=/Set2 C3=3822,C4=3802,W1=704,R1n=4095,ts="2026-04-15T16:14:52Z" 1776266071464572519
sensors,bucket=Set1,host=8a64927ac8a9,topic=/Set1 C1=3997,C2=3997,T1=21.8,R3=4095,ts="2026-04-15T16:14:52Z" 1776266071523540780
sensors,bucket=Set2,host=8a64927ac8a9,topic=/Set2 C3=3901,C4=3821,W1=648,R1n=4095,ts="2026-04-15T16:15:07Z" 1776266086256846929
sensors,bucket=Set1,host=8a64927ac8a9,topic=/Set1 C1=3997,C2=3997,T1=21.8,R3=4095,ts="2026-04-15T16:15:07Z" 1776266086317454875
sensors,bucket=Set2,host=8a64927ac8a9,topic=/Set2 C3=3899,C4=3901,W1=681,R1n=4095,ts="2026-04-15T16:15:21Z" 1776266101059118053
sensors,bucket=Set1,host=8a64927ac8a9,topic=/Set1 C1=3997,C2=3997,T1=21.8,R3=4095,ts="2026-04-15T16:15:21Z" 1776266101122403571
sensors,bucket=Set2,host=8a64927ac8a9,topic=/Set2 C3=3820,C4=3790,W1=683,R1n=4095,ts="2026-04-15T16:15:36Z" 1776266115855326646
sensors,bucket=Set1,host=8a64927ac8a9,topic=/Set1 C1=3997,C2=3996,T1=21.8,R3=4095,ts="2026-04-15T16:15:36Z" 1776266115917103719
sensors,bucket=Set2,host=8a64927ac8a9,topic=/Set2 C3=3912,C4=3807,W1=637,R1n=4095,ts="2026-04-15T16:15:51Z" 1776266130705612941
sensors,bucket=Set1,host=8a64927ac8a9,topic=/Set1 C1=3997,C2=3996,T1=21.8,R3=4095,ts="2026-04-15T16:15:51Z" 1776266130775123507
sensors,bucket=Set2,host=8a64927ac8a9,topic=/Set2 C3=3916,C4=3897,W1=684,R1n=4095,ts="2026-04-15T16:16:06Z" 1776266145498879731
sensors,bucket=Set1,host=8a64927ac8a9,topic=/Set1 C1=3997,C2=3996,T1=21.8,R3=4095,ts="2026-04-15T16:16:06Z" 1776266145562760148
sensors,bucket=Set2,host=8a64927ac8a9,topic=/Set2 C3=3835,C4=3802,W1=682,R1n=4095,ts="2026-04-15T16:16:21Z" 1776266160255703008
sensors,bucket=Set1,host=8a64927ac8a9,topic=/Set1 C1=3998,C2=3997,T1=21.8,R3=4095,ts="2026-04-15T16:16:21Z" 1776266160319192063
sensors,bucket=Set2,host=8a64927ac8a9,topic=/Set2 C3=3895,C4=3835,W1=649,R1n=4095,ts="2026-04-15T16:16:35Z" 1776266175058988269
sensors,bucket=Set1,host=8a64927ac8a9,topic=/Set1 C1=3997,C2=3997,T1=21.8,R3=4095,ts="2026-04-15T16:16:35Z" 1776266175117543152
sensors,bucket=Set2,host=8a64927ac8a9,topic=/Set2 C3=3915,C4=3896,W1=685,R1n=4095,ts="2026-04-15T16:16:50Z" 1776266189875848860
sensors,bucket=Set1,host=8a64927ac8a9,topic=/Set1 C1=3997,C2=3996,T1=21.8,R3=4095,ts="2026-04-15T16:16:50Z" 1776266189924059386
sensors,bucket=Set2,host=8a64927ac8a9,topic=/Set2 C3=3817,C4=3800,W1=711,R1n=4095,ts="2026-04-15T16:17:05Z" 1776266204664563870
sensors,bucket=Set1,host=8a64927ac8a9,topic=/Set1 C1=3997,C2=3997,T1=21.8,R3=4095,ts="2026-04-15T16:17:05Z" 1776266204725430382
sensors,bucket=Set2,host=8a64927ac8a9,topic=/Set2 C3=3916,C4=3911,W1=697,R1n=4095,ts="2026-04-15T16:17:35Z" 1776266234253662237
sensors,bucket=Set1,host=8a64927ac8a9,topic=/Set1 C1=3999,C2=3997,T1=21.8,R3=4095,ts="2026-04-15T16:17:35Z" 1776266234315874538
sensors,bucket=Set2,host=8a64927ac8a9,topic=/Set2 C3=3834,C4=3800,W1=665,R1n=4095,ts="2026-04-15T16:17:49Z" 1776266249058493286
sensors,bucket=Set1,host=8a64927ac8a9,topic=/Set1 C1=3998,C2=3997,T1=21.8,R3=4095,ts="2026-04-15T16:17:49Z" 1776266249122432540
sensors,bucket=Set1,host=8a64927ac8a9,topic=/Set1 C1=4007,C2=4007,T1=21.8,R3=4095,ts="2026-04-15T16:18:07Z" 1776266266641173626
sensors,bucket=Set2,host=8a64927ac8a9,topic=/Set2 C3=3821,C4=3880,W1=715,R1n=4095,ts="2026-04-15T16:18:07Z" 1776266266748903592
sensors,bucket=Set1,host=8a64927ac8a9,topic=/Set1 C1=3999,C2=3997,T1=21.8,R3=4095,ts="2026-04-15T16:18:22Z" 1776266281404549364
sensors,bucket=Set2,host=8a64927ac8a9,topic=/Set2 C3=3880,C4=3817,W1=653,R1n=4095,ts="2026-04-15T16:18:22Z" 1776266281546875179
sensors,bucket=Set1,host=8a64927ac8a9,topic=/Set1 C1=3998,C2=3996,T1=21.8,R3=4095,ts="2026-04-15T16:18:37Z" 1776266296235582859
sensors,bucket=Set2,host=8a64927ac8a9,topic=/Set2 C3=3901,C4=3904,W1=713,R1n=4095,ts="2026-04-15T16:18:37Z" 1776266296378459599
sensors,bucket=Set1,host=8a64927ac8a9,topic=/Set1 C1=3998,C2=3997,T1=21.8,R3=4095,ts="2026-04-15T16:18:51Z" 1776266311029991301
sensors,bucket=Set2,host=8a64927ac8a9,topic=/Set2 C3=3849,C4=3804,W1=655,R1n=4095,ts="2026-04-15T16:18:52Z" 1776266311172897546
sensors,bucket=Set1,host=8a64927ac8a9,topic=/Set1 C1=3998,C2=3996,T1=21.8,R3=4095,ts="2026-04-15T16:19:06Z" 1776266325806595172
sensors,bucket=Set2,host=8a64927ac8a9,topic=/Set2 C3=3927,C4=3902,W1=699,R1n=4095,ts="2026-04-15T16:19:06Z" 1776266325950470539
sensors,bucket=Set1,host=8a64927ac8a9,topic=/Set1 C1=3997,C2=3996,T1=21.8,R3=4095,ts="2026-04-15T16:19:21Z" 1776266340606367308
sensors,bucket=Set2,host=8a64927ac8a9,topic=/Set2 C3=3831,C4=3791,W1=672,R1n=4095,ts="2026-04-15T16:19:21Z" 1776266340753422640
sensors,bucket=Set1,host=8a64927ac8a9,topic=/Set1 C1=3998,C2=3998,T1=21.8,R3=4095,ts="2026-04-15T16:19:36Z" 1776266355404595440
sensors,bucket=Set2,host=8a64927ac8a9,topic=/Set2 C3=3928,C4=3885,W1=685,R1n=4095,ts="2026-04-15T16:19:36Z" 1776266355547246290
sensors,bucket=Set1,host=8a64927ac8a9,topic=/Set1 C1=3998,C2=3996,T1=21.8,R3=4095,ts="2026-04-15T16:19:51Z" 1776266370211683842
sensors,bucket=Set2,host=8a64927ac8a9,topic=/Set2 C3=3815,C4=3788,W1=696,R1n=4095,ts="2026-04-15T16:19:51Z" 1776266370356973789
sensors,bucket=Set1,host=8a64927ac8a9,topic=/Set1 C1=3997,C2=3997,T1=21.8,R3=4095,ts="2026-04-15T16:20:05Z" 1776266385008917867
sensors,bucket=Set2,host=8a64927ac8a9,topic=/Set2 C3=3916,C4=3837,W1=680,R1n=4095,ts="2026-04-15T16:20:06Z" 1776266385150709864
sensors,bucket=Set1,host=8a64927ac8a9,topic=/Set1 C1=3998,C2=3995,T1=21.8,R3=4095,ts="2026-04-15T16:20:20Z" 1776266399809229224
sensors,bucket=Set2,host=8a64927ac8a9,topic=/Set2 C3=3849,C4=3903,W1=716,R1n=4095,ts="2026-04-15T16:20:20Z" 1776266399949921455
sensors,bucket=Set1,host=8a64927ac8a9,topic=/Set1 C1=3997,C2=3996,T1=21.8,R3=4095,ts="2026-04-15T16:20:35Z" 1776266414605364382
sensors,bucket=Set2,host=8a64927ac8a9,topic=/Set2 C3=3864,C4=3801,W1=649,R1n=4095,ts="2026-04-15T16:20:35Z" 1776266414747559591
sensors,bucket=Set1,host=8a64927ac8a9,topic=/Set1 C1=3997,C2=3996,T1=21.8,R3=4095,ts="2026-04-15T16:20:50Z" 1776266429407433189
sensors,bucket=Set2,host=8a64927ac8a9,topic=/Set2 C3=3926,C4=3898,W1=702,R1n=4095,ts="2026-04-15T16:20:50Z" 1776266429549415545
sensors,bucket=Set1,host=8a64927ac8a9,topic=/Set1 C1=3997,C2=3995,T1=21.8,R3=4095,ts="2026-04-15T16:21:05Z" 1776266444222074887
sensors,bucket=Set2,host=8a64927ac8a9,topic=/Set2 C3=3822,C4=3789,W1=713,R1n=4095,ts="2026-04-15T16:21:05Z" 1776266444348103294
sensors,bucket=Set1,host=8a64927ac8a9,topic=/Set1 C1=3996,C2=3996,T1=21.8,R3=4095,ts="2026-04-15T16:21:19Z" 1776266459005607120
sensors,bucket=Set2,host=8a64927ac8a9,topic=/Set2 C3=3902,C4=3864,W1=650,R1n=4095,ts="2026-04-15T16:21:20Z" 1776266459146815713
sensors,bucket=Set1,host=8a64927ac8a9,topic=/Set1 C1=3997,C2=3995,T1=21.8,R3=4095,ts="2026-04-15T16:21:34Z" 1776266473803189517
sensors,bucket=Set2,host=8a64927ac8a9,topic=/Set2 C3=3816,C4=3868,W1=703,R1n=4095,ts="2026-04-15T16:21:34Z" 1776266473946866892
sensors,bucket=Set1,host=8a64927ac8a9,topic=/Set1 C1=3997,C2=3996,T1=21.8,R3=4095,ts="2026-04-15T16:21:49Z" 1776266488605121344
sensors,bucket=Set2,host=8a64927ac8a9,topic=/Set2 C3=3899,C4=3836,W1=647,R1n=4095,ts="2026-04-15T16:21:49Z" 1776266488750595049
sensors,bucket=Set1,host=8a64927ac8a9,topic=/Set1 C1=3997,C2=3996,T1=21.8,R3=4095,ts="2026-04-15T16:22:04Z" 1776266503405850884
sensors,bucket=Set2,host=8a64927ac8a9,topic=/Set2 C3=3902,C4=3914,W1=714,R1n=4095,ts="2026-04-15T16:22:04Z" 1776266503550518799
sensors,bucket=Set1,host=8a64927ac8a9,topic=/Set1 C1=3997,C2=3995,T1=21.8,R3=4095,ts="2026-04-15T16:22:19Z" 1776266518205685872
sensors,bucket=Set2,host=8a64927ac8a9,topic=/Set2 C3=3831,C4=3799,W1=638,R1n=4095,ts="2026-04-15T16:22:19Z" 1776266518352785647
sensors,bucket=Set1,host=8a64927ac8a9,topic=/Set1 C1=3997,C2=3995,T1=21.8,R3=4095,ts="2026-04-15T16:22:33Z" 1776266533003081797
sensors,bucket=Set2,host=8a64927ac8a9,topic=/Set2 C3=3914,C4=3899,W1=696,R1n=4095,ts="2026-04-15T16:22:34Z" 1776266533145397769
sensors,bucket=Set1,host=8a64927ac8a9,topic=/Set1 C1=3997,C2=3997,T1=21.8,R3=4095,ts="2026-04-15T16:22:48Z" 1776266547806122854
sensors,bucket=Set2,host=8a64927ac8a9,topic=/Set2 C3=3838,C4=3789,W1=654,R1n=4095,ts="2026-04-15T16:22:48Z" 1776266547946328767
sensors,bucket=Set1,host=8a64927ac8a9,topic=/Set1 C1=3998,C2=3997,T1=21.8,R3=4095,ts="2026-04-15T16:23:03Z" 1776266562602396314
sensors,bucket=Set2,host=8a64927ac8a9,topic=/Set2 C3=3932,C4=3886,W1=700,R1n=4095,ts="2026-04-15T16:23:03Z" 1776266562744286430
sensors,bucket=Set1,host=8a64927ac8a9,topic=/Set1 C1=3997,C2=3996,T1=21.8,R3=4095,ts="2026-04-15T16:23:18Z" 1776266577402386285
sensors,bucket=Set2,host=8a64927ac8a9,topic=/Set2 C3=3830,C4=3790,W1=686,R1n=4095,ts="2026-04-15T16:23:18Z" 1776266577545964613
sensors,bucket=Set1,host=8a64927ac8a9,topic=/Set1 C1=3997,C2=3996,T1=21.8,R3=4095,ts="2026-04-15T16:23:33Z" 1776266592203662848
sensors,bucket=Set2,host=8a64927ac8a9,topic=/Set2 C3=3918,C4=3897,W1=670,R1n=4095,ts="2026-04-15T16:23:33Z" 1776266592347311733
sensors,bucket=Set1,host=8a64927ac8a9,topic=/Set1 C1=3998,C2=3997,T1=21.8,R3=4095,ts="2026-04-15T16:23:47Z" 1776266607005460383
sensors,bucket=Set2,host=8a64927ac8a9,topic=/Set2 C3=3850,C4=3791,W1=652,R1n=4095,ts="2026-04-15T16:23:48Z" 1776266607148074399
sensors,bucket=Set1,host=8a64927ac8a9,topic=/Set1 C1=3998,C2=3998,T1=21.8,R3=4095,ts="2026-04-15T16:24:02Z" 1776266621801762039
sensors,bucket=Set2,host=8a64927ac8a9,topic=/Set2 C3=3887,C4=3912,W1=712,R1n=4095,ts="2026-04-15T16:24:02Z" 1776266621945730177
sensors,bucket=Set1,host=8a64927ac8a9,topic=/Set1 C1=3996,C2=3996,T1=21.8,R3=4095,ts="2026-04-15T16:24:17Z" 1776266636602784936
sensors,bucket=Set2,host=8a64927ac8a9,topic=/Set2 C3=3896,C4=3835,W1=649,R1n=4095,ts="2026-04-15T16:24:17Z" 1776266636747393405
sensors,bucket=Set1,host=8a64927ac8a9,topic=/Set1 C1=3997,C2=3996,T1=21.8,R3=4095,ts="2026-04-15T16:24:32Z" 1776266651403651485
sensors,bucket=Set2,host=8a64927ac8a9,topic=/Set2 C3=3821,C4=3912,W1=696,R1n=4095,ts="2026-04-15T16:24:32Z" 1776266651544774799
sensors,bucket=Set1,host=8a64927ac8a9,topic=/Set1 C1=3997,C2=3995,T1=21.8,R3=4095,ts="2026-04-15T16:24:47Z" 1776266666206633752
sensors,bucket=Set2,host=8a64927ac8a9,topic=/Set2 C3=3882,C4=3805,W1=639,R1n=4095,ts="2026-04-15T16:24:47Z" 1776266666347465182
sensors,bucket=Set1,host=8a64927ac8a9,topic=/Set1 C1=3998,C2=3996,T1=21.8,R3=4095,ts="2026-04-15T16:25:01Z" 1776266681004388035
sensors,bucket=Set2,host=8a64927ac8a9,topic=/Set2 C3=3886,C4=3914,W1=700,R1n=4095,ts="2026-04-15T16:25:02Z" 1776266681144808996
sensors,bucket=Set1,host=8a64927ac8a9,topic=/Set1 C1=3997,C2=3997,T1=21.8,R3=4095,ts="2026-04-15T16:25:16Z" 1776266695802191613
sensors,bucket=Set2,host=8a64927ac8a9,topic=/Set2 C3=3849,C4=3791,W1=638,R1n=4095,ts="2026-04-15T16:25:16Z" 1776266695947332660
sensors,bucket=Set1,host=8a64927ac8a9,topic=/Set1 C1=4000,C2=3998,T1=21.8,R3=4095,ts="2026-04-15T16:25:31Z" 1776266710603948333
sensors,bucket=Set2,host=8a64927ac8a9,topic=/Set2 C3=3917,C4=3899,W1=685,R1n=4095,ts="2026-04-15T16:25:31Z" 1776266710747177966
sensors,bucket=Set1,host=8a64927ac8a9,topic=/Set1 C1=3996,C2=3997,T1=21.8,R3=4095,ts="2026-04-15T16:25:46Z" 1776266725408102580
sensors,bucket=Set2,host=8a64927ac8a9,topic=/Set2 C3=3839,C4=3791,W1=654,R1n=4095,ts="2026-04-15T16:25:46Z" 1776266725546957342
sensors,bucket=Set1,host=8a64927ac8a9,topic=/Set1 C1=3997,C2=3997,T1=21.8,R3=4095,ts="2026-04-15T16:26:01Z" 1776266740201896877
sensors,bucket=Set2,host=8a64927ac8a9,topic=/Set2 C3=3934,C4=3912,W1=682,R1n=4095,ts="2026-04-15T16:26:01Z" 1776266740344787958
sensors,bucket=Set1,host=8a64927ac8a9,topic=/Set1 C1=3998,C2=3997,T1=21.8,R3=4095,ts="2026-04-15T16:26:15Z" 1776266755000721326
sensors,bucket=Set2,host=8a64927ac8a9,topic=/Set2 C3=3836,C4=3785,W1=671,R1n=4095,ts="2026-04-15T16:26:16Z" 1776266755144539808
sensors,bucket=Set1,host=8a64927ac8a9,topic=/Set1 C1=3997,C2=3996,T1=21.8,R3=4095,ts="2026-04-15T16:26:30Z" 1776266769800660795
sensors,bucket=Set2,host=8a64927ac8a9,topic=/Set2 C3=3933,C4=3900,W1=669,R1n=4095,ts="2026-04-15T16:26:30Z" 1776266769940906835
sensors,bucket=Set1,host=8a64927ac8a9,topic=/Set1 C1=3998,C2=3997,T1=21.8,R3=4095,ts="2026-04-15T16:26:45Z" 1776266784605199068
sensors,bucket=Set2,host=8a64927ac8a9,topic=/Set2 C3=3819,C4=3788,W1=697,R1n=4095,ts="2026-04-15T16:26:45Z" 1776266784750520293
sensors,bucket=Set1,host=8a64927ac8a9,topic=/Set1 C1=3998,C2=3997,T1=21.8,R3=4095,ts="2026-04-15T16:27:00Z" 1776266799408030445
sensors,bucket=Set2,host=8a64927ac8a9,topic=/Set2 C3=3930,C4=3867,W1=639,R1n=4095,ts="2026-04-15T16:27:00Z" 1776266799540596828
sensors,bucket=Set1,host=8a64927ac8a9,topic=/Set1 C1=3997,C2=3996,T1=21.8,R3=4095,ts="2026-04-15T16:27:15Z" 1776266814204538944
sensors,bucket=Set2,host=8a64927ac8a9,topic=/Set2 C3=3817,C4=3869,W1=715,R1n=4095,ts="2026-04-15T16:27:15Z" 1776266814345665466
sensors,bucket=Set1,host=8a64927ac8a9,topic=/Set1 C1=3997,C2=3996,T1=21.8,R3=4095,ts="2026-04-15T16:27:29Z" 1776266829000418204
sensors,bucket=Set2,host=8a64927ac8a9,topic=/Set2 C3=3912,C4=3848,W1=648,R1n=4095,ts="2026-04-15T16:27:30Z" 1776266829143606491
sensors,bucket=Set1,host=8a64927ac8a9,topic=/Set1 C1=3996,C2=3995,T1=21.8,R3=4095,ts="2026-04-15T16:27:44Z" 1776266843802960321
sensors,bucket=Set2,host=8a64927ac8a9,topic=/Set2 C3=3805,C4=3865,W1=713,R1n=4095,ts="2026-04-15T16:27:44Z" 1776266843945735640
sensors,bucket=Set1,host=8a64927ac8a9,topic=/Set1 C1=3998,C2=3996,T1=21.8,R3=4095,ts="2026-04-15T16:27:59Z" 1776266858603805502
sensors,bucket=Set2,host=8a64927ac8a9,topic=/Set2 C3=3918,C4=3839,W1=649,R1n=4095,ts="2026-04-15T16:27:59Z" 1776266858742623910
sensors,bucket=Set1,host=8a64927ac8a9,topic=/Set1 C1=3998,C2=3998,T1=21.8,R3=4095,ts="2026-04-15T16:28:16Z" 1776266875925984969
sensors,bucket=Set2,host=8a64927ac8a9,topic=/Set2 C3=3819,C4=3872,W1=715,R1n=4095,ts="2026-04-15T16:28:17Z" 1776266876751190416
sensors,bucket=Set1,host=8a64927ac8a9,topic=/Set1 C1=3998,C2=3997,T1=21.8,R3=4095,ts="2026-04-15T16:28:31Z" 1776266890721900044
sensors,bucket=Set2,host=8a64927ac8a9,topic=/Set2 C3=3818,C4=3895,W1=715,R1n=4095,ts="2026-04-15T16:28:32Z" 1776266891547835661
sensors,bucket=Set1,host=8a64927ac8a9,topic=/Set1 C1=3997,C2=3996,T1=21.8,R3=4095,ts="2026-04-15T16:28:46Z" 1776266905524795440
sensors,bucket=Set2,host=8a64927ac8a9,topic=/Set2 C3=3911,C4=3849,W1=652,R1n=4095,ts="2026-04-15T16:28:47Z" 1776266906350089441
sensors,bucket=Set1,host=8a64927ac8a9,topic=/Set1 C1=3996,C2=3996,T1=21.8,R3=4095,ts="2026-04-15T16:29:01Z" 1776266920324234864
sensors,bucket=Set2,host=8a64927ac8a9,topic=/Set2 C3=3823,C4=3852,W1=714,R1n=4095,ts="2026-04-15T16:29:02Z" 1776266921146872609
sensors,bucket=Set1,host=8a64927ac8a9,topic=/Set1 C1=3997,C2=3996,T1=21.8,R3=4095,ts="2026-04-15T16:29:15Z" 1776266935122338527
sensors,bucket=Set1,host=8a64927ac8a9,topic=/Set1 C1=3999,C2=3998,T1=21.8,R3=4095,ts="2026-04-15T16:29:30Z" 1776266949923371215
sensors,bucket=Set2,host=8a64927ac8a9,topic=/Set2 C3=3818,C4=3881,W1=717,R1n=4095,ts="2026-04-15T16:29:31Z" 1776266950745648183
sensors,bucket=Set1,host=8a64927ac8a9,topic=/Set1 C1=3997,C2=3998,T1=21.8,R3=4095,ts="2026-04-15T16:29:45Z" 1776266964721629058
sensors,bucket=Set2,host=8a64927ac8a9,topic=/Set2 C3=3918,C4=3836,W1=656,R1n=4095,ts="2026-04-15T16:29:46Z" 1776266967101355697
sensors,bucket=Set1,host=8a64927ac8a9,topic=/Set1 C1=3997,C2=3996,T1=21.8,R3=4095,ts="2026-04-15T16:30:00Z" 1776266979520615730
sensors,bucket=Set2,host=8a64927ac8a9,topic=/Set2 C3=3816,C4=3800,W1=719,R1n=4095,ts="2026-04-15T16:30:01Z" 1776266980347057146
sensors,bucket=Set1,host=8a64927ac8a9,topic=/Set1 C1=3998,C2=3996,T1=21.8,R3=4095,ts="2026-04-15T16:30:15Z" 1776266994323057785
sensors,bucket=Set2,host=8a64927ac8a9,topic=/Set2 C3=3942,C4=3869,W1=654,R1n=4095,ts="2026-04-15T16:30:16Z" 1776266995147193532
sensors,bucket=Set1,host=8a64927ac8a9,topic=/Set1 C1=3998,C2=3996,T1=21.8,R3=4095,ts="2026-04-15T16:30:29Z" 1776267009120074337
sensors,bucket=Set2,host=8a64927ac8a9,topic=/Set2 C3=3815,C4=3792,W1=715,R1n=4095,ts="2026-04-15T16:30:30Z" 1776267009947089111
sensors,bucket=Set1,host=8a64927ac8a9,topic=/Set1 C1=3998,C2=3996,T1=21.8,R3=4095,ts="2026-04-15T16:30:44Z" 1776267023920915197
sensors,bucket=Set2,host=8a64927ac8a9,topic=/Set2 C3=3944,C4=3870,W1=667,R1n=4095,ts="2026-04-15T16:30:45Z" 1776267024789062191
sensors,bucket=Set1,host=8a64927ac8a9,topic=/Set1 C1=3997,C2=3996,T1=21.8,R3=4095,ts="2026-04-15T16:30:59Z" 1776267038721315483
sensors,bucket=Set2,host=8a64927ac8a9,topic=/Set2 C3=3816,C4=3790,W1=711,R1n=4095,ts="2026-04-15T16:31:00Z" 1776267039548471645
sensors,bucket=Set1,host=8a64927ac8a9,topic=/Set1 C1=3997,C2=3996,T1=21.8,R3=4095,ts="2026-04-15T16:31:14Z" 1776267053520783047
sensors,bucket=Set2,host=8a64927ac8a9,topic=/Set2 C3=3928,C4=3887,W1=681,R1n=4095,ts="2026-04-15T16:31:15Z" 1776267054349205912
sensors,bucket=Set1,host=8a64927ac8a9,topic=/Set1 C1=3997,C2=3997,T1=21.8,R3=4095,ts="2026-04-15T16:31:29Z" 1776267068318710609
sensors,bucket=Set2,host=8a64927ac8a9,topic=/Set2 C3=3834,C4=3788,W1=696,R1n=4095,ts="2026-04-15T16:31:30Z" 1776267069144652450
sensors,bucket=Set1,host=8a64927ac8a9,topic=/Set1 C1=3997,C2=3995,T1=21.9,R3=4095,ts="2026-04-15T16:31:43Z" 1776267083119012944
sensors,bucket=Set2,host=8a64927ac8a9,topic=/Set2 C3=3945,C4=3902,W1=684,R1n=4095,ts="2026-04-15T16:31:44Z" 1776267083949052925
sensors,bucket=Set1,host=8a64927ac8a9,topic=/Set1 C1=3998,C2=3996,T1=21.9,R3=4095,ts="2026-04-15T16:31:58Z" 1776267097917243131
sensors,bucket=Set2,host=8a64927ac8a9,topic=/Set2 C3=3818,C4=3787,W1=700,R1n=4095,ts="2026-04-15T16:31:59Z" 1776267098746046046
sensors,bucket=Set1,host=8a64927ac8a9,topic=/Set1 C1=3996,C2=3995,T1=21.8,R3=4095,ts="2026-04-15T16:32:13Z" 1776267112718947416
sensors,bucket=Set2,host=8a64927ac8a9,topic=/Set2 C3=3935,C4=3881,W1=648,R1n=4095,ts="2026-04-15T16:32:14Z" 1776267113545839699
sensors,bucket=Set1,host=8a64927ac8a9,topic=/Set1 C1=3997,C2=3996,T1=21.9,R3=4095,ts="2026-04-15T16:32:28Z" 1776267127519877721
sensors,bucket=Set2,host=8a64927ac8a9,topic=/Set2 C3=3816,C4=3801,W1=715,R1n=4095,ts="2026-04-15T16:32:29Z" 1776267128344044246
sensors,bucket=Set1,host=8a64927ac8a9,topic=/Set1 C1=3996,C2=3996,T1=21.9,R3=4095,ts="2026-04-15T16:32:43Z" 1776267142357417531
sensors,bucket=Set2,host=8a64927ac8a9,topic=/Set2 C3=3918,C4=3863,W1=653,R1n=4095,ts="2026-04-15T16:32:44Z" 1776267143149373900
sensors,bucket=Set1,host=8a64927ac8a9,topic=/Set1 C1=3997,C2=3996,T1=21.9,R3=4095,ts="2026-04-15T16:32:57Z" 1776267157118108920
sensors,bucket=Set2,host=8a64927ac8a9,topic=/Set2 C3=3818,C4=3821,W1=715,R1n=4095,ts="2026-04-15T16:32:58Z" 1776267157944012171
sensors,bucket=Set1,host=8a64927ac8a9,topic=/Set1 C1=3997,C2=3996,T1=21.9,R3=4095,ts="2026-04-15T16:33:12Z" 1776267171923481262
sensors,bucket=Set2,host=8a64927ac8a9,topic=/Set2 C3=3930,C4=3849,W1=654,R1n=4095,ts="2026-04-15T16:33:13Z" 1776267172747161446
sensors,bucket=Set1,host=8a64927ac8a9,topic=/Set1 C1=3997,C2=3995,T1=21.9,R3=4095,ts="2026-04-15T16:33:27Z" 1776267186714681096
sensors,bucket=Set2,host=8a64927ac8a9,topic=/Set2 C3=3816,C4=3853,W1=715,R1n=4095,ts="2026-04-15T16:33:28Z" 1776267187544184277
sensors,bucket=Set1,host=8a64927ac8a9,topic=/Set1 C1=3997,C2=3996,T1=21.9,R3=4095,ts="2026-04-15T16:33:42Z" 1776267201523115746
sensors,bucket=Set2,host=8a64927ac8a9,topic=/Set2 C3=3915,C4=3865,W1=654,R1n=4095,ts="2026-04-15T16:33:43Z" 1776267202343961603
sensors,bucket=Set1,host=8a64927ac8a9,topic=/Set1 C1=3997,C2=3995,T1=21.9,R3=4095,ts="2026-04-15T16:33:57Z" 1776267216316461910
sensors,bucket=Set2,host=8a64927ac8a9,topic=/Set2 C3=3808,C4=3807,W1=719,R1n=4095,ts="2026-04-15T16:33:58Z" 1776267217141382382
sensors,bucket=Set1,host=8a64927ac8a9,topic=/Set1 C1=3997,C2=3995,T1=21.9,R3=4095,ts="2026-04-15T16:34:11Z" 1776267231115651102
sensors,bucket=Set2,host=8a64927ac8a9,topic=/Set2 C3=3929,C4=3854,W1=655,R1n=4095,ts="2026-04-15T16:34:12Z" 1776267231943495605
sensors,bucket=Set1,host=8a64927ac8a9,topic=/Set1 C1=3996,C2=3996,T1=21.8,R3=4095,ts="2026-04-15T16:34:26Z" 1776267245914478854
sensors,bucket=Set2,host=8a64927ac8a9,topic=/Set2 C3=3807,C4=3800,W1=717,R1n=4095,ts="2026-04-15T16:34:27Z" 1776267246739771393
sensors,bucket=Set1,host=8a64927ac8a9,topic=/Set1 C1=3997,C2=3995,T1=21.9,R3=4095,ts="2026-04-15T16:34:41Z" 1776267260713735771
sensors,bucket=Set2,host=8a64927ac8a9,topic=/Set2 C3=3932,C4=3900,W1=679,R1n=4095,ts="2026-04-15T16:34:42Z" 1776267261540262033
sensors,bucket=Set1,host=8a64927ac8a9,topic=/Set1 C1=3997,C2=3996,T1=21.9,R3=4095,ts="2026-04-15T16:34:56Z" 1776267275512654465
sensors,bucket=Set2,host=8a64927ac8a9,topic=/Set2 C3=3823,C4=3785,W1=666,R1n=4095,ts="2026-04-15T16:34:57Z" 1776267276337883842
sensors,bucket=Set1,host=8a64927ac8a9,topic=/Set1 C1=3996,C2=3996,T1=21.9,R3=4095,ts="2026-04-15T16:35:11Z" 1776267290312856323
sensors,bucket=Set2,host=8a64927ac8a9,topic=/Set2 C3=3918,C4=3898,W1=697,R1n=4095,ts="2026-04-15T16:35:12Z" 1776267291141788774
sensors,bucket=Set1,host=8a64927ac8a9,topic=/Set1 C1=3996,C2=3996,T1=21.9,R3=4095,ts="2026-04-15T16:35:25Z" 1776267305110230187
sensors,bucket=Set2,host=8a64927ac8a9,topic=/Set2 C3=3837,C4=3805,W1=652,R1n=4095,ts="2026-04-15T16:35:26Z" 1776267305937101763
sensors,bucket=Set1,host=8a64927ac8a9,topic=/Set1 C1=3998,C2=3997,T1=21.9,R3=4095,ts="2026-04-15T16:35:40Z" 1776267319909050413
sensors,bucket=Set2,host=8a64927ac8a9,topic=/Set2 C3=3932,C4=3915,W1=713,R1n=4095,ts="2026-04-15T16:35:41Z" 1776267320740115727
sensors,bucket=Set1,host=8a64927ac8a9,topic=/Set1 C1=3998,C2=3996,T1=21.9,R3=4095,ts="2026-04-15T16:35:55Z" 1776267334709206629
sensors,bucket=Set2,host=8a64927ac8a9,topic=/Set2 C3=3855,C4=3789,W1=652,R1n=4095,ts="2026-04-15T16:35:56Z" 1776267335536993279
sensors,bucket=Set1,host=8a64927ac8a9,topic=/Set1 C1=3997,C2=3995,T1=21.9,R3=4095,ts="2026-04-15T16:36:10Z" 1776267349510321146
sensors,bucket=Set2,host=8a64927ac8a9,topic=/Set2 C3=3869,C4=3919,W1=719,R1n=4095,ts="2026-04-15T16:36:11Z" 1776267350337834377
sensors,bucket=Set1,host=8a64927ac8a9,topic=/Set1 C1=3997,C2=3996,T1=21.9,R3=4095,ts="2026-04-15T16:36:25Z" 1776267364309431953
sensors,bucket=Set2,host=8a64927ac8a9,topic=/Set2 C3=3900,C4=3804,W1=640,R1n=4095,ts="2026-04-15T16:36:26Z" 1776267365131199875
sensors,bucket=Set1,host=8a64927ac8a9,topic=/Set1 C1=3997,C2=3997,T1=21.9,R3=4095,ts="2026-04-15T16:36:39Z" 1776267379126244076
sensors,bucket=Set2,host=8a64927ac8a9,topic=/Set2 C3=3831,C4=3863,W1=726,R1n=4095,ts="2026-04-15T16:36:40Z" 1776267379933170903
sensors,bucket=Set1,host=8a64927ac8a9,topic=/Set1 C1=3998,C2=3996,T1=21.9,R3=4095,ts="2026-04-15T16:36:54Z" 1776267393907433654
sensors,bucket=Set2,host=8a64927ac8a9,topic=/Set2 C3=3927,C4=3871,W1=654,R1n=4095,ts="2026-04-15T16:36:55Z" 1776267394731438079
sensors,bucket=Set1,host=8a64927ac8a9,topic=/Set1 C1=3996,C2=3996,T1=21.9,R3=4095,ts="2026-04-15T16:37:09Z" 1776267408710097940
sensors,bucket=Set2,host=8a64927ac8a9,topic=/Set2 C3=3805,C4=3800,W1=730,R1n=4095,ts="2026-04-15T16:37:10Z" 1776267409539335737
sensors,bucket=Set1,host=8a64927ac8a9,topic=/Set1 C1=3996,C2=3995,T1=21.9,R3=4095,ts="2026-04-15T16:37:24Z" 1776267423513543172
sensors,bucket=Set2,host=8a64927ac8a9,topic=/Set2 C3=3933,C4=3896,W1=680,R1n=4095,ts="2026-04-15T16:37:25Z" 1776267424332662153
sensors,bucket=Set1,host=8a64927ac8a9,topic=/Set1 C1=3997,C2=3996,T1=21.9,R3=4095,ts="2026-04-15T16:37:39Z" 1776267438307734468
sensors,bucket=Set2,host=8a64927ac8a9,topic=/Set2 C3=3823,C4=3789,W1=715,R1n=4095,ts="2026-04-15T16:37:40Z" 1776267439132987151
sensors,bucket=Set1,host=8a64927ac8a9,topic=/Set1 C1=3996,C2=3996,T1=21.9,R3=4095,ts="2026-04-15T16:37:53Z" 1776267453107212696
sensors,bucket=Set2,host=8a64927ac8a9,topic=/Set2 C3=3933,C4=3866,W1=650,R1n=4095,ts="2026-04-15T16:37:54Z" 1776267453931448695
sensors,bucket=Set1,host=8a64927ac8a9,topic=/Set1 C1=3996,C2=3996,T1=21.9,R3=4095,ts="2026-04-15T16:38:08Z" 1776267467904777227
sensors,bucket=Set2,host=8a64927ac8a9,topic=/Set2 C3=3806,C4=3823,W1=713,R1n=4095,ts="2026-04-15T16:38:09Z" 1776267468731770560
sensors,bucket=Set1,host=8a64927ac8a9,topic=/Set1 C1=3996,C2=3995,T1=21.9,R3=4095,ts="2026-04-15T16:38:23Z" 1776267482704153076
sensors,bucket=Set2,host=8a64927ac8a9,topic=/Set2 C3=3917,C4=3880,W1=651,R1n=4095,ts="2026-04-15T16:38:24Z" 1776267483529368013
sensors,bucket=Set1,host=8a64927ac8a9,topic=/Set1 C1=3997,C2=3996,T1=21.9,R3=4095,ts="2026-04-15T16:38:38Z" 1776267497505567291
sensors,bucket=Set2,host=8a64927ac8a9,topic=/Set2 C3=3807,C4=3880,W1=713,R1n=4095,ts="2026-04-15T16:38:39Z" 1776267498328888537
sensors,bucket=Set1,host=8a64927ac8a9,topic=/Set1 C1=3997,C2=3996,T1=21.9,R3=4095,ts="2026-04-15T16:38:53Z" 1776267512302327151
sensors,bucket=Set2,host=8a64927ac8a9,topic=/Set2 C3=3920,C4=3864,W1=656,R1n=4095,ts="2026-04-15T16:38:54Z" 1776267513129841920
sensors,bucket=Set1,host=8a64927ac8a9,topic=/Set1 C1=3997,C2=3996,T1=21.9,R3=4095,ts="2026-04-15T16:39:07Z" 1776267527194999906
sensors,bucket=Set2,host=8a64927ac8a9,topic=/Set2 C3=3807,C4=3871,W1=710,R1n=4095,ts="2026-04-15T16:39:08Z" 1776267527936835372
sensors,bucket=Set1,host=8a64927ac8a9,topic=/Set1 C1=3997,C2=3996,T1=21.9,R3=4095,ts="2026-04-15T16:39:22Z" 1776267541901810276
sensors,bucket=Set2,host=8a64927ac8a9,topic=/Set2 C3=3915,C4=3865,W1=650,R1n=4095,ts="2026-04-15T16:39:23Z" 1776267542728121428
sensors,bucket=Set1,host=8a64927ac8a9,topic=/Set1 C1=3997,C2=3995,T1=21.9,R3=4095,ts="2026-04-15T16:39:37Z" 1776267556701570492
sensors,bucket=Set2,host=8a64927ac8a9,topic=/Set2 C3=3806,C4=3835,W1=713,R1n=4095,ts="2026-04-15T16:39:38Z" 1776267557530504090
sensors,bucket=Set1,host=8a64927ac8a9,topic=/Set1 C1=3997,C2=3996,T1=21.9,R3=4095,ts="2026-04-15T16:39:52Z" 1776267571501383848
sensors,bucket=Set2,host=8a64927ac8a9,topic=/Set2 C3=3914,C4=3852,W1=648,R1n=4095,ts="2026-04-15T16:39:53Z" 1776267572325199891
sensors,bucket=Set1,host=8a64927ac8a9,topic=/Set1 C1=3996,C2=3995,T1=21.9,R3=4095,ts="2026-04-15T16:40:07Z" 1776267586305957747
sensors,bucket=Set2,host=8a64927ac8a9,topic=/Set2 C3=3816,C4=3871,W1=702,R1n=4095,ts="2026-04-15T16:40:08Z" 1776267587129737559
sensors,bucket=Set1,host=8a64927ac8a9,topic=/Set1 C1=3996,C2=3995,T1=21.9,R3=4095,ts="2026-04-15T16:40:21Z" 1776267601103690885
sensors,bucket=Set2,host=8a64927ac8a9,topic=/Set2 C3=3897,C4=3835,W1=633,R1n=4095,ts="2026-04-15T16:40:22Z" 1776267601926126025
sensors,bucket=Set1,host=8a64927ac8a9,topic=/Set1 C1=3997,C2=3997,T1=21.9,R3=4095,ts="2026-04-15T16:40:36Z" 1776267615902429226
sensors,bucket=Set2,host=8a64927ac8a9,topic=/Set2 C3=3807,C4=3899,W1=702,R1n=4095,ts="2026-04-15T16:40:37Z" 1776267616726766806
sensors,bucket=Set1,host=8a64927ac8a9,topic=/Set1 C1=3997,C2=3996,T1=21.9,R3=4095,ts="2026-04-15T16:40:51Z" 1776267630700956171
sensors,bucket=Set2,host=8a64927ac8a9,topic=/Set2 C3=3869,C4=3790,W1=635,R1n=4095,ts="2026-04-15T16:40:52Z" 1776267631525136698
sensors,bucket=Set1,host=8a64927ac8a9,topic=/Set1 C1=3997,C2=3996,T1=21.9,R3=4095,ts="2026-04-15T16:41:06Z" 1776267645502863565
sensors,bucket=Set2,host=8a64927ac8a9,topic=/Set2 C3=3911,C4=3898,W1=696,R1n=4095,ts="2026-04-15T16:41:07Z" 1776267646325638792
sensors,bucket=Set1,host=8a64927ac8a9,topic=/Set1 C1=3997,C2=3996,T1=21.9,R3=4095,ts="2026-04-15T16:41:21Z" 1776267660301423208
sensors,bucket=Set2,host=8a64927ac8a9,topic=/Set2 C3=3850,C4=3800,W1=651,R1n=4095,ts="2026-04-15T16:41:22Z" 1776267661124844063
sensors,bucket=Set1,host=8a64927ac8a9,topic=/Set1 C1=3997,C2=3996,T1=21.9,R3=4095,ts="2026-04-15T16:41:35Z" 1776267675096978071
sensors,bucket=Set2,host=8a64927ac8a9,topic=/Set2 C3=3919,C4=3888,W1=665,R1n=4095,ts="2026-04-15T16:41:36Z" 1776267675925228261
sensors,bucket=Set1,host=8a64927ac8a9,topic=/Set1 C1=3997,C2=3996,T1=21.9,R3=4095,ts="2026-04-15T16:41:50Z" 1776267689897917389
sensors,bucket=Set2,host=8a64927ac8a9,topic=/Set2 C3=3806,C4=3879,W1=687,R1n=4095,ts="2026-04-15T16:41:51Z" 1776267690721632475
sensors,bucket=Set1,host=8a64927ac8a9,topic=/Set1 C1=3997,C2=3995,T1=21.9,R3=4095,ts="2026-04-15T16:42:05Z" 1776267704696670709
sensors,bucket=Set2,host=8a64927ac8a9,topic=/Set2 C3=3838,C4=3790,W1=633,R1n=4095,ts="2026-04-15T16:42:06Z" 1776267705522846937
sensors,bucket=Set1,host=8a64927ac8a9,topic=/Set1 C1=3996,C2=3996,T1=21.9,R3=4095,ts="2026-04-15T16:42:20Z" 1776267719496941968
sensors,bucket=Set2,host=8a64927ac8a9,topic=/Set2 C3=3943,C4=3902,W1=680,R1n=4095,ts="2026-04-15T16:42:21Z" 1776267720325110669
sensors,bucket=Set1,host=8a64927ac8a9,topic=/Set1 C1=3997,C2=3997,T1=21.9,R3=4095,ts="2026-04-15T16:42:35Z" 1776267734295027923
sensors,bucket=Set2,host=8a64927ac8a9,topic=/Set2 C3=3804,C4=3846,W1=713,R1n=4095,ts="2026-04-15T16:42:36Z" 1776267735120489168
sensors,bucket=Set1,host=8a64927ac8a9,topic=/Set1 C1=3997,C2=3996,T1=21.9,R3=4095,ts="2026-04-15T16:42:49Z" 1776267749115625113
sensors,bucket=Set2,host=8a64927ac8a9,topic=/Set2 C3=3879,C4=3806,W1=636,R1n=4095,ts="2026-04-15T16:42:50Z" 1776267749921660464
sensors,bucket=Set1,host=8a64927ac8a9,topic=/Set1 C1=3997,C2=3997,T1=21.9,R3=4095,ts="2026-04-15T16:43:04Z" 1776267763895969112
sensors,bucket=Set2,host=8a64927ac8a9,topic=/Set2 C3=3930,C4=3880,W1=685,R1n=4095,ts="2026-04-15T16:43:05Z" 1776267764720990775
sensors,bucket=Set1,host=8a64927ac8a9,topic=/Set1 C1=3997,C2=3997,T1=21.9,R3=4095,ts="2026-04-15T16:43:19Z" 1776267778697321890
sensors,bucket=Set2,host=8a64927ac8a9,topic=/Set2 C3=3820,C4=3867,W1=700,R1n=4095,ts="2026-04-15T16:43:20Z" 1776267779522295010
sensors,bucket=Set1,host=8a64927ac8a9,topic=/Set1 C1=3998,C2=3996,T1=21.9,R3=4095,ts="2026-04-15T16:43:34Z" 1776267793495993608
sensors,bucket=Set2,host=8a64927ac8a9,topic=/Set2 C3=3855,C4=3815,W1=637,R1n=4095,ts="2026-04-15T16:43:35Z" 1776267794322785493
sensors,bucket=Set1,host=8a64927ac8a9,topic=/Set1 C1=3997,C2=3996,T1=21.9,R3=4095,ts="2026-04-15T16:43:49Z" 1776267808297467120
sensors,bucket=Set2,host=8a64927ac8a9,topic=/Set2 C3=3919,C4=3870,W1=669,R1n=4095,ts="2026-04-15T16:43:50Z" 1776267809127072004
sensors,bucket=Set1,host=8a64927ac8a9,topic=/Set1 C1=3998,C2=3997,T1=21.9,R3=4095,ts="2026-04-15T16:44:03Z" 1776267823093332870
sensors,bucket=Set2,host=8a64927ac8a9,topic=/Set2 C3=3816,C4=3914,W1=711,R1n=4095,ts="2026-04-15T16:44:04Z" 1776267823920522918
sensors,bucket=Set1,host=8a64927ac8a9,topic=/Set1 C1=3998,C2=3996,T1=21.9,R3=4095,ts="2026-04-15T16:44:18Z" 1776267837897111568
sensors,bucket=Set2,host=8a64927ac8a9,topic=/Set2 C3=3869,C4=3788,W1=632,R1n=4095,ts="2026-04-15T16:44:19Z" 1776267838765654445
sensors,bucket=Set1,host=8a64927ac8a9,topic=/Set1 C1=3997,C2=3997,T1=21.9,R3=4095,ts="2026-04-15T16:44:33Z" 1776267852702881287
sensors,bucket=Set2,host=8a64927ac8a9,topic=/Set2 C3=3916,C4=3887,W1=654,R1n=4095,ts="2026-04-15T16:44:34Z" 1776267853527931661
sensors,bucket=Set1,host=8a64927ac8a9,topic=/Set1 C1=3997,C2=3996,T1=21.9,R3=4095,ts="2026-04-15T16:44:48Z" 1776267867495910077
sensors,bucket=Set2,host=8a64927ac8a9,topic=/Set2 C3=3805,C4=3880,W1=713,R1n=4095,ts="2026-04-15T16:44:49Z" 1776267868319166404
sensors,bucket=Set1,host=8a64927ac8a9,topic=/Set1 C1=3997,C2=3996,T1=21.9,R3=4095,ts="2026-04-15T16:45:03Z" 1776267882294575342
sensors,bucket=Set2,host=8a64927ac8a9,topic=/Set2 C3=3868,C4=3804,W1=633,R1n=4095,ts="2026-04-15T16:45:04Z" 1776267883117169870
sensors,bucket=Set1,host=8a64927ac8a9,topic=/Set1 C1=3998,C2=3996,T1=21.9,R3=4095,ts="2026-04-15T16:45:17Z" 1776267897095597683
sensors,bucket=Set2,host=8a64927ac8a9,topic=/Set2 C3=3919,C4=3899,W1=665,R1n=4095,ts="2026-04-15T16:45:18Z" 1776267897921181190
sensors,bucket=Set1,host=8a64927ac8a9,topic=/Set1 C1=3998,C2=3996,T1=21.9,R3=4095,ts="2026-04-15T16:45:32Z" 1776267911891913141
sensors,bucket=Set2,host=8a64927ac8a9,topic=/Set2 C3=3817,C4=3896,W1=715,R1n=4095,ts="2026-04-15T16:45:33Z" 1776267912715594112
sensors,bucket=Set1,host=8a64927ac8a9,topic=/Set1 C1=3996,C2=3995,T1=21.9,R3=4095,ts="2026-04-15T16:45:47Z" 1776267926694941014
sensors,bucket=Set2,host=8a64927ac8a9,topic=/Set2 C3=3823,C4=3801,W1=638,R1n=4095,ts="2026-04-15T16:45:48Z" 1776267927517072023
sensors,bucket=Set1,host=8a64927ac8a9,topic=/Set1 C1=3998,C2=3995,T1=21.9,R3=4095,ts="2026-04-15T16:46:02Z" 1776267941496881797
sensors,bucket=Set2,host=8a64927ac8a9,topic=/Set2 C3=3914,C4=3853,W1=648,R1n=4095,ts="2026-04-15T16:46:03Z" 1776267942314423656
sensors,bucket=Set1,host=8a64927ac8a9,topic=/Set1 C1=3997,C2=3997,T1=21.9,R3=4095,ts="2026-04-15T16:46:17Z" 1776267956292112086
sensors,bucket=Set2,host=8a64927ac8a9,topic=/Set2 C3=3897,C4=3913,W1=712,R1n=4095,ts="2026-04-15T16:46:18Z" 1776267957118903825
sensors,bucket=Set1,host=8a64927ac8a9,topic=/Set1 C1=3997,C2=3997,T1=21.9,R3=4095,ts="2026-04-15T16:46:31Z" 1776267971090092403
sensors,bucket=Set2,host=8a64927ac8a9,topic=/Set2 C3=3822,C4=3790,W1=698,R1n=4095,ts="2026-04-15T16:46:32Z" 1776267971921119319
sensors,bucket=Set1,host=8a64927ac8a9,topic=/Set1 C1=3997,C2=3996,T1=21.9,R3=4095,ts="2026-04-15T16:46:46Z" 1776267985892498319
sensors,bucket=Set2,host=8a64927ac8a9,topic=/Set2 C3=3864,C4=3801,W1=623,R1n=4095,ts="2026-04-15T16:46:47Z" 1776267986715035181
sensors,bucket=Set1,host=8a64927ac8a9,topic=/Set1 C1=3996,C2=3996,T1=21.9,R3=4095,ts="2026-04-15T16:47:01Z" 1776268000691882565
sensors,bucket=Set2,host=8a64927ac8a9,topic=/Set2 C3=3931,C4=3887,W1=664,R1n=4095,ts="2026-04-15T16:47:02Z" 1776268001514753776
sensors,bucket=Set1,host=8a64927ac8a9,topic=/Set1 C1=3997,C2=3996,T1=21.9,R3=4095,ts="2026-04-15T16:47:16Z" 1776268015491706977
sensors,bucket=Set2,host=8a64927ac8a9,topic=/Set2 C3=3837,C4=3904,W1=700,R1n=4095,ts="2026-04-15T16:47:17Z" 1776268016313624402
sensors,bucket=Set1,host=8a64927ac8a9,topic=/Set1 C1=3997,C2=3997,T1=21.9,R3=4095,ts="2026-04-15T16:47:31Z" 1776268030287978756
sensors,bucket=Set2,host=8a64927ac8a9,topic=/Set2 C3=3815,C4=3788,W1=696,R1n=4095,ts="2026-04-15T16:47:32Z" 1776268031145368922
sensors,bucket=Set1,host=8a64927ac8a9,topic=/Set1 C1=3997,C2=3996,T1=21.9,R3=4095,ts="2026-04-15T16:47:45Z" 1776268045092264289
sensors,bucket=Set2,host=8a64927ac8a9,topic=/Set2 C3=3903,C4=3800,W1=635,R1n=4095,ts="2026-04-15T16:47:46Z" 1776268045913295200
sensors,bucket=Set1,host=8a64927ac8a9,topic=/Set1 C1=3998,C2=3997,T1=21.9,R3=4095,ts="2026-04-15T16:48:00Z" 1776268059886854451
sensors,bucket=Set2,host=8a64927ac8a9,topic=/Set2 C3=3944,C4=3901,W1=684,R1n=4095,ts="2026-04-15T16:48:01Z" 1776268060710488227
sensors,bucket=Set1,host=8a64927ac8a9,topic=/Set1 C1=3998,C2=3996,T1=21.9,R3=4095,ts="2026-04-15T16:48:15Z" 1776268074690632412
sensors,bucket=Set2,host=8a64927ac8a9,topic=/Set2 C3=3818,C4=3897,W1=712,R1n=4095,ts="2026-04-15T16:48:16Z" 1776268075518574706
sensors,bucket=Set1,host=8a64927ac8a9,topic=/Set1 C1=3998,C2=3996,T1=21.9,R3=4095,ts="2026-04-15T16:48:30Z" 1776268089485336733
sensors,bucket=Set2,host=8a64927ac8a9,topic=/Set2 C3=3833,C4=3784,W1=665,R1n=4095,ts="2026-04-15T16:48:31Z" 1776268090309808809
sensors,bucket=Set1,host=8a64927ac8a9,topic=/Set1 C1=4007,C2=3999,T1=21.9,R3=4095,ts="2026-04-15T16:48:48Z" 1776268107232727405
sensors,bucket=Set2,host=8a64927ac8a9,topic=/Set2 C3=3920,C4=3867,W1=649,R1n=4095,ts="2026-04-15T16:49:00Z" 1776268119907078653
sensors,bucket=Set1,host=8a64927ac8a9,topic=/Set1 C1=3998,C2=3997,T1=21.9,R3=4095,ts="2026-04-15T16:49:02Z" 1776268122028868176
sensors,bucket=Set2,host=8a64927ac8a9,topic=/Set2 C3=3904,C4=3900,W1=702,R1n=4095,ts="2026-04-15T16:49:15Z" 1776268134710775568
sensors,bucket=Set1,host=8a64927ac8a9,topic=/Set1 C1=3998,C2=3998,T1=21.9,R3=4095,ts="2026-04-15T16:49:17Z" 1776268136832765653
sensors,bucket=Set2,host=8a64927ac8a9,topic=/Set2 C3=3816,C4=3867,W1=712,R1n=4095,ts="2026-04-15T16:49:30Z" 1776268149506355312
sensors,bucket=Set1,host=8a64927ac8a9,topic=/Set1 C1=3997,C2=3996,T1=21.9,R3=4095,ts="2026-04-15T16:49:32Z" 1776268151629684591
sensors,bucket=Set2,host=8a64927ac8a9,topic=/Set2 C3=3837,C4=3787,W1=650,R1n=4095,ts="2026-04-15T16:49:45Z" 1776268164307321910
sensors,bucket=Set1,host=8a64927ac8a9,topic=/Set1 C1=3998,C2=3996,T1=21.9,R3=4095,ts="2026-04-15T16:49:47Z" 1776268166430131521
sensors,bucket=Set2,host=8a64927ac8a9,topic=/Set2 C3=3917,C4=3849,W1=635,R1n=4095,ts="2026-04-15T16:50:00Z" 1776268179108613470
sensors,bucket=Set1,host=8a64927ac8a9,topic=/Set1 C1=3998,C2=3997,T1=22,R3=4095,ts="2026-04-15T16:50:02Z" 1776268181246214828
sensors,bucket=Set2,host=8a64927ac8a9,topic=/Set2 C3=3944,C4=3900,W1=679,R1n=4095,ts="2026-04-15T16:50:14Z" 1776268193909395284
sensors,bucket=Set1,host=8a64927ac8a9,topic=/Set1 C1=3998,C2=3996,T1=21.9,R3=4095,ts="2026-04-15T16:50:16Z" 1776268196030882040
sensors,bucket=Set2,host=8a64927ac8a9,topic=/Set2 C3=3884,C4=3904,W1=701,R1n=4095,ts="2026-04-15T16:50:29Z" 1776268208717475374
sensors,bucket=Set1,host=8a64927ac8a9,topic=/Set1 C1=3996,C2=3995,T1=22,R3=4095,ts="2026-04-15T16:50:31Z" 1776268210830357196
sensors,bucket=Set2,host=8a64927ac8a9,topic=/Set2 C3=3808,C4=3802,W1=701,R1n=4095,ts="2026-04-15T16:50:44Z" 1776268223510638367
sensors,bucket=Set1,host=8a64927ac8a9,topic=/Set1 C1=3996,C2=3995,T1=22,R3=4095,ts="2026-04-15T16:50:46Z" 1776268225628405755
sensors,bucket=Set2,host=8a64927ac8a9,topic=/Set2 C3=3847,C4=3784,W1=653,R1n=4095,ts="2026-04-15T16:50:59Z" 1776268238306436350
sensors,bucket=Set1,host=8a64927ac8a9,topic=/Set1 C1=3997,C2=3996,T1=22,R3=4095,ts="2026-04-15T16:51:01Z" 1776268240429983976
sensors,bucket=Set2,host=8a64927ac8a9,topic=/Set2 C3=3854,C4=3788,W1=634,R1n=4095,ts="2026-04-15T16:51:14Z" 1776268253131254939
sensors,bucket=Set1,host=8a64927ac8a9,topic=/Set1 C1=3998,C2=3996,T1=22,R3=4095,ts="2026-04-15T16:51:16Z" 1776268255230908809
sensors,bucket=Set2,host=8a64927ac8a9,topic=/Set2 C3=3911,C4=3815,W1=633,R1n=4095,ts="2026-04-15T16:51:28Z" 1776268267906859817
sensors,bucket=Set1,host=8a64927ac8a9,topic=/Set1 C1=3997,C2=3995,T1=21.9,R3=4095,ts="2026-04-15T16:51:30Z" 1776268270029500625
sensors,bucket=Set2,host=8a64927ac8a9,topic=/Set2 C3=3927,C4=3869,W1=640,R1n=4095,ts="2026-04-15T16:51:43Z" 1776268282706735364
sensors,bucket=Set1,host=8a64927ac8a9,topic=/Set1 C1=3997,C2=3996,T1=22,R3=4095,ts="2026-04-15T16:51:45Z" 1776268284828662597
sensors,bucket=Set2,host=8a64927ac8a9,topic=/Set2 C3=3944,C4=3911,W1=654,R1n=4095,ts="2026-04-15T16:51:58Z" 1776268297504382666
sensors,bucket=Set1,host=8a64927ac8a9,topic=/Set1 C1=3996,C2=3995,T1=22,R3=4095,ts="2026-04-15T16:52:00Z" 1776268299626971622
sensors,bucket=Set2,host=8a64927ac8a9,topic=/Set2 C3=3864,C4=3896,W1=684,R1n=4095,ts="2026-04-15T16:52:13Z" 1776268312304940462
sensors,bucket=Set1,host=8a64927ac8a9,topic=/Set1 C1=3996,C2=3996,T1=22,R3=4095,ts="2026-04-15T16:52:15Z" 1776268314425996337
sensors,bucket=Set2,host=8a64927ac8a9,topic=/Set2 C3=3815,C4=3902,W1=685,R1n=4095,ts="2026-04-15T16:52:28Z" 1776268327103676274
sensors,bucket=Set1,host=8a64927ac8a9,topic=/Set1 C1=3997,C2=3997,T1=22,R3=4095,ts="2026-04-15T16:52:30Z" 1776268329229125521
sensors,bucket=Set2,host=8a64927ac8a9,topic=/Set2 C3=3822,C4=3886,W1=680,R1n=4095,ts="2026-04-15T16:52:42Z" 1776268341905760732
sensors,bucket=Set1,host=8a64927ac8a9,topic=/Set1 C1=3997,C2=3997,T1=22,R3=4095,ts="2026-04-15T16:52:44Z" 1776268344033660683
sensors,bucket=Set2,host=8a64927ac8a9,topic=/Set2 C3=3832,C4=3901,W1=685,R1n=4095,ts="2026-04-15T16:52:57Z" 1776268356701436755
sensors,bucket=Set1,host=8a64927ac8a9,topic=/Set1 C1=3997,C2=3996,T1=22,R3=4095,ts="2026-04-15T16:52:59Z" 1776268358826154017
sensors,bucket=Set2,host=8a64927ac8a9,topic=/Set2 C3=3931,C4=3885,W1=649,R1n=4095,ts="2026-04-15T16:53:12Z" 1776268371502973147
sensors,bucket=Set1,host=8a64927ac8a9,topic=/Set1 C1=3997,C2=3996,T1=22,R3=4095,ts="2026-04-15T16:53:14Z" 1776268373626174666
sensors,bucket=Set2,host=8a64927ac8a9,topic=/Set2 C3=3915,C4=3883,W1=636,R1n=4095,ts="2026-04-15T16:53:27Z" 1776268386300463742
sensors,bucket=Set1,host=8a64927ac8a9,topic=/Set1 C1=3997,C2=3997,T1=22,R3=4095,ts="2026-04-15T16:53:29Z" 1776268388423078490
sensors,bucket=Set2,host=8a64927ac8a9,topic=/Set2 C3=3884,C4=3805,W1=591,R1n=4095,ts="2026-04-15T16:53:42Z" 1776268401112826715
sensors,bucket=Set1,host=8a64927ac8a9,topic=/Set1 C1=3997,C2=3995,T1=22,R3=4095,ts="2026-04-15T16:53:44Z" 1776268403227846511
sensors,bucket=Set2,host=8a64927ac8a9,topic=/Set2 C3=3807,C4=3803,W1=663,R1n=4095,ts="2026-04-15T16:53:56Z" 1776268415901325887
sensors,bucket=Set1,host=8a64927ac8a9,topic=/Set1 C1=3996,C2=3996,T1=22,R3=4095,ts="2026-04-15T16:53:58Z" 1776268418026172150
sensors,bucket=Set2,host=8a64927ac8a9,topic=/Set2 C3=3901,C4=3898,W1=652,R1n=4095,ts="2026-04-15T16:54:11Z" 1776268430702278202
sensors,bucket=Set1,host=8a64927ac8a9,topic=/Set1 C1=3997,C2=3996,T1=22,R3=4095,ts="2026-04-15T16:54:13Z" 1776268432822878336
sensors,bucket=Set2,host=8a64927ac8a9,topic=/Set2 C3=3919,C4=3895,W1=618,R1n=4095,ts="2026-04-15T16:54:26Z" 1776268445501541802
sensors,bucket=Set1,host=8a64927ac8a9,topic=/Set1 C1=3997,C2=3997,T1=22,R3=4095,ts="2026-04-15T16:54:28Z" 1776268447624187338
sensors,bucket=Set2,host=8a64927ac8a9,topic=/Set2 C3=3931,C4=3822,W1=600,R1n=4095,ts="2026-04-15T16:54:41Z" 1776268460301348669
sensors,bucket=Set1,host=8a64927ac8a9,topic=/Set1 C1=3998,C2=3997,T1=22,R3=4095,ts="2026-04-15T16:54:43Z" 1776268462430580698
sensors,bucket=Set2,host=8a64927ac8a9,topic=/Set2 C3=3882,C4=3832,W1=592,R1n=4095,ts="2026-04-15T16:54:56Z" 1776268475114339617
sensors,bucket=Set1,host=8a64927ac8a9,topic=/Set1 C1=3997,C2=3997,T1=22,R3=4095,ts="2026-04-15T16:54:58Z" 1776268477225052597
sensors,bucket=Set2,host=8a64927ac8a9,topic=/Set2 C3=3853,C4=3789,W1=616,R1n=4095,ts="2026-04-15T16:55:10Z" 1776268489899175019
sensors,bucket=Set1,host=8a64927ac8a9,topic=/Set1 C1=3997,C2=3995,T1=22,R3=4095,ts="2026-04-15T16:55:12Z" 1776268492023717917
sensors,bucket=Set2,host=8a64927ac8a9,topic=/Set2 C3=3815,C4=3801,W1=671,R1n=4095,ts="2026-04-15T16:55:25Z" 1776268504699537195
sensors,bucket=Set1,host=8a64927ac8a9,topic=/Set1 C1=3997,C2=3996,T1=22,R3=4095,ts="2026-04-15T16:55:27Z" 1776268506821943116
sensors,bucket=Set2,host=8a64927ac8a9,topic=/Set2 C3=3821,C4=3915,W1=668,R1n=4095,ts="2026-04-15T16:55:40Z" 1776268519498696607
sensors,bucket=Set1,host=8a64927ac8a9,topic=/Set1 C1=3996,C2=3995,T1=22,R3=4095,ts="2026-04-15T16:55:42Z" 1776268521628206862
sensors,bucket=Set2,host=8a64927ac8a9,topic=/Set2 C3=3927,C4=3914,W1=651,R1n=4095,ts="2026-04-15T16:55:55Z" 1776268534300106942
sensors,bucket=Set1,host=8a64927ac8a9,topic=/Set1 C1=3997,C2=3995,T1=22,R3=4095,ts="2026-04-15T16:55:57Z" 1776268536421295254
sensors,bucket=Set2,host=8a64927ac8a9,topic=/Set2 C3=3932,C4=3886,W1=633,R1n=4095,ts="2026-04-15T16:56:10Z" 1776268549099037277
sensors,bucket=Set1,host=8a64927ac8a9,topic=/Set1 C1=3998,C2=3997,T1=22,R3=4095,ts="2026-04-15T16:56:12Z" 1776268551225838528
sensors,bucket=Set2,host=8a64927ac8a9,topic=/Set2 C3=3928,C4=3834,W1=600,R1n=4095,ts="2026-04-15T16:56:24Z" 1776268563894326454
sensors,bucket=Set1,host=8a64927ac8a9,topic=/Set1 C1=3998,C2=3996,T1=22,R3=4095,ts="2026-04-15T16:56:26Z" 1776268566029649704
sensors,bucket=Set2,host=8a64927ac8a9,topic=/Set2 C3=3884,C4=3790,W1=590,R1n=4095,ts="2026-04-15T16:56:39Z" 1776268578699090515
sensors,bucket=Set1,host=8a64927ac8a9,topic=/Set1 C1=3997,C2=3996,T1=22,R3=4095,ts="2026-04-15T16:56:41Z" 1776268580820825384
sensors,bucket=Set2,host=8a64927ac8a9,topic=/Set2 C3=3817,C4=3786,W1=654,R1n=4095,ts="2026-04-15T16:56:54Z" 1776268593498160450
sensors,bucket=Set1,host=8a64927ac8a9,topic=/Set1 C1=3996,C2=3996,T1=22,R3=4095,ts="2026-04-15T16:56:56Z" 1776268595618765130
sensors,bucket=Set2,host=8a64927ac8a9,topic=/Set2 C3=3816,C4=3914,W1=668,R1n=4095,ts="2026-04-15T16:57:09Z" 1776268608338181506
sensors,bucket=Set1,host=8a64927ac8a9,topic=/Set1 C1=3996,C2=3995,T1=22,R3=4095,ts="2026-04-15T16:57:11Z" 1776268610418293034
sensors,bucket=Set2,host=8a64927ac8a9,topic=/Set2 C3=3916,C4=3913,W1=667,R1n=4095,ts="2026-04-15T16:57:24Z" 1776268623098525529
sensors,bucket=Set1,host=8a64927ac8a9,topic=/Set1 C1=3997,C2=3996,T1=22,R3=4095,ts="2026-04-15T16:57:26Z" 1776268625218036068
sensors,bucket=Set2,host=8a64927ac8a9,topic=/Set2 C3=3915,C4=3895,W1=619,R1n=4095,ts="2026-04-15T16:57:38Z" 1776268637895182546
sensors,bucket=Set1,host=8a64927ac8a9,topic=/Set1 C1=3997,C2=3995,T1=22,R3=4095,ts="2026-04-15T16:57:40Z" 1776268640017505101
sensors,bucket=Set2,host=8a64927ac8a9,topic=/Set2 C3=3929,C4=3839,W1=601,R1n=4095,ts="2026-04-15T16:57:53Z" 1776268652739508537
sensors,bucket=Set1,host=8a64927ac8a9,topic=/Set1 C1=3997,C2=3997,T1=22,R3=4095,ts="2026-04-15T16:57:55Z" 1776268654817693661
sensors,bucket=Set2,host=8a64927ac8a9,topic=/Set2 C3=3871,C4=3792,W1=588,R1n=4095,ts="2026-04-15T16:58:08Z" 1776268667496935546
sensors,bucket=Set1,host=8a64927ac8a9,topic=/Set1 C1=3998,C2=3997,T1=22,R3=4095,ts="2026-04-15T16:58:10Z" 1776268669619268296
sensors,bucket=Set2,host=8a64927ac8a9,topic=/Set2 C3=3832,C4=3787,W1=622,R1n=4095,ts="2026-04-15T16:58:23Z" 1776268682295448314
sensors,bucket=Set1,host=8a64927ac8a9,topic=/Set1 C1=3997,C2=3996,T1=22,R3=4095,ts="2026-04-15T16:58:25Z" 1776268684416345742
sensors,bucket=Set2,host=8a64927ac8a9,topic=/Set2 C3=3808,C4=3894,W1=669,R1n=4095,ts="2026-04-15T16:58:38Z" 1776268697097279937
sensors,bucket=Set1,host=8a64927ac8a9,topic=/Set1 C1=3998,C2=3996,T1=22,R3=4095,ts="2026-04-15T16:58:40Z" 1776268699223965522
sensors,bucket=Set2,host=8a64927ac8a9,topic=/Set2 C3=3899,C4=3911,W1=665,R1n=4095,ts="2026-04-15T16:58:52Z" 1776268711891576839
sensors,bucket=Set1,host=8a64927ac8a9,topic=/Set1 C1=3997,C2=3996,T1=22,R3=4095,ts="2026-04-15T16:58:54Z" 1776268714015733009
sensors,bucket=Set2,host=8a64927ac8a9,topic=/Set2 C3=3914,C4=3801,W1=589,R1n=4095,ts="2026-04-15T16:59:22Z" 1776268741494073047
sensors,bucket=Set1,host=8a64927ac8a9,topic=/Set1 C1=3999,C2=3996,T1=22,R3=4095,ts="2026-04-15T16:59:24Z" 1776268743626044743
sensors,bucket=Set2,host=8a64927ac8a9,topic=/Set2 C3=3835,C4=3791,W1=636,R1n=4095,ts="2026-04-15T16:59:37Z" 1776268756294948066
sensors,bucket=Set1,host=8a64927ac8a9,topic=/Set1 C1=3998,C2=3997,T1=22,R3=4095,ts="2026-04-15T16:59:39Z" 1776268758415267485
sensors,bucket=Set2,host=8a64927ac8a9,topic=/Set2 C3=3807,C4=3787,W1=667,R1n=4095,ts="2026-04-15T16:59:52Z" 1776268771097512627
sensors,bucket=Set1,host=8a64927ac8a9,topic=/Set1 C1=3998,C2=3996,T1=22,R3=4095,ts="2026-04-15T16:59:54Z" 1776268773218432221
sensors,bucket=Set2,host=8a64927ac8a9,topic=/Set2 C3=3839,C4=3912,W1=669,R1n=4095,ts="2026-04-15T17:00:06Z" 1776268785894665157
sensors,bucket=Set1,host=8a64927ac8a9,topic=/Set1 C1=3998,C2=3997,T1=22.1,R3=4095,ts="2026-04-15T17:00:08Z" 1776268788013947435
sensors,bucket=Set2,host=8a64927ac8a9,topic=/Set2 C3=3944,C4=3913,W1=638,R1n=4095,ts="2026-04-15T17:00:21Z" 1776268800697619662
sensors,bucket=Set1,host=8a64927ac8a9,topic=/Set1 C1=3997,C2=3997,T1=22.1,R3=4095,ts="2026-04-15T17:00:23Z" 1776268802814695400
sensors,bucket=Set2,host=8a64927ac8a9,topic=/Set2 C3=3917,C4=3866,W1=617,R1n=4095,ts="2026-04-15T17:00:36Z" 1776268815492254291
sensors,bucket=Set1,host=8a64927ac8a9,topic=/Set1 C1=3998,C2=3996,T1=22,R3=4095,ts="2026-04-15T17:00:38Z" 1776268817613845068
sensors,bucket=Set2,host=8a64927ac8a9,topic=/Set2 C3=3866,C4=3792,W1=588,R1n=4095,ts="2026-04-15T17:00:51Z" 1776268830294315894
sensors,bucket=Set1,host=8a64927ac8a9,topic=/Set1 C1=3998,C2=3997,T1=22,R3=4095,ts="2026-04-15T17:00:53Z" 1776268832649863321
sensors,bucket=Set2,host=8a64927ac8a9,topic=/Set2 C3=3805,C4=3837,W1=654,R1n=4095,ts="2026-04-15T17:01:06Z" 1776268845090853426
sensors,bucket=Set1,host=8a64927ac8a9,topic=/Set1 C1=3996,C2=3996,T1=22.1,R3=4095,ts="2026-04-15T17:01:08Z" 1776268847211476331
sensors,bucket=Set2,host=8a64927ac8a9,topic=/Set2 C3=3917,C4=3864,W1=598,R1n=4095,ts="2026-04-15T17:01:20Z" 1776268859894961374
sensors,bucket=Set1,host=8a64927ac8a9,topic=/Set1 C1=3998,C2=3998,T1=22.1,R3=4095,ts="2026-04-15T17:01:22Z" 1776268862010335967
sensors,bucket=Set2,host=8a64927ac8a9,topic=/Set2 C3=3806,C4=3864,W1=652,R1n=4095,ts="2026-04-15T17:01:35Z" 1776268874708584711
sensors,bucket=Set1,host=8a64927ac8a9,topic=/Set1 C1=3998,C2=3996,T1=22,R3=4095,ts="2026-04-15T17:01:37Z" 1776268876815080293
sensors,bucket=Set2,host=8a64927ac8a9,topic=/Set2 C3=3912,C4=3835,W1=585,R1n=4095,ts="2026-04-15T17:01:50Z" 1776268889491317592
sensors,bucket=Set1,host=8a64927ac8a9,topic=/Set1 C1=3998,C2=3997,T1=22,R3=4095,ts="2026-04-15T17:01:52Z" 1776268891612036999
sensors,bucket=Set2,host=8a64927ac8a9,topic=/Set2 C3=3836,C4=3918,W1=648,R1n=4095,ts="2026-04-15T17:02:05Z" 1776268904293242779
sensors,bucket=Set1,host=8a64927ac8a9,topic=/Set1 C1=3997,C2=3995,T1=22,R3=4095,ts="2026-04-15T17:02:07Z" 1776268906409530885
sensors,bucket=Set2,host=8a64927ac8a9,topic=/Set2 C3=3895,C4=3806,W1=583,R1n=4095,ts="2026-04-15T17:02:20Z" 1776268919096702428
sensors,bucket=Set1,host=8a64927ac8a9,topic=/Set1 C1=3996,C2=3997,T1=22.1,R3=4095,ts="2026-04-15T17:02:22Z" 1776268921212464900
sensors,bucket=Set2,host=8a64927ac8a9,topic=/Set2 C3=3917,C4=3899,W1=637,R1n=4095,ts="2026-04-15T17:02:34Z" 1776268933894133758
sensors,bucket=Set1,host=8a64927ac8a9,topic=/Set1 C1=3998,C2=3998,T1=22.1,R3=4095,ts="2026-04-15T17:02:36Z" 1776268936010472092
sensors,bucket=Set2,host=8a64927ac8a9,topic=/Set2 C3=3917,C4=3899,W1=637,R1n=4095,ts="2026-04-15T17:02:34Z" 1776352422160071623
sensors,bucket=Set1,host=8a64927ac8a9,topic=/Set1 C1=3998,C2=3998,T1=22.1,R3=4095,ts="2026-04-15T17:02:36Z" 1776352422160593798
sensors,bucket=Set2,host=8a64927ac8a9,topic=/Set2 C3=3900,C4=3854,W1=331,R1n=4095,ts="2026-04-20T12:31:13Z" 1776684647714901583
sensors,bucket=Set2,host=8a64927ac8a9,topic=/Set2 C3=3856,C4=3805,W1=379,R1n=4095,ts="2026-04-20T12:31:28Z" 1776684662512811210
sensors,bucket=Set2,host=8a64927ac8a9,topic=/Set2 C3=3961,C4=3944,W1=490,R1n=4095,ts="2026-04-20T12:31:42Z" 1776684677309587384
sensors,bucket=Set2,host=8a64927ac8a9,topic=/Set2 C3=3993,C4=3948,W1=396,R1n=4095,ts="2026-04-20T12:31:57Z" 1776684692111346581
sensors,bucket=Set2,host=8a64927ac8a9,topic=/Set2 C3=3854,C4=3785,W1=439,R1n=4095,ts="2026-04-20T12:32:12Z" 1776684706912743145
sensors,bucket=Set2,host=8a64927ac8a9,topic=/Set2 C3=2044,C4=3802,W1=360,R1n=4095,ts="2026-04-20T12:32:27Z" 1776684721729930587
sensors,bucket=Set2,host=8a64927ac8a9,topic=/Set2 C3=3868,C4=3805,W1=397,R1n=4095,ts="2026-04-20T12:32:42Z" 1776684736508049597
sensors,bucket=Set2,host=8a64927ac8a9,topic=/Set2 C3=378,C4=3949,W1=408,R1n=4095,ts="2026-04-20T12:32:56Z" 1776684751309682658
sensors,bucket=Set2,host=8a64927ac8a9,topic=/Set2 C3=4008,C4=3945,W1=411,R1n=4095,ts="2026-04-20T12:33:11Z" 1776684766108922780
sensors,bucket=Set2,host=8a64927ac8a9,topic=/Set2 C3=3961,C4=3820,W1=413,R1n=4095,ts="2026-04-20T12:33:26Z" 1776684780913039315
sensors,bucket=Set2,host=8a64927ac8a9,topic=/Set2 C3=3977,C4=3805,W1=409,R1n=4095,ts="2026-04-20T12:33:41Z" 1776684795756361389
sensors,bucket=Set2,host=8a64927ac8a9,topic=/Set2 C3=3928,C4=3917,W1=391,R1n=4095,ts="2026-04-20T12:33:56Z" 1776684810510605377
sensors,bucket=Set2,host=8a64927ac8a9,topic=/Set2 C3=3868,C4=3823,W1=398,R1n=4095,ts="2026-04-20T12:34:10Z" 1776684825307867262
sensors,bucket=Set2,host=8a64927ac8a9,topic=/Set2 C3=3929,C4=3834,W1=189,R1n=4095,ts="2026-04-20T12:34:25Z" 1776684840108577759
sensors,bucket=Set2,host=8a64927ac8a9,topic=/Set2 C3=3870,C4=3820,W1=221,R1n=4095,ts="2026-04-20T12:34:40Z" 1776684854908780563
sensors,bucket=Set2,host=8a64927ac8a9,topic=/Set2 C3=3947,C4=3911,W1=270,R1n=4095,ts="2026-04-20T12:35:10Z" 1776684884524567441
sensors,bucket=Set2,host=8a64927ac8a9,topic=/Set2 C3=3880,C4=3823,W1=280,R1n=4095,ts="2026-04-20T12:35:24Z" 1776684899311500052
sensors,bucket=Set2,host=8a64927ac8a9,topic=/Set2 C3=3931,C4=3849,W1=219,R1n=4095,ts="2026-04-20T12:35:39Z" 1776684914108594223
sensors,bucket=Set2,host=8a64927ac8a9,topic=/Set2 C3=3927,C4=3834,W1=220,R1n=4095,ts="2026-04-20T12:35:54Z" 1776684928912105919
sensors,bucket=Set2,host=8a64927ac8a9,topic=/Set2 C3=3932,C4=3821,W1=222,R1n=4095,ts="2026-04-20T12:36:09Z" 1776684943709239758
sensors,bucket=Set2,host=8a64927ac8a9,topic=/Set2 C3=3884,C4=3832,W1=265,R1n=4095,ts="2026-04-20T12:36:24Z" 1776684958508101094
sensors,bucket=Set2,host=8a64927ac8a9,topic=/Set2 C3=3950,C4=3902,W1=284,R1n=4095,ts="2026-04-20T12:36:38Z" 1776684973304551257
sensors,bucket=Set2,host=8a64927ac8a9,topic=/Set2 C3=3880,C4=3896,W1=299,R1n=4095,ts="2026-04-20T12:36:53Z" 1776684988106228318
sensors,bucket=Set2,host=8a64927ac8a9,topic=/Set2 C3=3869,C4=3838,W1=312,R1n=4095,ts="2026-04-20T12:37:08Z" 1776685002906881910
sensors,bucket=Set2,host=8a64927ac8a9,topic=/Set2 C3=3864,C4=3901,W1=297,R1n=4095,ts="2026-04-20T12:37:23Z" 1776685017709406895
sensors,bucket=Set2,host=8a64927ac8a9,topic=/Set2 C3=3948,C4=3916,W1=286,R1n=4095,ts="2026-04-20T12:37:38Z" 1776685032501905371
sensors,bucket=Set2,host=8a64927ac8a9,topic=/Set2 C3=3960,C4=3851,W1=217,R1n=4095,ts="2026-04-20T12:37:52Z" 1776685047303794802
sensors,bucket=Set2,host=8a64927ac8a9,topic=/Set2 C3=3960,C4=3851,W1=217,R1n=4095,ts="2026-04-20T12:37:52Z" 1776710781924409760
sensors,bucket=Set2,host=8a64927ac8a9,topic=/Set2 C3=3912,C4=3867,W1=192,R1n=4095,ts="2026-04-21T14:49:38Z" 1776779352127217569
sensors,bucket=Set2,host=8a64927ac8a9,topic=/Set2 C3=3832,C4=1656,W1=301,R1n=4095,ts="2026-04-21T14:49:53Z" 1776779366923390246
sensors,bucket=Set2,host=8a64927ac8a9,topic=/Set2 C3=3917,C4=1914,W1=236,R1n=4095,ts="2026-04-21T14:50:08Z" 1776779381744112280
sensors,bucket=Set1,host=8a64927ac8a9,topic=/Set1 C1=3997,C2=3992,T1=85,R3=1596,ts="2026-04-21T14:50:38Z" 1776779411689720990
sensors,bucket=Set1,host=8a64927ac8a9,topic=/Set1 C1=4007,C2=3994,T1=22.6,R3=1529,ts="2026-04-21T14:50:53Z" 1776779426485669096
sensors,bucket=Set1,host=8a64927ac8a9,topic=/Set1 C1=2220,C2=3995,T1=22.6,R3=1482,ts="2026-04-21T14:51:07Z" 1776779441296804990
sensors,bucket=Set1,host=8a64927ac8a9,topic=/Set1 C1=1337,C2=1405,T1=85,R3=1432,ts="2026-04-23T12:16:00Z" 1776942931418561336
sensors,bucket=Set1,host=8a64927ac8a9,topic=/Set1 C1=1335,C2=1406,T1=20.3,R3=1470,ts="2026-04-23T12:16:14Z" 1776942946207617650
sensors,bucket=Set1,host=8a64927ac8a9,topic=/Set1 C1=1337,C2=1407,T1=20.3,R3=1374,ts="2026-04-23T12:16:29Z" 1776942961001997857
sensors,bucket=Set1,host=8a64927ac8a9,topic=/Set1 C1=1336,C2=1408,T1=20.3,R3=1478,ts="2026-04-23T12:16:44Z" 1776942975800731686
sensors,bucket=Set1,host=8a64927ac8a9,topic=/Set1 C1=1336,C2=1408,T1=20.3,R3=1480,ts="2026-04-23T12:16:59Z" 1776942990603421296
sensors,bucket=Set1,host=8a64927ac8a9,topic=/Set1 C1=1336,C2=1408,T1=20.3,R3=1453,ts="2026-04-23T12:17:14Z" 1776943005400296380
sensors,bucket=Set1,host=8a64927ac8a9,topic=/Set1 C1=1335,C2=1416,T1=20.3,R3=1497,ts="2026-04-23T12:17:28Z" 1776943020198425255
sensors,bucket=Set1,host=8a64927ac8a9,topic=/Set1 C1=1336,C2=1416,T1=20.3,R3=1575,ts="2026-04-23T12:17:43Z" 1776943035007955071
sensors,bucket=Set1,host=8a64927ac8a9,topic=/Set1 C1=1336,C2=1417,T1=20.3,R3=1550,ts="2026-04-23T12:17:58Z" 1776943049798821516
sensors,bucket=Set1,host=8a64927ac8a9,topic=/Set1 C1=1336,C2=1416,T1=20.3,R3=1495,ts="2026-04-23T12:18:13Z" 1776943064592304123
sensors,bucket=Set1,host=8a64927ac8a9,topic=/Set1 C1=1336,C2=1417,T1=20.3,R3=1374,ts="2026-04-23T12:18:28Z" 1776943079402660084
sensors,bucket=Set1,host=8a64927ac8a9,topic=/Set1 C1=1336,C2=1417,T1=20.3,R3=1463,ts="2026-04-23T12:18:42Z" 1776943094198002688
sensors,bucket=Set1,host=8a64927ac8a9,topic=/Set1 C1=1336,C2=1418,T1=20.3,R3=1455,ts="2026-04-23T12:18:57Z" 1776943108997750063
sensors,bucket=Set1,host=8a64927ac8a9,topic=/Set1 C1=1336,C2=1416,T1=20.3,R3=1530,ts="2026-04-23T12:19:12Z" 1776943123797247914
sensors,bucket=Set1,host=8a64927ac8a9,topic=/Set1 C1=1336,C2=1417,T1=20.3,R3=1580,ts="2026-04-23T12:19:27Z" 1776943138597303530
sensors,bucket=Set1,host=8a64927ac8a9,topic=/Set1 C1=1337,C2=1417,T1=20.3,R3=1625,ts="2026-04-23T12:19:42Z" 1776943153400257220
sensors,bucket=Set1,host=8a64927ac8a9,topic=/Set1 C1=1339,C2=1419,T1=20.3,R3=1515,ts="2026-04-23T12:19:56Z" 1776943168193541054
sensors,bucket=Set1,host=8a64927ac8a9,topic=/Set1 C1=1338,C2=1416,T1=20.3,R3=1435,ts="2026-04-23T12:20:11Z" 1776943182993128624
sensors,bucket=Set1,host=8a64927ac8a9,topic=/Set1 C1=1336,C2=1417,T1=20.3,R3=1516,ts="2026-04-23T12:20:26Z" 1776943197794588166
sensors,bucket=Set1,host=8a64927ac8a9,topic=/Set1 C1=1337,C2=1416,T1=20.3,R3=1630,ts="2026-04-23T12:20:41Z" 1776943212595328645
sensors,bucket=Set1,host=8a64927ac8a9,topic=/Set1 C1=1337,C2=1417,T1=20.3,R3=1514,ts="2026-04-23T12:20:56Z" 1776943227396377247
sensors,bucket=Set1,host=8a64927ac8a9,topic=/Set1 C1=1337,C2=1418,T1=20.3,R3=1502,ts="2026-04-23T12:21:10Z" 1776943242189579807
sensors,bucket=Set1,host=8a64927ac8a9,topic=/Set1 C1=1336,C2=1417,T1=20.3,R3=1503,ts="2026-04-23T12:21:25Z" 1776943256991605653
sensors,bucket=Set1,host=8a64927ac8a9,topic=/Set1 C1=1337,C2=1417,T1=20.3,R3=1595,ts="2026-04-23T12:21:40Z" 1776943271788799641
sensors,bucket=Set1,host=8a64927ac8a9,topic=/Set1 C1=1337,C2=1417,T1=20.3,R3=1469,ts="2026-04-23T12:21:55Z" 1776943286604322614
sensors,bucket=Set1,host=8a64927ac8a9,topic=/Set1 C1=1336,C2=1417,T1=20.3,R3=1519,ts="2026-04-23T12:22:10Z" 1776943301388434880
sensors,bucket=Set1,host=8a64927ac8a9,topic=/Set1 C1=1337,C2=1418,T1=20.3,R3=1575,ts="2026-04-23T12:22:24Z" 1776943316188228706
sensors,bucket=Set1,host=8a64927ac8a9,topic=/Set1 C1=1336,C2=1416,T1=20.3,R3=1485,ts="2026-04-23T12:22:39Z" 1776943330987462191
sensors,bucket=Set1,host=8a64927ac8a9,topic=/Set1 C1=1337,C2=1417,T1=20.3,R3=1626,ts="2026-04-23T12:22:54Z" 1776943345790656557
sensors,bucket=Set1,host=8a64927ac8a9,topic=/Set1 C1=1336,C2=1417,T1=20.3,R3=1465,ts="2026-04-23T12:23:09Z" 1776943360585503865
sensors,bucket=Set1,host=8a64927ac8a9,topic=/Set1 C1=1336,C2=1417,T1=20.3,R3=1511,ts="2026-04-23T12:23:24Z" 1776943375388810630
sensors,bucket=Set1,host=8a64927ac8a9,topic=/Set1 C1=1337,C2=1418,T1=20.3,R3=1578,ts="2026-04-23T12:23:38Z" 1776943390180886403
sensors,bucket=Set1,host=8a64927ac8a9,topic=/Set1 C1=1338,C2=1416,T1=20.3,R3=1547,ts="2026-04-23T12:23:53Z" 1776943404984695151
sensors,bucket=Set1,host=8a64927ac8a9,topic=/Set1 C1=1338,C2=1417,T1=20.3,R3=1466,ts="2026-04-23T12:24:08Z" 1776943419784882266
sensors,bucket=Set1,host=8a64927ac8a9,topic=/Set1 C1=1339,C2=1417,T1=20.3,R3=1500,ts="2026-04-23T12:24:23Z" 1776943434594696673
sensors,bucket=Set1,host=8a64927ac8a9,topic=/Set1 C1=1337,C2=1417,T1=20.3,R3=1611,ts="2026-04-23T12:24:38Z" 1776943449384073475
sensors,bucket=Set1,host=8a64927ac8a9,topic=/Set1 C1=1337,C2=1418,T1=20.3,R3=1626,ts="2026-04-23T12:24:52Z" 1776943464184001275
sensors,bucket=Set1,host=8a64927ac8a9,topic=/Set1 C1=1338,C2=1417,T1=20.3,R3=1528,ts="2026-04-23T12:25:07Z" 1776943479006821732
sensors,bucket=Set1,host=8a64927ac8a9,topic=/Set1 C1=1337,C2=1418,T1=20.3,R3=1499,ts="2026-04-23T12:25:22Z" 1776943493780010599
sensors,bucket=Set1,host=8a64927ac8a9,topic=/Set1 C1=1339,C2=1417,T1=20.3,R3=1503,ts="2026-04-23T12:25:37Z" 1776943508578938829
sensors,bucket=Set1,host=8a64927ac8a9,topic=/Set1 C1=1339,C2=1418,T1=20.3,R3=1486,ts="2026-04-23T12:25:52Z" 1776943523383862735
sensors,bucket=Set1,host=8a64927ac8a9,topic=/Set1 C1=1338,C2=1417,T1=20.3,R3=1485,ts="2026-04-23T12:26:06Z" 1776943538183992058
sensors,bucket=Set2,host=8a64927ac8a9,topic=/Set2 C3=1675,C4=1514,W1=189,R1n=585,ts="2026-04-23T12:26:13Z" 1776943544590896491
sensors,bucket=Set1,host=8a64927ac8a9,topic=/Set1 C1=1338,C2=1416,T1=20.3,R3=1466,ts="2026-04-23T12:26:21Z" 1776943553110977829
sensors,bucket=Set2,host=8a64927ac8a9,topic=/Set2 C3=1705,C4=1560,W1=332,R1n=748,ts="2026-04-23T12:26:28Z" 1776943559393398397
sensors,bucket=Set1,host=8a64927ac8a9,topic=/Set1 C1=1339,C2=1417,T1=20.3,R3=1672,ts="2026-04-23T12:26:36Z" 1776943567778222538
sensors,bucket=Set2,host=8a64927ac8a9,topic=/Set2 C3=1726,C4=1545,W1=271,R1n=686,ts="2026-04-23T12:26:42Z" 1776943574189119567
sensors,bucket=Set1,host=8a64927ac8a9,topic=/Set1 C1=1338,C2=1418,T1=20.3,R3=1643,ts="2026-04-23T12:26:51Z" 1776943582586041709
sensors,bucket=Set2,host=8a64927ac8a9,topic=/Set2 C3=1753,C4=1598,W1=315,R1n=777,ts="2026-04-23T12:26:57Z" 1776943588993099023
sensors,bucket=Set1,host=8a64927ac8a9,topic=/Set1 C1=1352,C2=1420,T1=20.3,R3=1596,ts="2026-04-23T12:27:06Z" 1776943597383910557
sensors,bucket=Set2,host=8a64927ac8a9,topic=/Set2 C3=1770,C4=1627,W1=362,R1n=873,ts="2026-04-23T12:27:12Z" 1776943603816799106
sensors,bucket=Set1,host=8a64927ac8a9,topic=/Set1 C1=1342,C2=1416,T1=20.3,R3=1584,ts="2026-04-23T12:27:20Z" 1776943612177405620
sensors,bucket=Set2,host=8a64927ac8a9,topic=/Set2 C3=1738,C4=1560,W1=237,R1n=813,ts="2026-04-23T12:27:27Z" 1776943618590243442
sensors,bucket=Set1,host=8a64927ac8a9,topic=/Set1 C1=1350,C2=1418,T1=20.3,R3=1630,ts="2026-04-23T12:27:35Z" 1776943626981001613
sensors,bucket=Set2,host=8a64927ac8a9,topic=/Set2 C3=1706,C4=1517,W1=203,R1n=857,ts="2026-04-23T12:27:42Z" 1776943633384573426
sensors,bucket=Set1,host=8a64927ac8a9,topic=/Set1 C1=1326,C2=1390,T1=20.3,R3=1626,ts="2026-04-23T12:27:50Z" 1776943641776893564
sensors,bucket=Set2,host=8a64927ac8a9,topic=/Set2 C3=1657,C4=1544,W1=302,R1n=952,ts="2026-04-23T12:27:56Z" 1776943648185519016
sensors,bucket=Set1,host=8a64927ac8a9,topic=/Set1 C1=1324,C2=1390,T1=20.3,R3=1497,ts="2026-04-23T12:28:05Z" 1776943656591364208
sensors,bucket=Set2,host=8a64927ac8a9,topic=/Set2 C3=1709,C4=1515,W1=249,R1n=1000,ts="2026-04-23T12:28:11Z" 1776943662982847294
sensors,bucket=Set1,host=8a64927ac8a9,topic=/Set1 C1=1352,C2=1419,T1=20.3,R3=1551,ts="2026-04-23T12:28:20Z" 1776943671375339521
sensors,bucket=Set2,host=8a64927ac8a9,topic=/Set2 C3=1800,C4=1643,W1=464,R1n=1148,ts="2026-04-23T12:28:26Z" 1776943677791033125
sensors,bucket=Set1,host=8a64927ac8a9,topic=/Set1 C1=1326,C2=1391,T1=20.3,R3=1592,ts="2026-04-23T12:28:34Z" 1776943686175420009
sensors,bucket=Set2,host=8a64927ac8a9,topic=/Set2 C3=1704,C4=1544,W1=334,R1n=1024,ts="2026-04-23T12:28:41Z" 1776943692583452037
sensors,bucket=Set1,host=8a64927ac8a9,topic=/Set1 C1=1339,C2=1403,T1=20.3,R3=1528,ts="2026-04-23T12:28:49Z" 1776943700975791081
sensors,bucket=Set2,host=8a64927ac8a9,topic=/Set2 C3=1646,C4=1497,W1=282,R1n=1005,ts="2026-04-23T12:28:56Z" 1776943707384065097
sensors,bucket=Set1,host=8a64927ac8a9,topic=/Set1 C1=1338,C2=1403,T1=20.3,R3=1515,ts="2026-04-23T12:29:04Z" 1776943715777869389
sensors,bucket=Set2,host=8a64927ac8a9,topic=/Set2 C3=1694,C4=1530,W1=298,R1n=1051,ts="2026-04-23T12:29:10Z" 1776943722186163784
sensors,bucket=Set1,host=8a64927ac8a9,topic=/Set1 C1=1338,C2=1402,T1=20.2,R3=1639,ts="2026-04-23T12:29:19Z" 1776943730577346363
sensors,bucket=Set2,host=8a64927ac8a9,topic=/Set2 C3=1724,C4=1545,W1=237,R1n=942,ts="2026-04-23T12:29:25Z" 1776943736986167171
sensors,bucket=Set1,host=8a64927ac8a9,topic=/Set1 C1=1338,C2=1403,T1=20.3,R3=1627,ts="2026-04-23T12:29:34Z" 1776943745377268608
sensors,bucket=Set2,host=8a64927ac8a9,topic=/Set2 C3=1677,C4=1519,W1=238,R1n=1015,ts="2026-04-23T12:29:40Z" 1776943751783389954
sensors,bucket=Set1,host=8a64927ac8a9,topic=/Set1 C1=1339,C2=1404,T1=20.3,R3=1789,ts="2026-04-23T12:29:48Z" 1776943760169683130
sensors,bucket=Set2,host=8a64927ac8a9,topic=/Set2 C3=1706,C4=1579,W1=234,R1n=924,ts="2026-04-23T12:29:55Z" 1776943766582357579
sensors,bucket=Set1,host=8a64927ac8a9,topic=/Set1 C1=1339,C2=1404,T1=20.3,R3=1495,ts="2026-04-23T12:30:03Z" 1776943774976979844
sensors,bucket=Set2,host=8a64927ac8a9,topic=/Set2 C3=1719,C4=1552,W1=218,R1n=922,ts="2026-04-23T12:30:10Z" 1776943781380526996
sensors,bucket=Set1,host=8a64927ac8a9,topic=/Set1 C1=1337,C2=1403,T1=20.3,R3=1502,ts="2026-04-23T12:30:18Z" 1776943789771109692
sensors,bucket=Set2,host=8a64927ac8a9,topic=/Set2 C3=1741,C4=1576,W1=270,R1n=986,ts="2026-04-23T12:30:24Z" 1776943796183394530
sensors,bucket=Set1,host=8a64927ac8a9,topic=/Set1 C1=1338,C2=1404,T1=20.2,R3=1496,ts="2026-04-23T12:30:33Z" 1776943804575934078
sensors,bucket=Set2,host=8a64927ac8a9,topic=/Set2 C3=1708,C4=1591,W1=267,R1n=990,ts="2026-04-23T12:30:39Z" 1776943810979464434
sensors,bucket=Set1,host=8a64927ac8a9,topic=/Set1 C1=1338,C2=1403,T1=20.2,R3=1689,ts="2026-04-23T12:30:48Z" 1776943819374238605
sensors,bucket=Set2,host=8a64927ac8a9,topic=/Set2 C3=1706,C4=1566,W1=281,R1n=1004,ts="2026-04-23T12:30:54Z" 1776943825783414019
sensors,bucket=Set1,host=8a64927ac8a9,topic=/Set1 C1=1326,C2=1390,T1=20.2,R3=1640,ts="2026-04-23T12:31:02Z" 1776943834176181290
sensors,bucket=Set2,host=8a64927ac8a9,topic=/Set2 C3=1680,C4=1534,W1=232,R1n=958,ts="2026-04-23T12:31:09Z" 1776943840579535201
sensors,bucket=Set1,host=8a64927ac8a9,topic=/Set1 C1=1326,C2=1388,T1=20.3,R3=1543,ts="2026-04-23T12:31:17Z" 1776943848970997294
sensors,bucket=Set2,host=8a64927ac8a9,topic=/Set2 C3=1609,C4=1496,W1=269,R1n=1048,ts="2026-04-23T12:31:24Z" 1776943855389693350
sensors,bucket=Set1,host=8a64927ac8a9,topic=/Set1 C1=1320,C2=1376,T1=20.3,R3=1608,ts="2026-04-23T12:31:32Z" 1776943863776328060
sensors,bucket=Set2,host=8a64927ac8a9,topic=/Set2 C3=1693,C4=1546,W1=263,R1n=958,ts="2026-04-23T12:31:38Z" 1776943870177386242
sensors,bucket=Set1,host=8a64927ac8a9,topic=/Set1 C1=1319,C2=1375,T1=20.2,R3=1671,ts="2026-04-23T12:31:47Z" 1776943880469735614
sensors,bucket=Set2,host=8a64927ac8a9,topic=/Set2 C3=1631,C4=1513,W1=283,R1n=1016,ts="2026-04-23T12:31:53Z" 1776943884979581968
sensors,bucket=Set1,host=8a64927ac8a9,topic=/Set1 C1=1322,C2=1388,T1=20.2,R3=1803,ts="2026-04-23T12:32:02Z" 1776943893370327508
sensors,bucket=Set2,host=8a64927ac8a9,topic=/Set2 C3=1706,C4=1559,W1=233,R1n=953,ts="2026-04-23T12:32:08Z" 1776943899775788969
sensors,bucket=Set1,host=8a64927ac8a9,topic=/Set1 C1=1312,C2=1374,T1=20.2,R3=1597,ts="2026-04-23T12:32:16Z" 1776943908163010019
sensors,bucket=Set2,host=8a64927ac8a9,topic=/Set2 C3=1624,C4=1512,W1=288,R1n=1007,ts="2026-04-23T12:32:23Z" 1776943914576999296
sensors,bucket=Set1,host=8a64927ac8a9,topic=/Set1 C1=1319,C2=1373,T1=20.3,R3=1599,ts="2026-04-23T12:32:31Z" 1776943922971887166
sensors,bucket=Set2,host=8a64927ac8a9,topic=/Set2 C3=1707,C4=1532,W1=221,R1n=951,ts="2026-04-23T12:32:38Z" 1776943929374931975
sensors,bucket=Set2,host=8a64927ac8a9,topic=/Set2 C3=1567,C4=1470,W1=187,R1n=904,ts="2026-04-23T12:32:58Z" 1776943950334075226
sensors,bucket=Set2,host=8a64927ac8a9,topic=/Set2 C3=1613,C4=1497,W1=191,R1n=907,ts="2026-04-23T12:33:13Z" 1776943965129199685
sensors,bucket=Set1,host=8a64927ac8a9,topic=/Set1 C1=1320,C2=1374,T1=20.3,R3=1663,ts="2026-04-23T12:33:22Z" 1776943973832164704
sensors,bucket=Set2,host=8a64927ac8a9,topic=/Set2 C3=1647,C4=1519,W1=251,R1n=878,ts="2026-04-23T12:33:28Z" 1776943979933857598
sensors,bucket=Set1,host=8a64927ac8a9,topic=/Set1 C1=1320,C2=1373,T1=20.2,R3=1694,ts="2026-04-23T12:33:37Z" 1776943988625226235
sensors,bucket=Set2,host=8a64927ac8a9,topic=/Set2 C3=1648,C4=1533,W1=220,R1n=863,ts="2026-04-23T12:33:43Z" 1776943994729310801
sensors,bucket=Set1,host=8a64927ac8a9,topic=/Set1 C1=1319,C2=1373,T1=20.2,R3=1737,ts="2026-04-23T12:33:52Z" 1776944003419724172
sensors,bucket=Set2,host=8a64927ac8a9,topic=/Set2 C3=1648,C4=1469,W1=176,R1n=813,ts="2026-04-23T12:33:58Z" 1776944009532401371
sensors,bucket=Set1,host=8a64927ac8a9,topic=/Set1 C1=1320,C2=1374,T1=20.2,R3=1576,ts="2026-04-23T12:34:06Z" 1776944018234919164
sensors,bucket=Set2,host=8a64927ac8a9,topic=/Set2 C3=1577,C4=1483,W1=247,R1n=863,ts="2026-04-23T12:34:12Z" 1776944024332187336
sensors,bucket=Set1,host=8a64927ac8a9,topic=/Set1 C1=1320,C2=1374,T1=20.3,R3=1576,ts="2026-04-23T12:34:21Z" 1776944033030360921
sensors,bucket=Set1,host=8a64927ac8a9,topic=/Set1 C1=1320,C2=1373,T1=20.3,R3=1534,ts="2026-04-23T12:34:36Z" 1776944047833851424
sensors,bucket=Set2,host=8a64927ac8a9,topic=/Set2 C3=1629,C4=1529,W1=349,R1n=878,ts="2026-04-23T12:34:42Z" 1776944053927202593
sensors,bucket=Set1,host=8a64927ac8a9,topic=/Set1 C1=1320,C2=1374,T1=20.2,R3=1615,ts="2026-04-23T12:34:51Z" 1776944062623502729
sensors,bucket=Set2,host=8a64927ac8a9,topic=/Set2 C3=1758,C4=1592,W1=266,R1n=811,ts="2026-04-23T12:34:57Z" 1776944068731459004
sensors,bucket=Set1,host=8a64927ac8a9,topic=/Set1 C1=1321,C2=1374,T1=20.2,R3=1696,ts="2026-04-23T12:35:06Z" 1776944077435321358
sensors,bucket=Set2,host=8a64927ac8a9,topic=/Set2 C3=1661,C4=1518,W1=287,R1n=860,ts="2026-04-23T12:35:12Z" 1776944083527576833
sensors,bucket=Set1,host=8a64927ac8a9,topic=/Set1 C1=1321,C2=1374,T1=20.3,R3=1626,ts="2026-04-23T12:35:20Z" 1776944092233545270
sensors,bucket=Set2,host=8a64927ac8a9,topic=/Set2 C3=1711,C4=1534,W1=207,R1n=777,ts="2026-04-23T12:35:26Z" 1776944098348756387
sensors,bucket=Set1,host=8a64927ac8a9,topic=/Set1 C1=1321,C2=1374,T1=20.3,R3=1565,ts="2026-04-23T12:35:35Z" 1776944107029415943
sensors,bucket=Set2,host=8a64927ac8a9,topic=/Set2 C3=1724,C4=1568,W1=252,R1n=777,ts="2026-04-23T12:35:41Z" 1776944113121622633
sensors,bucket=Set1,host=8a64927ac8a9,topic=/Set1 C1=1321,C2=1373,T1=20.3,R3=1548,ts="2026-04-23T12:35:50Z" 1776944121828267053
sensors,bucket=Set2,host=8a64927ac8a9,topic=/Set2 C3=1768,C4=1607,W1=334,R1n=800,ts="2026-04-23T12:35:56Z" 1776944127923862753
sensors,bucket=Set1,host=8a64927ac8a9,topic=/Set1 C1=1321,C2=1374,T1=20.3,R3=1660,ts="2026-04-23T12:36:05Z" 1776944136620930852
sensors,bucket=Set2,host=8a64927ac8a9,topic=/Set2 C3=1756,C4=1579,W1=298,R1n=778,ts="2026-04-23T12:36:11Z" 1776944142718840891
sensors,bucket=Set1,host=8a64927ac8a9,topic=/Set1 C1=1321,C2=1373,T1=20.3,R3=1546,ts="2026-04-23T12:36:20Z" 1776944151417685196
sensors,bucket=Set2,host=8a64927ac8a9,topic=/Set2 C3=1643,C4=1528,W1=586,R1n=862,ts="2026-04-23T12:36:26Z" 1776944157650236490
sensors,bucket=Set1,host=8a64927ac8a9,topic=/Set1 C1=1322,C2=1375,T1=20.3,R3=1544,ts="2026-04-23T12:36:34Z" 1776944166226640350
sensors,bucket=Set2,host=8a64927ac8a9,topic=/Set2 C3=1646,C4=1495,W1=508,R1n=806,ts="2026-04-23T12:36:40Z" 1776944172328622126
sensors,bucket=Set1,host=8a64927ac8a9,topic=/Set1 C1=1322,C2=1375,T1=20.3,R3=1535,ts="2026-04-23T12:36:49Z" 1776944181017552822
sensors,bucket=Set2,host=8a64927ac8a9,topic=/Set2 C3=1708,C4=1485,W1=493,R1n=811,ts="2026-04-23T12:36:55Z" 1776944187120426056
sensors,bucket=Set1,host=8a64927ac8a9,topic=/Set1 C1=1322,C2=1374,T1=20.3,R3=1614,ts="2026-04-23T12:37:04Z" 1776944195828351750
sensors,bucket=Set2,host=8a64927ac8a9,topic=/Set2 C3=1805,C4=1580,W1=502,R1n=783,ts="2026-04-23T12:37:10Z" 1776944201917983538
sensors,bucket=Set1,host=8a64927ac8a9,topic=/Set1 C1=1322,C2=1374,T1=20.3,R3=1659,ts="2026-04-23T12:37:19Z" 1776944210642096391
sensors,bucket=Set2,host=8a64927ac8a9,topic=/Set2 C3=1774,C4=1581,W1=1052,R1n=1100,ts="2026-04-23T12:37:25Z" 1776944216721287689
sensors,bucket=Set1,host=8a64927ac8a9,topic=/Set1 C1=1322,C2=1374,T1=20.3,R3=1630,ts="2026-04-23T12:37:34Z" 1776944225443110349
sensors,bucket=Set2,host=8a64927ac8a9,topic=/Set2 C3=1550,C4=1467,W1=619,R1n=832,ts="2026-04-23T12:37:40Z" 1776944231516801568
sensors,bucket=Set1,host=8a64927ac8a9,topic=/Set1 C1=1321,C2=1373,T1=20.3,R3=1578,ts="2026-04-23T12:37:48Z" 1776944240236168645
sensors,bucket=Set2,host=8a64927ac8a9,topic=/Set2 C3=1628,C4=1502,W1=763,R1n=683,ts="2026-04-23T12:37:54Z" 1776944246317715993
sensors,bucket=Set1,host=8a64927ac8a9,topic=/Set1 C1=1322,C2=1374,T1=20.3,R3=1534,ts="2026-04-23T12:38:03Z" 1776944255030931917
sensors,bucket=Set2,host=8a64927ac8a9,topic=/Set2 C3=1545,C4=1449,W1=728,R1n=713,ts="2026-04-23T12:38:09Z" 1776944261114955708
sensors,bucket=Set1,host=8a64927ac8a9,topic=/Set1 C1=1323,C2=1374,T1=20.3,R3=1531,ts="2026-04-23T12:38:18Z" 1776944269823075835
sensors,bucket=Set2,host=8a64927ac8a9,topic=/Set2 C3=1593,C4=1496,W1=668,R1n=664,ts="2026-04-23T12:38:24Z" 1776944275918061399
sensors,bucket=Set1,host=8a64927ac8a9,topic=/Set1 C1=1323,C2=1375,T1=20.3,R3=1559,ts="2026-04-23T12:38:33Z" 1776944284631077818
sensors,bucket=Set2,host=8a64927ac8a9,topic=/Set2 C3=1534,C4=1511,W1=746,R1n=735,ts="2026-04-23T12:38:39Z" 1776944290713193787
sensors,bucket=Set1,host=8a64927ac8a9,topic=/Set1 C1=1324,C2=1374,T1=20.3,R3=1548,ts="2026-04-23T12:38:48Z" 1776944299426819250
sensors,bucket=Set2,host=8a64927ac8a9,topic=/Set2 C3=1534,C4=1497,W1=794,R1n=734,ts="2026-04-23T12:38:54Z" 1776944305513727218
sensors,bucket=Set1,host=8a64927ac8a9,topic=/Set1 C1=1325,C2=1374,T1=20.3,R3=1560,ts="2026-04-23T12:39:02Z" 1776944314227980034
sensors,bucket=Set2,host=8a64927ac8a9,topic=/Set2 C3=1544,C4=1501,W1=699,R1n=715,ts="2026-04-23T12:39:08Z" 1776944320316967473
sensors,bucket=Set1,host=8a64927ac8a9,topic=/Set1 C1=1326,C2=1374,T1=20.3,R3=1513,ts="2026-04-23T12:39:17Z" 1776944329018502068
sensors,bucket=Set2,host=8a64927ac8a9,topic=/Set2 C3=1599,C4=1528,W1=683,R1n=704,ts="2026-04-23T12:39:23Z" 1776944335117248506
sensors,bucket=Set1,host=8a64927ac8a9,topic=/Set1 C1=1327,C2=1375,T1=20.3,R3=1598,ts="2026-04-23T12:39:32Z" 1776944345507886779
sensors,bucket=Set2,host=8a64927ac8a9,topic=/Set2 C3=1608,C4=1529,W1=682,R1n=669,ts="2026-04-23T12:39:38Z" 1776944349914548422
sensors,bucket=Set2,host=8a64927ac8a9,topic=/Set2 C3=1612,C4=1527,W1=638,R1n=646,ts="2026-04-23T12:39:53Z" 1776944364721493932
sensors,bucket=Set2,host=8a64927ac8a9,topic=/Set2 C3=1580,C4=1456,W1=621,R1n=638,ts="2026-04-23T12:40:08Z" 1776944379512873274
sensors,bucket=Set2,host=8a64927ac8a9,topic=/Set2 C3=1550,C4=1469,W1=701,R1n=682,ts="2026-04-23T12:40:22Z" 1776944394317712310
sensors,bucket=Set2,host=8a64927ac8a9,topic=/Set2 C3=1630,C4=1515,W1=702,R1n=647,ts="2026-04-23T12:40:37Z" 1776944409111037268
sensors,bucket=Set2,host=8a64927ac8a9,topic=/Set2 C3=1624,C4=1504,W1=714,R1n=639,ts="2026-04-23T12:40:52Z" 1776944423913983656
sensors,bucket=Set2,host=8a64927ac8a9,topic=/Set2 C3=1606,C4=1503,W1=840,R1n=668,ts="2026-04-23T12:41:07Z" 1776944438715626795
sensors,bucket=Set2,host=8a64927ac8a9,topic=/Set2 C3=1622,C4=1463,W1=765,R1n=585,ts="2026-04-23T12:41:22Z" 1776944453522400201
sensors,bucket=Set2,host=8a64927ac8a9,topic=/Set2 C3=1610,C4=1529,W1=794,R1n=667,ts="2026-04-23T12:41:36Z" 1776944468307213634
sensors,bucket=Set2,host=8a64927ac8a9,topic=/Set2 C3=1655,C4=1517,W1=749,R1n=587,ts="2026-04-23T12:41:51Z" 1776944483133589782
sensors,bucket=Set2,host=8a64927ac8a9,topic=/Set2 C3=1657,C4=1485,W1=718,R1n=583,ts="2026-04-23T12:42:06Z" 1776944497908658055
sensors,bucket=Set2,host=8a64927ac8a9,topic=/Set2 C3=1629,C4=1480,W1=726,R1n=574,ts="2026-04-23T12:42:21Z" 1776944512715238633
sensors,bucket=Set2,host=8a64927ac8a9,topic=/Set2 C3=1608,C4=1468,W1=729,R1n=570,ts="2026-04-23T12:42:36Z" 1776944527515987055
sensors,bucket=Set2,host=8a64927ac8a9,topic=/Set2 C3=1622,C4=1481,W1=698,R1n=574,ts="2026-04-23T12:42:50Z" 1776944542309176530
sensors,bucket=Set2,host=8a64927ac8a9,topic=/Set2 C3=1660,C4=1514,W1=699,R1n=558,ts="2026-04-23T12:43:05Z" 1776944557107863052
sensors,bucket=Set2,host=8a64927ac8a9,topic=/Set2 C3=1631,C4=1484,W1=687,R1n=553,ts="2026-04-23T12:43:35Z" 1776944586711117602
sensors,bucket=Set2,host=8a64927ac8a9,topic=/Set2 C3=1676,C4=1550,W1=766,R1n=604,ts="2026-04-23T12:43:50Z" 1776944601509508468
sensors,bucket=Set2,host=8a64927ac8a9,topic=/Set2 C3=1639,C4=1471,W1=684,R1n=541,ts="2026-04-23T12:44:04Z" 1776944616310252131
sensors,bucket=Set2,host=8a64927ac8a9,topic=/Set2 C3=1694,C4=1547,W1=749,R1n=592,ts="2026-04-23T12:44:34Z" 1776944645912781823
sensors,bucket=Set2,host=8a64927ac8a9,topic=/Set2 C3=1690,C4=1549,W1=729,R1n=539,ts="2026-04-23T12:44:49Z" 1776944660705942841
sensors,bucket=Set2,host=8a64927ac8a9,topic=/Set2 C3=1694,C4=1528,W1=730,R1n=527,ts="2026-04-23T12:45:04Z" 1776944675508159240
sensors,bucket=Set2,host=8a64927ac8a9,topic=/Set2 C3=1677,C4=1481,W1=695,R1n=507,ts="2026-04-23T12:45:18Z" 1776944690305240102
sensors,bucket=Set2,host=8a64927ac8a9,topic=/Set2 C3=1624,C4=1464,W1=696,R1n=590,ts="2026-04-23T12:45:33Z" 1776944705105811791
sensors,bucket=Set2,host=8a64927ac8a9,topic=/Set2 C3=1614,C4=1518,W1=752,R1n=598,ts="2026-04-23T12:45:48Z" 1776944719900803645
sensors,bucket=Set2,host=8a64927ac8a9,topic=/Set2 C3=1692,C4=1546,W1=761,R1n=544,ts="2026-04-23T12:46:03Z" 1776944734701196453
sensors,bucket=Set2,host=8a64927ac8a9,topic=/Set2 C3=1707,C4=1529,W1=714,R1n=503,ts="2026-04-23T12:46:18Z" 1776944749504603231
sensors,bucket=Set2,host=8a64927ac8a9,topic=/Set2 C3=1674,C4=1468,W1=683,R1n=476,ts="2026-04-23T12:46:32Z" 1776944764303503411
sensors,bucket=Set2,host=8a64927ac8a9,topic=/Set2 C3=1658,C4=1480,W1=683,R1n=477,ts="2026-04-23T12:46:47Z" 1776944779097510267
sensors,bucket=Set2,host=8a64927ac8a9,topic=/Set2 C3=1631,C4=1478,W1=727,R1n=570,ts="2026-04-23T12:47:02Z" 1776944793897381450
sensors,bucket=Set2,host=8a64927ac8a9,topic=/Set2 C3=1690,C4=1535,W1=735,R1n=559,ts="2026-04-23T12:47:17Z" 1776944808696612199
sensors,bucket=Set2,host=8a64927ac8a9,topic=/Set2 C3=1719,C4=1544,W1=716,R1n=506,ts="2026-04-23T12:47:32Z" 1776944823498995375
sensors,bucket=Set2,host=8a64927ac8a9,topic=/Set2 C3=1722,C4=1497,W1=702,R1n=477,ts="2026-04-23T12:47:46Z" 1776944838305480260
sensors,bucket=Set2,host=8a64927ac8a9,topic=/Set2 C3=1704,C4=1464,W1=679,R1n=473,ts="2026-04-23T12:48:01Z" 1776944853110750054
sensors,bucket=Set2,host=8a64927ac8a9,topic=/Set2 C3=1599,C4=1467,W1=680,R1n=475,ts="2026-04-23T12:48:16Z" 1776944867897696009
sensors,bucket=Set2,host=8a64927ac8a9,topic=/Set2 C3=1612,C4=1469,W1=671,R1n=473,ts="2026-04-23T12:48:31Z" 1776944882697884971
sensors,bucket=Set2,host=8a64927ac8a9,topic=/Set2 C3=1614,C4=1467,W1=686,R1n=506,ts="2026-04-23T12:48:46Z" 1776944897494033597
sensors,bucket=Set2,host=8a64927ac8a9,topic=/Set2 C3=1627,C4=1478,W1=669,R1n=475,ts="2026-04-23T12:49:00Z" 1776944912301803921
sensors,bucket=Set2,host=8a64927ac8a9,topic=/Set2 C3=1599,C4=1478,W1=696,R1n=536,ts="2026-04-23T12:49:15Z" 1776944927095853225
sensors,bucket=Set2,host=8a64927ac8a9,topic=/Set2 C3=1614,C4=1454,W1=682,R1n=575,ts="2026-04-23T12:49:30Z" 1776944941895712230
sensors,bucket=Set2,host=8a64927ac8a9,topic=/Set2 C3=1608,C4=1464,W1=732,R1n=583,ts="2026-04-23T12:49:45Z" 1776944956719627019
sensors,bucket=Set2,host=8a64927ac8a9,topic=/Set2 C3=1600,C4=1516,W1=764,R1n=585,ts="2026-04-23T12:50:00Z" 1776944971498708140
sensors,bucket=Set2,host=8a64927ac8a9,topic=/Set2 C3=1641,C4=1531,W1=748,R1n=603,ts="2026-04-23T12:50:14Z" 1776944986293463621
sensors,bucket=Set2,host=8a64927ac8a9,topic=/Set2 C3=1679,C4=1545,W1=762,R1n=618,ts="2026-04-23T12:50:29Z" 1776945001096042090
sensors,bucket=Set2,host=8a64927ac8a9,topic=/Set2 C3=1704,C4=1547,W1=761,R1n=600,ts="2026-04-23T12:50:44Z" 1776945015894934635
sensors,bucket=Set2,host=8a64927ac8a9,topic=/Set2 C3=1643,C4=1536,W1=750,R1n=619,ts="2026-04-23T12:50:59Z" 1776945030690738180
sensors,bucket=Set2,host=8a64927ac8a9,topic=/Set2 C3=1565,C4=1545,W1=766,R1n=652,ts="2026-04-23T12:51:14Z" 1776945045489158369
sensors,bucket=Set2,host=8a64927ac8a9,topic=/Set2 C3=1564,C4=1534,W1=765,R1n=680,ts="2026-04-23T12:51:28Z" 1776945060294539227
sensors,bucket=Set2,host=8a64927ac8a9,topic=/Set2 C3=1565,C4=1467,W1=748,R1n=702,ts="2026-04-23T12:51:43Z" 1776945075092308714
sensors,bucket=Set2,host=8a64927ac8a9,topic=/Set2 C3=1580,C4=1480,W1=733,R1n=701,ts="2026-04-23T12:51:58Z" 1776945089890522985
sensors,bucket=Set2,host=8a64927ac8a9,topic=/Set2 C3=1612,C4=1484,W1=699,R1n=634,ts="2026-04-23T12:52:13Z" 1776945104696722733
sensors,bucket=Set2,host=8a64927ac8a9,topic=/Set2 C3=1641,C4=1496,W1=700,R1n=633,ts="2026-04-23T12:52:28Z" 1776945119489720933
sensors,bucket=Set2,host=8a64927ac8a9,topic=/Set2 C3=1640,C4=1548,W1=728,R1n=651,ts="2026-04-23T12:52:42Z" 1776945134291202631
sensors,bucket=Set2,host=8a64927ac8a9,topic=/Set2 C3=1642,C4=1543,W1=750,R1n=681,ts="2026-04-23T12:52:57Z" 1776945149100200182
sensors,bucket=Set2,host=8a64927ac8a9,topic=/Set2 C3=1625,C4=1549,W1=763,R1n=717,ts="2026-04-23T12:53:12Z" 1776945163884869892
sensors,bucket=Set2,host=8a64927ac8a9,topic=/Set2 C3=1592,C4=1517,W1=749,R1n=713,ts="2026-04-23T12:53:27Z" 1776945178687469505
sensors,bucket=Set2,host=8a64927ac8a9,topic=/Set2 C3=1577,C4=1479,W1=730,R1n=704,ts="2026-04-23T12:53:42Z" 1776945193485861514
sensors,bucket=Set2,host=8a64927ac8a9,topic=/Set2 C3=1581,C4=1469,W1=684,R1n=683,ts="2026-04-23T12:53:56Z" 1776945208288823110
sensors,bucket=Set2,host=8a64927ac8a9,topic=/Set2 C3=1595,C4=1479,W1=686,R1n=645,ts="2026-04-23T12:54:11Z" 1776945223085833553
sensors,bucket=Set2,host=8a64927ac8a9,topic=/Set2 C3=1608,C4=1484,W1=685,R1n=584,ts="2026-04-23T12:54:26Z" 1776945237883593427
sensors,bucket=Set2,host=8a64927ac8a9,topic=/Set2 C3=1640,C4=1488,W1=709,R1n=583,ts="2026-04-23T12:54:41Z" 1776945252762923083
sensors,bucket=Set2,host=8a64927ac8a9,topic=/Set2 C3=1656,C4=1531,W1=711,R1n=598,ts="2026-04-23T12:54:56Z" 1776945267486099736
sensors,bucket=Set2,host=8a64927ac8a9,topic=/Set2 C3=1656,C4=1549,W1=719,R1n=607,ts="2026-04-23T12:55:10Z" 1776945282283576944
sensors,bucket=Set2,host=8a64927ac8a9,topic=/Set2 C3=1641,C4=1549,W1=758,R1n=633,ts="2026-04-23T12:55:25Z" 1776945297085240796
sensors,bucket=Set2,host=8a64927ac8a9,topic=/Set2 C3=1580,C4=1543,W1=760,R1n=664,ts="2026-04-23T12:55:40Z" 1776945311882366923
sensors,bucket=Set2,host=8a64927ac8a9,topic=/Set2 C3=1566,C4=1514,W1=746,R1n=680,ts="2026-04-23T12:55:55Z" 1776945326681916112
sensors,bucket=Set2,host=8a64927ac8a9,topic=/Set2 C3=1579,C4=1535,W1=759,R1n=664,ts="2026-04-23T12:56:10Z" 1776945341477921951
sensors,bucket=Set2,host=8a64927ac8a9,topic=/Set2 C3=1580,C4=1549,W1=760,R1n=668,ts="2026-04-23T12:56:24Z" 1776945356283329388
sensors,bucket=Set2,host=8a64927ac8a9,topic=/Set2 C3=1608,C4=1560,W1=758,R1n=699,ts="2026-04-23T12:56:39Z" 1776945371079771054
sensors,bucket=Set2,host=8a64927ac8a9,topic=/Set2 C3=1578,C4=1518,W1=747,R1n=684,ts="2026-04-23T12:56:54Z" 1776945385935933246
sensors,bucket=Set2,host=8a64927ac8a9,topic=/Set2 C3=1577,C4=1514,W1=760,R1n=695,ts="2026-04-23T12:57:09Z" 1776945400678793252
sensors,bucket=Set2,host=8a64927ac8a9,topic=/Set2 C3=1614,C4=1560,W1=745,R1n=711,ts="2026-04-23T12:57:24Z" 1776945415479846350
sensors,bucket=Set2,host=8a64927ac8a9,topic=/Set2 C3=1658,C4=1559,W1=731,R1n=623,ts="2026-04-23T12:57:38Z" 1776945430278852678
sensors,bucket=Set2,host=8a64927ac8a9,topic=/Set2 C3=1675,C4=1544,W1=686,R1n=604,ts="2026-04-23T12:57:53Z" 1776945445082877871
sensors,bucket=Set2,host=8a64927ac8a9,topic=/Set2 C3=1610,C4=1486,W1=680,R1n=605,ts="2026-04-23T12:58:08Z" 1776945459876674031
sensors,bucket=Set2,host=8a64927ac8a9,topic=/Set2 C3=1581,C4=1486,W1=714,R1n=684,ts="2026-04-23T12:58:23Z" 1776945474675452241
sensors,bucket=Set2,host=8a64927ac8a9,topic=/Set2 C3=1609,C4=1550,W1=745,R1n=679,ts="2026-04-23T12:58:38Z" 1776945489474099645
sensors,bucket=Set2,host=8a64927ac8a9,topic=/Set2 C3=1673,C4=1562,W1=726,R1n=600,ts="2026-04-23T12:58:52Z" 1776945504276943431
sensors,bucket=Set2,host=8a64927ac8a9,topic=/Set2 C3=1643,C4=1513,W1=671,R1n=585,ts="2026-04-23T12:59:07Z" 1776945519075558466
sensors,bucket=Set2,host=8a64927ac8a9,topic=/Set2 C3=1597,C4=1544,W1=751,R1n=651,ts="2026-04-23T12:59:22Z" 1776945533874437166
sensors,bucket=Set2,host=8a64927ac8a9,topic=/Set2 C3=1664,C4=1562,W1=735,R1n=583,ts="2026-04-23T12:59:37Z" 1776945548671928669
sensors,bucket=Set2,host=8a64927ac8a9,topic=/Set2 C3=1616,C4=1487,W1=681,R1n=604,ts="2026-04-23T12:59:52Z" 1776945563476242823
sensors,bucket=Set2,host=8a64927ac8a9,topic=/Set2 C3=1594,C4=1544,W1=760,R1n=637,ts="2026-04-23T13:00:06Z" 1776945578441764195
sensors,bucket=Set2,host=8a64927ac8a9,topic=/Set2 C3=1660,C4=1558,W1=712,R1n=572,ts="2026-04-23T13:00:21Z" 1776945593075077315
sensors,bucket=Set2,host=8a64927ac8a9,topic=/Set2 C3=1608,C4=1484,W1=685,R1n=585,ts="2026-04-23T13:00:36Z" 1776945607877711822
sensors,bucket=Set2,host=8a64927ac8a9,topic=/Set2 C3=1642,C4=1594,W1=761,R1n=622,ts="2026-04-23T13:00:51Z" 1776945622674737228
sensors,bucket=Set2,host=8a64927ac8a9,topic=/Set2 C3=1691,C4=1527,W1=729,R1n=524,ts="2026-04-23T13:01:06Z" 1776945637473167583
sensors,bucket=Set2,host=8a64927ac8a9,topic=/Set2 C3=1630,C4=1577,W1=781,R1n=604,ts="2026-04-23T13:01:20Z" 1776945652275349864
sensors,bucket=Set2,host=8a64927ac8a9,topic=/Set2 C3=1675,C4=1558,W1=726,R1n=526,ts="2026-04-23T13:01:35Z" 1776945667072741294
sensors,bucket=Set2,host=8a64927ac8a9,topic=/Set2 C3=1657,C4=1497,W1=733,R1n=590,ts="2026-04-23T13:01:50Z" 1776945681871511392
sensors,bucket=Set2,host=8a64927ac8a9,topic=/Set2 C3=1708,C4=1566,W1=776,R1n=526,ts="2026-04-23T13:02:05Z" 1776945696672119349
sensors,bucket=Set2,host=8a64927ac8a9,topic=/Set2 C3=1640,C4=1517,W1=793,R1n=604,ts="2026-04-23T13:02:20Z" 1776945711471638320
sensors,bucket=Set2,host=8a64927ac8a9,topic=/Set2 C3=1694,C4=1502,W1=729,R1n=496,ts="2026-04-23T13:02:34Z" 1776945726272987273
sensors,bucket=Set2,host=8a64927ac8a9,topic=/Set2 C3=1694,C4=1577,W1=783,R1n=555,ts="2026-04-23T13:02:49Z" 1776945741171110351
sensors,bucket=Set2,host=8a64927ac8a9,topic=/Set2 C3=1647,C4=1503,W1=761,R1n=576,ts="2026-04-23T13:03:04Z" 1776945755868553852
sensors,bucket=Set2,host=8a64927ac8a9,topic=/Set2 C3=1709,C4=1533,W1=718,R1n=492,ts="2026-04-23T13:03:19Z" 1776945770667913595
sensors,bucket=Set2,host=8a64927ac8a9,topic=/Set2 C3=1707,C4=1566,W1=777,R1n=525,ts="2026-04-23T13:03:34Z" 1776945785472352013
sensors,bucket=Set2,host=8a64927ac8a9,topic=/Set2 C3=1655,C4=1513,W1=732,R1n=572,ts="2026-04-23T13:03:48Z" 1776945800269254020
sensors,bucket=Set2,host=8a64927ac8a9,topic=/Set2 C3=1673,C4=1515,W1=666,R1n=473,ts="2026-04-23T13:04:03Z" 1776945815069601484
sensors,bucket=Set2,host=8a64927ac8a9,topic=/Set2 C3=1721,C4=1560,W1=672,R1n=474,ts="2026-04-23T13:04:18Z" 1776945829865889888
sensors,bucket=Set2,host=8a64927ac8a9,topic=/Set2 C3=1708,C4=1565,W1=701,R1n=508,ts="2026-04-23T13:04:33Z" 1776945844667243439
sensors,bucket=Set2,host=8a64927ac8a9,topic=/Set2 C3=1655,C4=1562,W1=735,R1n=544,ts="2026-04-23T13:04:48Z" 1776945859467876791
sensors,bucket=Set2,host=8a64927ac8a9,topic=/Set2 C3=1661,C4=1502,W1=668,R1n=569,ts="2026-04-23T13:05:02Z" 1776945874266648831
sensors,bucket=Set2,host=8a64927ac8a9,topic=/Set2 C3=1674,C4=1517,W1=669,R1n=488,ts="2026-04-23T13:05:17Z" 1776945889071356505
sensors,bucket=Set2,host=8a64927ac8a9,topic=/Set2 C3=1706,C4=1518,W1=666,R1n=475,ts="2026-04-23T13:05:32Z" 1776945903869950341
sensors,bucket=Set2,host=8a64927ac8a9,topic=/Set2 C3=1723,C4=1578,W1=687,R1n=495,ts="2026-04-23T13:05:47Z" 1776945918664886713
sensors,bucket=Set2,host=8a64927ac8a9,topic=/Set2 C3=1720,C4=1563,W1=701,R1n=490,ts="2026-04-23T13:06:02Z" 1776945933755382589
sensors,bucket=Set2,host=8a64927ac8a9,topic=/Set2 C3=1690,C4=1576,W1=719,R1n=525,ts="2026-04-23T13:06:16Z" 1776945948266301682
sensors,bucket=Set2,host=8a64927ac8a9,topic=/Set2 C3=1655,C4=1561,W1=730,R1n=553,ts="2026-04-23T13:06:31Z" 1776945963064950788
sensors,bucket=Set2,host=8a64927ac8a9,topic=/Set2 C3=1643,C4=1498,W1=712,R1n=525,ts="2026-04-23T13:06:46Z" 1776945977860692831
sensors,bucket=Set2,host=8a64927ac8a9,topic=/Set2 C3=1658,C4=1496,W1=682,R1n=521,ts="2026-04-23T13:07:01Z" 1776945992667797482
sensors,bucket=Set1,host=8a64927ac8a9,topic=/Set1 C1=1321,C2=1384,T1=20.3,R3=1454,ts="2026-04-23T13:07:06Z" 1776946001595233938
sensors,bucket=Set2,host=8a64927ac8a9,topic=/Set2 C3=1662,C4=1495,W1=696,R1n=510,ts="2026-04-23T13:07:16Z" 1776946007458429479
sensors,bucket=Set1,host=8a64927ac8a9,topic=/Set1 C1=1322,C2=1382,T1=20.4,R3=1711,ts="2026-04-23T13:07:21Z" 1776946012434543979
sensors,bucket=Set2,host=8a64927ac8a9,topic=/Set2 C3=1657,C4=1499,W1=665,R1n=487,ts="2026-04-23T13:07:30Z" 1776946022260090557
sensors,bucket=Set2,host=8a64927ac8a9,topic=/Set2 C3=1671,C4=1498,W1=651,R1n=492,ts="2026-04-23T13:07:45Z" 1776946037057351156
sensors,bucket=Set2,host=8a64927ac8a9,topic=/Set2 C3=1691,C4=1519,W1=648,R1n=441,ts="2026-04-23T13:08:00Z" 1776946051862032408
sensors,bucket=Set2,host=8a64927ac8a9,topic=/Set2 C3=1725,C4=1563,W1=667,R1n=457,ts="2026-04-23T13:08:15Z" 1776946066658545373
sensors,bucket=Set2,host=8a64927ac8a9,topic=/Set2 C3=1640,C4=1529,W1=714,R1n=503,ts="2026-04-23T13:08:30Z" 1776946081461483846
sensors,bucket=Set2,host=8a64927ac8a9,topic=/Set2 C3=1595,C4=1453,W1=685,R1n=511,ts="2026-04-23T13:08:44Z" 1776946096262430251
sensors,bucket=Set2,host=8a64927ac8a9,topic=/Set2 C3=1657,C4=1487,W1=676,R1n=445,ts="2026-04-23T13:08:59Z" 1776946111058428371
sensors,bucket=Set2,host=8a64927ac8a9,topic=/Set2 C3=1598,C4=1519,W1=717,R1n=511,ts="2026-04-23T13:09:14Z" 1776946125868855839
sensors,bucket=Set2,host=8a64927ac8a9,topic=/Set2 C3=1614,C4=1456,W1=652,R1n=428,ts="2026-04-23T13:09:29Z" 1776946140656688679
sensors,bucket=Set2,host=8a64927ac8a9,topic=/Set2 C3=1644,C4=1515,W1=716,R1n=462,ts="2026-04-23T13:09:44Z" 1776946155456277444
sensors,bucket=Set2,host=8a64927ac8a9,topic=/Set2 C3=1590,C4=1439,W1=684,R1n=492,ts="2026-04-23T13:09:58Z" 1776946170262996555
sensors,bucket=Set2,host=8a64927ac8a9,topic=/Set2 C3=1646,C4=1469,W1=680,R1n=411,ts="2026-04-23T13:10:13Z" 1776946185050916748
sensors,bucket=Set2,host=8a64927ac8a9,topic=/Set2 C3=1657,C4=1528,W1=711,R1n=440,ts="2026-04-23T13:10:28Z" 1776946199858223505
sensors,bucket=Set2,host=8a64927ac8a9,topic=/Set2 C3=1593,C4=1504,W1=744,R1n=493,ts="2026-04-23T13:10:43Z" 1776946214652137264
sensors,bucket=Set2,host=8a64927ac8a9,topic=/Set2 C3=1584,C4=1448,W1=713,R1n=473,ts="2026-04-23T13:10:58Z" 1776946229459160705
sensors,bucket=Set2,host=8a64927ac8a9,topic=/Set2 C3=1639,C4=1468,W1=680,R1n=429,ts="2026-04-23T13:11:12Z" 1776946244251903334
sensors,bucket=Set2,host=8a64927ac8a9,topic=/Set2 C3=1658,C4=1517,W1=719,R1n=445,ts="2026-04-23T13:11:27Z" 1776946259052194266
sensors,bucket=Set2,host=8a64927ac8a9,topic=/Set2 C3=1595,C4=1482,W1=727,R1n=504,ts="2026-04-23T13:11:42Z" 1776946273849833814
sensors,bucket=Set2,host=8a64927ac8a9,topic=/Set2 C3=1594,C4=1469,W1=667,R1n=429,ts="2026-04-23T13:11:57Z" 1776946288651028798
sensors,bucket=Set2,host=8a64927ac8a9,topic=/Set2 C3=1659,C4=1499,W1=683,R1n=430,ts="2026-04-23T13:12:12Z" 1776946303451784934
sensors,bucket=Set2,host=8a64927ac8a9,topic=/Set2 C3=1647,C4=1529,W1=731,R1n=464,ts="2026-04-23T13:12:26Z" 1776946318280083160
sensors,bucket=Set2,host=8a64927ac8a9,topic=/Set2 C3=1592,C4=1464,W1=731,R1n=493,ts="2026-04-23T13:12:41Z" 1776946333047256795
sensors,bucket=Set2,host=8a64927ac8a9,topic=/Set2 C3=1625,C4=1453,W1=716,R1n=474,ts="2026-04-23T13:12:56Z" 1776946347849811058
sensors,bucket=Set2,host=8a64927ac8a9,topic=/Set2 C3=1641,C4=1454,W1=715,R1n=414,ts="2026-04-23T13:13:11Z" 1776946362648379113
sensors,bucket=Set2,host=8a64927ac8a9,topic=/Set2 C3=1660,C4=1517,W1=761,R1n=426,ts="2026-04-23T13:13:26Z" 1776946377453872934
sensors,bucket=Set2,host=8a64927ac8a9,topic=/Set2 C3=1609,C4=1513,W1=778,R1n=504,ts="2026-04-23T13:13:40Z" 1776946392248629658
sensors,bucket=Set2,host=8a64927ac8a9,topic=/Set2 C3=1583,C4=1465,W1=765,R1n=488,ts="2026-04-23T13:13:55Z" 1776946407050940315
sensors,bucket=Set2,host=8a64927ac8a9,topic=/Set2 C3=1594,C4=1469,W1=716,R1n=427,ts="2026-04-23T13:14:10Z" 1776946421847445371
sensors,bucket=Set2,host=8a64927ac8a9,topic=/Set2 C3=1657,C4=1487,W1=731,R1n=424,ts="2026-04-23T13:14:25Z" 1776946436649793396
sensors,bucket=Set2,host=8a64927ac8a9,topic=/Set2 C3=1659,C4=1517,W1=767,R1n=444,ts="2026-04-23T13:14:40Z" 1776946451437654709
sensors,bucket=Set2,host=8a64927ac8a9,topic=/Set2 C3=1596,C4=1502,W1=782,R1n=490,ts="2026-04-23T13:14:54Z" 1776946466240143774
sensors,bucket=Set2,host=8a64927ac8a9,topic=/Set2 C3=1592,C4=1439,W1=711,R1n=475,ts="2026-04-23T13:15:09Z" 1776946481043794397
sensors,bucket=Set2,host=8a64927ac8a9,topic=/Set2 C3=1628,C4=1479,W1=696,R1n=413,ts="2026-04-23T13:15:24Z" 1776946495859889239
sensors,bucket=Set2,host=8a64927ac8a9,topic=/Set2 C3=1659,C4=1513,W1=727,R1n=424,ts="2026-04-23T13:15:39Z" 1776946510644691434
sensors,bucket=Set2,host=8a64927ac8a9,topic=/Set2 C3=1657,C4=1516,W1=743,R1n=446,ts="2026-04-23T13:15:54Z" 1776946525449162402
sensors,bucket=Set2,host=8a64927ac8a9,topic=/Set2 C3=1584,C4=1447,W1=732,R1n=490,ts="2026-04-23T13:16:08Z" 1776946540245021400
sensors,bucket=Set2,host=8a64927ac8a9,topic=/Set2 C3=1647,C4=1483,W1=695,R1n=410,ts="2026-04-23T13:16:23Z" 1776946555043275617
sensors,bucket=Set2,host=8a64927ac8a9,topic=/Set2 C3=1581,C4=1497,W1=748,R1n=490,ts="2026-04-23T13:16:38Z" 1776946569840597438
sensors,bucket=Set2,host=8a64927ac8a9,topic=/Set2 C3=1607,C4=1453,W1=685,R1n=412,ts="2026-04-23T13:16:53Z" 1776946584643897027
sensors,bucket=Set2,host=8a64927ac8a9,topic=/Set2 C3=1660,C4=1528,W1=730,R1n=429,ts="2026-04-23T13:17:08Z" 1776946599443535263
sensors,bucket=Set2,host=8a64927ac8a9,topic=/Set2 C3=1594,C4=1498,W1=748,R1n=478,ts="2026-04-23T13:17:22Z" 1776946614244025456
sensors,bucket=Set2,host=8a64927ac8a9,topic=/Set2 C3=1595,C4=1448,W1=694,R1n=476,ts="2026-04-23T13:17:37Z" 1776946629040076522
sensors,bucket=Set1,host=8a64927ac8a9,topic=/Set1 C1=1324,C2=1384,T1=20.4,R3=1500,ts="2026-04-23T13:17:51Z" 1776946643173715135
sensors,bucket=Set2,host=8a64927ac8a9,topic=/Set2 C3=1642,C4=1454,W1=681,R1n=414,ts="2026-04-23T13:17:52Z" 1776946643840416958
sensors,bucket=Set2,host=8a64927ac8a9,topic=/Set2 C3=1661,C4=1517,W1=710,R1n=443,ts="2026-04-23T13:18:07Z" 1776946658636281827
sensors,bucket=Set1,host=8a64927ac8a9,topic=/Set1 C1=1321,C2=1376,T1=20.4,R3=1624,ts="2026-04-23T13:18:06Z" 1776946660019361409
sensors,bucket=Set2,host=8a64927ac8a9,topic=/Set2 C3=1623,C4=1514,W1=745,R1n=493,ts="2026-04-23T13:18:22Z" 1776946673443228262
sensors,bucket=Set1,host=8a64927ac8a9,topic=/Set1 C1=1322,C2=1376,T1=20.4,R3=1561,ts="2026-04-23T13:18:20Z" 1776946675054601553
sensors,bucket=Set2,host=8a64927ac8a9,topic=/Set2 C3=1609,C4=1456,W1=750,R1n=507,ts="2026-04-23T13:18:36Z" 1776946688244372320
sensors,bucket=Set1,host=8a64927ac8a9,topic=/Set1 C1=1323,C2=1376,T1=20.4,R3=1615,ts="2026-04-23T13:18:35Z" 1776946690035959349
sensors,bucket=Set1,host=8a64927ac8a9,topic=/Set1 C1=1322,C2=1383,T1=20.4,R3=1694,ts="2026-04-23T13:18:50Z" 1776946702359645728
sensors,bucket=Set2,host=8a64927ac8a9,topic=/Set2 C3=1614,C4=1452,W1=727,R1n=428,ts="2026-04-23T13:18:51Z" 1776946703039516062
sensors,bucket=Set1,host=8a64927ac8a9,topic=/Set1 C1=1322,C2=1382,T1=20.4,R3=1528,ts="2026-04-23T13:19:05Z" 1776946716663609573
sensors,bucket=Set2,host=8a64927ac8a9,topic=/Set2 C3=1655,C4=1498,W1=761,R1n=429,ts="2026-04-23T13:19:06Z" 1776946717853522816
sensors,bucket=Set1,host=8a64927ac8a9,topic=/Set1 C1=1322,C2=1382,T1=20.4,R3=1534,ts="2026-04-23T13:19:20Z" 1776946731467674309
sensors,bucket=Set2,host=8a64927ac8a9,topic=/Set2 C3=1658,C4=1525,W1=789,R1n=456,ts="2026-04-23T13:19:21Z" 1776946732640523999
sensors,bucket=Set1,host=8a64927ac8a9,topic=/Set1 C1=1322,C2=1383,T1=20.4,R3=1610,ts="2026-04-23T13:19:34Z" 1776946746242969188
sensors,bucket=Set2,host=8a64927ac8a9,topic=/Set2 C3=1640,C4=1519,W1=795,R1n=490,ts="2026-04-23T13:19:36Z" 1776946747448134836
sensors,bucket=Set2,host=8a64927ac8a9,topic=/Set2 C3=1643,C4=1517,W1=793,R1n=504,ts="2026-04-23T13:19:50Z" 1776946762238665270
sensors,bucket=Set1,host=8a64927ac8a9,topic=/Set1 C1=1322,C2=1384,T1=20.4,R3=1561,ts="2026-04-23T13:19:49Z" 1776946769042165287
sensors,bucket=Set1,host=8a64927ac8a9,topic=/Set1 C1=1322,C2=1375,T1=20.4,R3=1691,ts="2026-04-23T13:20:04Z" 1776946775821446958
sensors,bucket=Set2,host=8a64927ac8a9,topic=/Set2 C3=1609,C4=1510,W1=796,R1n=508,ts="2026-04-23T13:20:05Z" 1776946777084000397
sensors,bucket=Set1,host=8a64927ac8a9,topic=/Set1 C1=1322,C2=1382,T1=20.4,R3=1679,ts="2026-04-23T13:20:19Z" 1776946790653726249
sensors,bucket=Set2,host=8a64927ac8a9,topic=/Set2 C3=1598,C4=1502,W1=792,R1n=508,ts="2026-04-23T13:20:20Z" 1776946791839505958
sensors,bucket=Set1,host=8a64927ac8a9,topic=/Set1 C1=1322,C2=1376,T1=20.4,R3=1642,ts="2026-04-23T13:20:34Z" 1776946805431155741
sensors,bucket=Set2,host=8a64927ac8a9,topic=/Set2 C3=1592,C4=1512,W1=793,R1n=521,ts="2026-04-23T13:20:35Z" 1776946806645702804
sensors,bucket=Set2,host=8a64927ac8a9,topic=/Set2 C3=1592,C4=1499,W1=778,R1n=522,ts="2026-04-23T13:20:50Z" 1776946821437391777
sensors,bucket=Set1,host=8a64927ac8a9,topic=/Set1 C1=1322,C2=1382,T1=20.4,R3=1660,ts="2026-04-23T13:20:48Z" 1776946822512455119
sensors,bucket=Set2,host=8a64927ac8a9,topic=/Set2 C3=1595,C4=1480,W1=784,R1n=509,ts="2026-04-23T13:21:04Z" 1776946836238648293
sensors,bucket=Set2,host=8a64927ac8a9,topic=/Set2 C3=1581,C4=1467,W1=717,R1n=505,ts="2026-04-23T13:21:19Z" 1776946851036955789
sensors,bucket=Set1,host=8a64927ac8a9,topic=/Set1 C1=1323,C2=1384,T1=20.4,R3=1628,ts="2026-04-23T13:21:33Z" 1776946864617904798
sensors,bucket=Set2,host=8a64927ac8a9,topic=/Set2 C3=1591,C4=1484,W1=718,R1n=506,ts="2026-04-23T13:21:34Z" 1776946865837663822
sensors,bucket=Set2,host=8a64927ac8a9,topic=/Set2 C3=1595,C4=1486,W1=712,R1n=509,ts="2026-04-23T13:21:49Z" 1776946880634237167
sensors,bucket=Set1,host=8a64927ac8a9,topic=/Set1 C1=1323,C2=1384,T1=20.4,R3=1545,ts="2026-04-23T13:21:48Z" 1776946890040364068
sensors,bucket=Set2,host=8a64927ac8a9,topic=/Set2 C3=1599,C4=1500,W1=712,R1n=512,ts="2026-04-23T13:22:04Z" 1776946895435862375
sensors,bucket=Set2,host=8a64927ac8a9,topic=/Set2 C3=1597,C4=1511,W1=701,R1n=502,ts="2026-04-23T13:22:18Z" 1776946910235001485
sensors,bucket=Set2,host=8a64927ac8a9,topic=/Set2 C3=1658,C4=1516,W1=701,R1n=462,ts="2026-04-23T13:22:33Z" 1776946925036518049
sensors,bucket=Set2,host=8a64927ac8a9,topic=/Set2 C3=1657,C4=1513,W1=700,R1n=456,ts="2026-04-23T13:22:48Z" 1776946939833025424
sensors,bucket=Set2,host=8a64927ac8a9,topic=/Set2 C3=1657,C4=1514,W1=683,R1n=456,ts="2026-04-23T13:23:03Z" 1776946954635489808
sensors,bucket=Set2,host=8a64927ac8a9,topic=/Set2 C3=1643,C4=1452,W1=665,R1n=459,ts="2026-04-23T13:23:18Z" 1776946969433900753
sensors,bucket=Set2,host=8a64927ac8a9,topic=/Set2 C3=1608,C4=1452,W1=652,R1n=488,ts="2026-04-23T13:23:32Z" 1776946984233313070
sensors,bucket=Set2,host=8a64927ac8a9,topic=/Set2 C3=1592,C4=1440,W1=736,R1n=540,ts="2026-04-23T13:23:47Z" 1776946999035085165
sensors,bucket=Set2,host=8a64927ac8a9,topic=/Set2 C3=1646,C4=1516,W1=727,R1n=536,ts="2026-04-23T13:24:02Z" 1776947013875969060
sensors,bucket=Set1,host=8a64927ac8a9,topic=/Set1 C1=1323,C2=1384,T1=20.4,R3=1594,ts="2026-04-23T13:24:10Z" 1776947024091596124
sensors,bucket=Set2,host=8a64927ac8a9,topic=/Set2 C3=1646,C4=1514,W1=696,R1n=478,ts="2026-04-23T13:24:17Z" 1776947028629632445
sensors,bucket=Set2,host=8a64927ac8a9,topic=/Set2 C3=1656,C4=1478,W1=684,R1n=472,ts="2026-04-23T13:24:32Z" 1776947043432801441
sensors,bucket=Set2,host=8a64927ac8a9,topic=/Set2 C3=1607,C4=1463,W1=655,R1n=489,ts="2026-04-23T13:24:46Z" 1776947058232045382
sensors,bucket=Set1,host=8a64927ac8a9,topic=/Set1 C1=1323,C2=1386,T1=20.4,R3=1414,ts="2026-04-23T13:24:46Z" 1776947060037248963
sensors,bucket=Set2,host=8a64927ac8a9,topic=/Set2 C3=1598,C4=1452,W1=653,R1n=528,ts="2026-04-23T13:25:01Z" 1776947073531884423
sensors,bucket=Set2,host=8a64927ac8a9,topic=/Set2 C3=1593,C4=1454,W1=752,R1n=555,ts="2026-04-23T13:25:16Z" 1776947087826648242
sensors,bucket=Set2,host=8a64927ac8a9,topic=/Set2 C3=1628,C4=1513,W1=747,R1n=555,ts="2026-04-23T13:25:31Z" 1776947102630210688
sensors,bucket=Set2,host=8a64927ac8a9,topic=/Set2 C3=1643,C4=1517,W1=748,R1n=540,ts="2026-04-23T13:25:46Z" 1776947117426687519
sensors,bucket=Set2,host=8a64927ac8a9,topic=/Set2 C3=1656,C4=1513,W1=745,R1n=510,ts="2026-04-23T13:26:00Z" 1776947132234454942
sensors,bucket=Set2,host=8a64927ac8a9,topic=/Set2 C3=1656,C4=1514,W1=745,R1n=495,ts="2026-04-23T13:26:15Z" 1776947147026230604
sensors,bucket=Set1,host=8a64927ac8a9,topic=/Set1 C1=1324,C2=1384,T1=20.4,R3=1629,ts="2026-04-23T13:26:16Z" 1776947151553006914
sensors,bucket=Set2,host=8a64927ac8a9,topic=/Set2 C3=1658,C4=1503,W1=711,R1n=495,ts="2026-04-23T13:26:30Z" 1776947161830786583
sensors,bucket=Set2,host=8a64927ac8a9,topic=/Set2 C3=1646,C4=1469,W1=698,R1n=478,ts="2026-04-23T13:26:45Z" 1776947176626600194
sensors,bucket=Set1,host=8a64927ac8a9,topic=/Set1 C1=1324,C2=1385,T1=20.4,R3=1447,ts="2026-04-23T13:26:55Z" 1776947187209339580
sensors,bucket=Set2,host=8a64927ac8a9,topic=/Set2 C3=1613,C4=1451,W1=697,R1n=492,ts="2026-04-23T13:27:00Z" 1776947191430890308
sensors,bucket=Set2,host=8a64927ac8a9,topic=/Set2 C3=1592,C4=1448,W1=744,R1n=549,ts="2026-04-23T13:27:14Z" 1776947206228446477
sensors,bucket=Set1,host=8a64927ac8a9,topic=/Set1 C1=1323,C2=1384,T1=20.4,R3=1626,ts="2026-04-23T13:27:24Z" 1776947218545460818
sensors,bucket=Set2,host=8a64927ac8a9,topic=/Set2 C3=1645,C4=1518,W1=760,R1n=526,ts="2026-04-23T13:27:29Z" 1776947221029241550
sensors,bucket=Set2,host=8a64927ac8a9,topic=/Set2 C3=1658,C4=1499,W1=698,R1n=478,ts="2026-04-23T13:27:44Z" 1776947235823175737
sensors,bucket=Set1,host=8a64927ac8a9,topic=/Set1 C1=1324,C2=1384,T1=20.4,R3=1577,ts="2026-04-23T13:27:56Z" 1776947248271910372
sensors,bucket=Set2,host=8a64927ac8a9,topic=/Set2 C3=1609,C4=1452,W1=696,R1n=475,ts="2026-04-23T13:27:59Z" 1776947250627773352
sensors,bucket=Set2,host=8a64927ac8a9,topic=/Set2 C3=1592,C4=1448,W1=747,R1n=555,ts="2026-04-23T13:28:14Z" 1776947265424286259
sensors,bucket=Set2,host=8a64927ac8a9,topic=/Set2 C3=1646,C4=1517,W1=764,R1n=526,ts="2026-04-23T13:28:28Z" 1776947280229652169
sensors,bucket=Set1,host=8a64927ac8a9,topic=/Set1 C1=1322,C2=1383,T1=20.4,R3=1643,ts="2026-04-23T13:28:26Z" 1776947282042856522
sensors,bucket=Set2,host=8a64927ac8a9,topic=/Set2 C3=1655,C4=1485,W1=700,R1n=479,ts="2026-04-23T13:28:43Z" 1776947295021274120
sensors,bucket=Set1,host=8a64927ac8a9,topic=/Set1 C1=1322,C2=1375,T1=20.4,R3=1326,ts="2026-04-23T13:28:56Z" 1776947308742780060
sensors,bucket=Set2,host=8a64927ac8a9,topic=/Set2 C3=1592,C4=1439,W1=712,R1n=551,ts="2026-04-23T13:28:58Z" 1776947309821006956
sensors,bucket=Set2,host=8a64927ac8a9,topic=/Set2 C3=1642,C4=1516,W1=761,R1n=541,ts="2026-04-23T13:29:13Z" 1776947324623191400
sensors,bucket=Set2,host=8a64927ac8a9,topic=/Set2 C3=1655,C4=1482,W1=702,R1n=476,ts="2026-04-23T13:29:28Z" 1776947339422234168
sensors,bucket=Set1,host=8a64927ac8a9,topic=/Set1 C1=1323,C2=1373,T1=20.4,R3=974,ts="2026-04-23T13:29:40Z" 1776947351902096627
sensors,bucket=Set2,host=8a64927ac8a9,topic=/Set2 C3=1594,C4=1448,W1=746,R1n=553,ts="2026-04-23T13:29:42Z" 1776947354220409911
sensors,bucket=Set2,host=8a64927ac8a9,topic=/Set2 C3=1657,C4=1518,W1=748,R1n=493,ts="2026-04-23T13:29:57Z" 1776947369027333649
sensors,bucket=Set2,host=8a64927ac8a9,topic=/Set2 C3=1599,C4=1451,W1=688,R1n=477,ts="2026-04-23T13:30:12Z" 1776947383820289434
sensors,bucket=Set1,host=8a64927ac8a9,topic=/Set1 C1=1325,C2=1384,T1=20.4,R3=1478,ts="2026-04-23T13:30:09Z" 1776947390576192454
sensors,bucket=Set2,host=8a64927ac8a9,topic=/Set2 C3=1626,C4=1517,W1=766,R1n=552,ts="2026-04-23T13:30:27Z" 1776947398623294002
sensors,bucket=Set1,host=8a64927ac8a9,topic=/Set1 C1=1323,C2=1384,T1=20.4,R3=1678,ts="2026-04-23T13:30:24Z" 1776947401040098887
sensors,bucket=Set2,host=8a64927ac8a9,topic=/Set2 C3=1655,C4=1482,W1=702,R1n=464,ts="2026-04-23T13:30:42Z" 1776947413421289589
sensors,bucket=Set2,host=8a64927ac8a9,topic=/Set2 C3=1595,C4=1436,W1=727,R1n=557,ts="2026-04-23T13:30:56Z" 1776947428223484080
sensors,bucket=Set1,host=8a64927ac8a9,topic=/Set1 C1=1325,C2=1385,T1=20.4,R3=1402,ts="2026-04-23T13:31:02Z" 1776947433696887278
sensors,bucket=Set2,host=8a64927ac8a9,topic=/Set2 C3=1657,C4=1512,W1=777,R1n=494,ts="2026-04-23T13:31:11Z" 1776947443019866409
sensors,bucket=Set1,host=8a64927ac8a9,topic=/Set1 C1=1323,C2=1384,T1=20.4,R3=1593,ts="2026-04-23T13:31:17Z" 1776947448500835230
sensors,bucket=Set2,host=8a64927ac8a9,topic=/Set2 C3=1641,C4=1465,W1=704,R1n=462,ts="2026-04-23T13:31:26Z" 1776947457822443936
sensors,bucket=Set1,host=8a64927ac8a9,topic=/Set1 C1=1323,C2=1384,T1=20.4,R3=1642,ts="2026-04-23T13:31:31Z" 1776947463289810607
sensors,bucket=Set2,host=8a64927ac8a9,topic=/Set2 C3=1592,C4=1452,W1=743,R1n=544,ts="2026-04-23T13:31:41Z" 1776947472619634643
sensors,bucket=Set1,host=8a64927ac8a9,topic=/Set1 C1=1323,C2=1384,T1=20.4,R3=1690,ts="2026-04-23T13:31:46Z" 1776947480055164363
sensors,bucket=Set2,host=8a64927ac8a9,topic=/Set2 C3=1661,C4=1516,W1=742,R1n=479,ts="2026-04-23T13:31:56Z" 1776947487418080946
sensors,bucket=Set1,host=8a64927ac8a9,topic=/Set1 C1=1323,C2=1384,T1=20.4,R3=1694,ts="2026-04-23T13:32:01Z" 1776947493398646983
sensors,bucket=Set2,host=8a64927ac8a9,topic=/Set2 C3=1626,C4=1449,W1=699,R1n=507,ts="2026-04-23T13:32:10Z" 1776947502224109093
sensors,bucket=Set2,host=8a64927ac8a9,topic=/Set2 C3=1642,C4=1517,W1=776,R1n=537,ts="2026-04-23T13:32:25Z" 1776947517021200468
sensors,bucket=Set2,host=8a64927ac8a9,topic=/Set2 C3=1645,C4=1466,W1=712,R1n=475,ts="2026-04-23T13:32:40Z" 1776947531815065740
sensors,bucket=Set2,host=8a64927ac8a9,topic=/Set2 C3=1596,C4=1464,W1=727,R1n=493,ts="2026-04-23T13:32:55Z" 1776947546624353501
sensors,bucket=Set1,host=8a64927ac8a9,topic=/Set1 C1=1324,C2=1385,T1=20.4,R3=1630,ts="2026-04-23T13:32:53Z" 1776947551073515740
sensors,bucket=Set2,host=8a64927ac8a9,topic=/Set2 C3=1595,C4=1487,W1=763,R1n=492,ts="2026-04-23T13:33:10Z" 1776947561413818481
sensors,bucket=Set1,host=8a64927ac8a9,topic=/Set1 C1=1323,C2=1384,T1=20.4,R3=1691,ts="2026-04-23T13:33:08Z" 1776947565052691458
sensors,bucket=Set2,host=8a64927ac8a9,topic=/Set2 C3=1659,C4=1513,W1=763,R1n=458,ts="2026-04-23T13:33:24Z" 1776947576214853840
sensors,bucket=Set2,host=8a64927ac8a9,topic=/Set2 C3=1643,C4=1466,W1=703,R1n=439,ts="2026-04-23T13:33:39Z" 1776947591012726782
sensors,bucket=Set1,host=8a64927ac8a9,topic=/Set1 C1=1324,C2=1384,T1=20.4,R3=1563,ts="2026-04-23T13:33:46Z" 1776947600562375729
sensors,bucket=Set2,host=8a64927ac8a9,topic=/Set2 C3=1594,C4=1437,W1=751,R1n=504,ts="2026-04-23T13:33:54Z" 1776947605817848401
sensors,bucket=Set1,host=8a64927ac8a9,topic=/Set1 C1=1323,C2=1384,T1=20.4,R3=1593,ts="2026-04-23T13:34:01Z" 1776947620317474162
sensors,bucket=Set2,host=8a64927ac8a9,topic=/Set2 C3=1657,C4=1514,W1=760,R1n=456,ts="2026-04-23T13:34:09Z" 1776947620615054996
sensors,bucket=Set2,host=8a64927ac8a9,topic=/Set2 C3=1609,C4=1450,W1=713,R1n=442,ts="2026-04-23T13:34:24Z" 1776947635414462244
sensors,bucket=Set2,host=8a64927ac8a9,topic=/Set2 C3=1625,C4=1512,W1=779,R1n=503,ts="2026-04-23T13:34:38Z" 1776947650211902609
sensors,bucket=Set2,host=8a64927ac8a9,topic=/Set2 C3=1640,C4=1479,W1=715,R1n=424,ts="2026-04-23T13:34:53Z" 1776947665011021065
sensors,bucket=Set2,host=8a64927ac8a9,topic=/Set2 C3=1583,C4=1497,W1=778,R1n=494,ts="2026-04-23T13:35:08Z" 1776947679812699041
sensors,bucket=Set2,host=8a64927ac8a9,topic=/Set2 C3=1661,C4=1503,W1=748,R1n=414,ts="2026-04-23T13:35:23Z" 1776947694621094801
sensors,bucket=Set1,host=8a64927ac8a9,topic=/Set1 C1=1335,C2=1386,T1=20.4,R3=1579,ts="2026-04-23T13:35:23Z" 1776947695698771953
sensors,bucket=Set2,host=8a64927ac8a9,topic=/Set2 C3=1608,C4=1466,W1=703,R1n=411,ts="2026-04-23T13:35:38Z" 1776947709409245830
sensors,bucket=Set2,host=8a64927ac8a9,topic=/Set2 C3=1592,C4=1497,W1=777,R1n=472,ts="2026-04-23T13:35:52Z" 1776947724212195213
sensors,bucket=Set2,host=8a64927ac8a9,topic=/Set2 C3=1659,C4=1499,W1=729,R1n=410,ts="2026-04-23T13:36:07Z" 1776947739016377999
sensors,bucket=Set2,host=8a64927ac8a9,topic=/Set2 C3=1611,C4=1465,W1=714,R1n=447,ts="2026-04-23T13:36:22Z" 1776947753812871778
sensors,bucket=Set2,host=8a64927ac8a9,topic=/Set2 C3=1598,C4=1500,W1=778,R1n=478,ts="2026-04-23T13:36:37Z" 1776947768619547335
sensors,bucket=Set2,host=8a64927ac8a9,topic=/Set2 C3=1656,C4=1496,W1=736,R1n=414,ts="2026-04-23T13:36:52Z" 1776947783410651958
sensors,bucket=Set2,host=8a64927ac8a9,topic=/Set2 C3=1600,C4=1467,W1=715,R1n=423,ts="2026-04-23T13:37:06Z" 1776947798211533439
sensors,bucket=Set1,host=8a64927ac8a9,topic=/Set1 C1=1326,C2=1384,T1=20.4,R3=1629,ts="2026-04-23T13:37:07Z" 1776947801676559814
sensors,bucket=Set2,host=8a64927ac8a9,topic=/Set2 C3=1595,C4=1481,W1=765,R1n=472,ts="2026-04-23T13:37:21Z" 1776947813008443842
sensors,bucket=Set1,host=8a64927ac8a9,topic=/Set1 C1=1325,C2=1385,T1=20.4,R3=1736,ts="2026-04-23T13:37:22Z" 1776947818137206957
sensors,bucket=Set2,host=8a64927ac8a9,topic=/Set2 C3=1661,C4=1512,W1=767,R1n=423,ts="2026-04-23T13:37:36Z" 1776947827812012276
sensors,bucket=Set1,host=8a64927ac8a9,topic=/Set1 C1=1326,C2=1384,T1=20.4,R3=1659,ts="2026-04-23T13:37:37Z" 1776947836156494849
sensors,bucket=Set2,host=8a64927ac8a9,topic=/Set2 C3=1642,C4=1449,W1=717,R1n=398,ts="2026-04-23T13:37:51Z" 1776947842608730324
sensors,bucket=Set2,host=8a64927ac8a9,topic=/Set2 C3=1598,C4=1434,W1=712,R1n=443,ts="2026-04-23T13:38:06Z" 1776947857411242160
sensors,bucket=Set2,host=8a64927ac8a9,topic=/Set2 C3=1597,C4=1449,W1=782,R1n=474,ts="2026-04-23T13:38:20Z" 1776947872205266836
sensors,bucket=Set1,host=8a64927ac8a9,topic=/Set1 C1=1326,C2=1385,T1=20.4,R3=1753,ts="2026-04-23T13:38:21Z" 1776947876124529919
sensors,bucket=Set2,host=8a64927ac8a9,topic=/Set2 C3=1656,C4=1515,W1=780,R1n=446,ts="2026-04-23T13:38:35Z" 1776947887009461759
sensors,bucket=Set2,host=8a64927ac8a9,topic=/Set2 C3=1655,C4=1464,W1=727,R1n=409,ts="2026-04-23T13:38:50Z" 1776947901808375658
sensors,bucket=Set2,host=8a64927ac8a9,topic=/Set2 C3=1594,C4=1448,W1=746,R1n=477,ts="2026-04-23T13:39:05Z" 1776947916607269389
sensors,bucket=Set1,host=8a64927ac8a9,topic=/Set1 C1=1324,C2=1385,T1=20.4,R3=1607,ts="2026-04-23T13:39:19Z" 1776947930268839417
sensors,bucket=Set2,host=8a64927ac8a9,topic=/Set2 C3=1642,C4=1513,W1=779,R1n=460,ts="2026-04-23T13:39:20Z" 1776947931406779218
sensors,bucket=Set1,host=8a64927ac8a9,topic=/Set1 C1=1323,C2=1384,T1=20.4,R3=1642,ts="2026-04-23T13:39:33Z" 1776947946094358224
sensors,bucket=Set2,host=8a64927ac8a9,topic=/Set2 C3=1660,C4=1486,W1=718,R1n=426,ts="2026-04-23T13:39:34Z" 1776947946207632252
sensors,bucket=Set2,host=8a64927ac8a9,topic=/Set2 C3=1622,C4=1455,W1=703,R1n=410,ts="2026-04-23T13:39:49Z" 1776947961005459399
sensors,bucket=Set2,host=8a64927ac8a9,topic=/Set2 C3=1592,C4=1455,W1=735,R1n=490,ts="2026-04-23T13:40:04Z" 1776947975813475812
sensors,bucket=Set2,host=8a64927ac8a9,topic=/Set2 C3=1630,C4=1519,W1=767,R1n=471,ts="2026-04-23T13:40:19Z" 1776947990602946941
sensors,bucket=Set2,host=8a64927ac8a9,topic=/Set2 C3=1655,C4=1504,W1=719,R1n=424,ts="2026-04-23T13:40:34Z" 1776948005407635945
sensors,bucket=Set2,host=8a64927ac8a9,topic=/Set2 C3=1643,C4=1449,W1=701,R1n=397,ts="2026-04-23T13:40:48Z" 1776948020201942104
sensors,bucket=Set1,host=8a64927ac8a9,topic=/Set1 C1=1324,C2=1385,T1=20.4,R3=1647,ts="2026-04-23T13:40:54Z" 1776948025933287433
sensors,bucket=Set2,host=8a64927ac8a9,topic=/Set2 C3=1597,C4=1433,W1=711,R1n=472,ts="2026-04-23T13:41:03Z" 1776948035003247502
sensors,bucket=Set2,host=8a64927ac8a9,topic=/Set2 C3=1595,C4=1495,W1=780,R1n=476,ts="2026-04-23T13:41:18Z" 1776948049803761807
sensors,bucket=Set2,host=8a64927ac8a9,topic=/Set2 C3=1647,C4=1516,W1=776,R1n=445,ts="2026-04-23T13:41:33Z" 1776948064609230247
sensors,bucket=Set2,host=8a64927ac8a9,topic=/Set2 C3=1658,C4=1498,W1=733,R1n=430,ts="2026-04-23T13:41:48Z" 1776948079403711808
sensors,bucket=Set1,host=8a64927ac8a9,topic=/Set1 C1=1323,C2=1384,T1=20.4,R3=1576,ts="2026-04-23T13:42:01Z" 1776948093391202263
sensors,bucket=Set2,host=8a64927ac8a9,topic=/Set2 C3=1642,C4=1466,W1=704,R1n=409,ts="2026-04-23T13:42:02Z" 1776948094612260059
sensors,bucket=Set2,host=8a64927ac8a9,topic=/Set2 C3=1612,C4=1437,W1=700,R1n=459,ts="2026-04-23T13:42:17Z" 1776948108999816792
sensors,bucket=Set1,host=8a64927ac8a9,topic=/Set1 C1=1323,C2=1384,T1=20.4,R3=1769,ts="2026-04-23T13:42:16Z" 1776948118632954073
sensors,bucket=Set2,host=8a64927ac8a9,topic=/Set2 C3=1598,C4=1483,W1=761,R1n=492,ts="2026-04-23T13:42:32Z" 1776948123805039965
sensors,bucket=Set2,host=8a64927ac8a9,topic=/Set2 C3=1661,C4=1513,W1=761,R1n=442,ts="2026-04-23T13:42:47Z" 1776948138598060181
sensors,bucket=Set2,host=8a64927ac8a9,topic=/Set2 C3=1645,C4=1472,W1=716,R1n=426,ts="2026-04-23T13:43:02Z" 1776948153401182200
sensors,bucket=Set1,host=8a64927ac8a9,topic=/Set1 C1=1324,C2=1384,T1=20.4,R3=1759,ts="2026-04-23T13:43:01Z" 1776948161668561347
sensors,bucket=Set2,host=8a64927ac8a9,topic=/Set2 C3=1654,C4=1512,W1=758,R1n=445,ts="2026-04-23T13:43:17Z" 1776948168456199656
sensors,bucket=Set2,host=8a64927ac8a9,topic=/Set2 C3=1628,C4=1516,W1=768,R1n=494,ts="2026-04-23T13:43:32Z" 1776948183260287792
sensors,bucket=Set1,host=8a64927ac8a9,topic=/Set1 C1=1323,C2=1384,T1=20.4,R3=1727,ts="2026-04-23T13:43:15Z" 1776948188112922749
sensors,bucket=Set1,host=8a64927ac8a9,topic=/Set1 C1=1323,C2=1384,T1=20.4,R3=1784,ts="2026-04-23T13:43:30Z" 1776948188112996665
sensors,bucket=Set1,host=8a64927ac8a9,topic=/Set1 C1=1322,C2=1383,T1=20.4,R3=1690,ts="2026-04-23T13:43:45Z" 1776948196723414778
sensors,bucket=Set2,host=8a64927ac8a9,topic=/Set2 C3=1658,C4=1487,W1=699,R1n=428,ts="2026-04-23T13:43:46Z" 1776948198053854552
sensors,bucket=Set2,host=8a64927ac8a9,topic=/Set2 C3=1613,C4=1450,W1=669,R1n=461,ts="2026-04-23T13:44:01Z" 1776948212858939029
sensors,bucket=Set2,host=8a64927ac8a9,topic=/Set2 C3=1591,C4=1495,W1=744,R1n=494,ts="2026-04-23T13:44:16Z" 1776948227651254505
sensors,bucket=Set2,host=8a64927ac8a9,topic=/Set2 C3=1662,C4=1513,W1=718,R1n=429,ts="2026-04-23T13:44:31Z" 1776948242453965039
sensors,bucket=Set2,host=8a64927ac8a9,topic=/Set2 C3=1657,C4=1484,W1=688,R1n=425,ts="2026-04-23T13:44:46Z" 1776948257254996642
sensors,bucket=Set2,host=8a64927ac8a9,topic=/Set2 C3=1658,C4=1478,W1=695,R1n=423,ts="2026-04-23T13:45:00Z" 1776948272054782362
sensors,bucket=Set2,host=8a64927ac8a9,topic=/Set2 C3=1627,C4=1453,W1=679,R1n=427,ts="2026-04-23T13:45:15Z" 1776948286853401292
sensors,bucket=Set2,host=8a64927ac8a9,topic=/Set2 C3=1599,C4=1440,W1=712,R1n=495,ts="2026-04-23T13:45:30Z" 1776948301652692149
sensors,bucket=Set2,host=8a64927ac8a9,topic=/Set2 C3=1615,C4=1514,W1=730,R1n=491,ts="2026-04-23T13:45:45Z" 1776948316447868066
sensors,bucket=Set2,host=8a64927ac8a9,topic=/Set2 C3=1656,C4=1511,W1=715,R1n=440,ts="2026-04-23T13:46:00Z" 1776948331252036558
sensors,bucket=Set2,host=8a64927ac8a9,topic=/Set2 C3=1629,C4=1470,W1=683,R1n=430,ts="2026-04-23T13:46:14Z" 1776948346052120057
sensors,bucket=Set2,host=8a64927ac8a9,topic=/Set2 C3=1597,C4=1466,W1=728,R1n=509,ts="2026-04-23T13:46:29Z" 1776948360854264080
sensors,bucket=Set1,host=8a64927ac8a9,topic=/Set1 C1=1325,C2=1382,T1=20.4,R3=1040,ts="2026-04-23T13:46:41Z" 1776948373258351272
sensors,bucket=Set2,host=8a64927ac8a9,topic=/Set2 C3=1661,C4=1515,W1=733,R1n=455,ts="2026-04-23T13:46:44Z" 1776948375649232594
sensors,bucket=Set1,host=8a64927ac8a9,topic=/Set1 C1=1324,C2=1384,T1=20.4,R3=1659,ts="2026-04-23T13:46:56Z" 1776948389648760884
sensors,bucket=Set2,host=8a64927ac8a9,topic=/Set2 C3=1656,C4=1469,W1=681,R1n=426,ts="2026-04-23T13:46:59Z" 1776948390454344931
sensors,bucket=Set1,host=8a64927ac8a9,topic=/Set1 C1=1322,C2=1384,T1=20.4,R3=1742,ts="2026-04-23T13:47:11Z" 1776948404640513207
sensors,bucket=Set2,host=8a64927ac8a9,topic=/Set2 C3=1592,C4=1436,W1=699,R1n=489,ts="2026-04-23T13:47:14Z" 1776948405250377489
sensors,bucket=Set1,host=8a64927ac8a9,topic=/Set1 C1=1323,C2=1383,T1=20.4,R3=1672,ts="2026-04-23T13:47:25Z" 1776948419652285970
sensors,bucket=Set2,host=8a64927ac8a9,topic=/Set2 C3=1624,C4=1516,W1=718,R1n=492,ts="2026-04-23T13:47:28Z" 1776948420054796782
sensors,bucket=Set1,host=8a64927ac8a9,topic=/Set1 C1=1324,C2=1384,T1=20.4,R3=1644,ts="2026-04-23T13:47:40Z" 1776948433662469753
sensors,bucket=Set2,host=8a64927ac8a9,topic=/Set2 C3=1661,C4=1499,W1=683,R1n=430,ts="2026-04-23T13:47:43Z" 1776948434847143414
sensors,bucket=Set2,host=8a64927ac8a9,topic=/Set2 C3=1625,C4=1451,W1=663,R1n=459,ts="2026-04-23T13:47:58Z" 1776948449650146531
sensors,bucket=Set2,host=8a64927ac8a9,topic=/Set2 C3=1607,C4=1500,W1=730,R1n=511,ts="2026-04-23T13:48:13Z" 1776948464447464321
sensors,bucket=Set2,host=8a64927ac8a9,topic=/Set2 C3=1659,C4=1503,W1=683,R1n=445,ts="2026-04-23T13:48:28Z" 1776948479251582809
sensors,bucket=Set1,host=8a64927ac8a9,topic=/Set1 C1=1323,C2=1385,T1=20.4,R3=1833,ts="2026-04-23T13:48:39Z" 1776948491123580433
sensors,bucket=Set2,host=8a64927ac8a9,topic=/Set2 C3=1610,C4=1447,W1=667,R1n=444,ts="2026-04-23T13:48:42Z" 1776948494135337338
sensors,bucket=Set2,host=8a64927ac8a9,topic=/Set2 C3=1597,C4=1487,W1=727,R1n=519,ts="2026-04-23T13:48:57Z" 1776948508852043699
sensors,bucket=Set2,host=8a64927ac8a9,topic=/Set2 C3=1662,C4=1500,W1=727,R1n=443,ts="2026-04-23T13:49:12Z" 1776948523647193353
sensors,bucket=Set1,host=8a64927ac8a9,topic=/Set1 C1=1325,C2=1385,T1=20.4,R3=1645,ts="2026-04-23T13:49:16Z" 1776948527752237078
sensors,bucket=Set2,host=8a64927ac8a9,topic=/Set2 C3=1656,C4=1465,W1=696,R1n=425,ts="2026-04-23T13:49:27Z" 1776948538448225306
sensors,bucket=Set2,host=8a64927ac8a9,topic=/Set2 C3=1611,C4=1446,W1=682,R1n=457,ts="2026-04-23T13:49:42Z" 1776948553246824573
sensors,bucket=Set1,host=8a64927ac8a9,topic=/Set1 C1=1325,C2=1385,T1=20.4,R3=1677,ts="2026-04-23T13:49:46Z" 1776948560705897524
sensors,bucket=Set2,host=8a64927ac8a9,topic=/Set2 C3=1609,C4=1449,W1=719,R1n=492,ts="2026-04-23T13:49:56Z" 1776948568053464439
sensors,bucket=Set2,host=8a64927ac8a9,topic=/Set2 C3=1597,C4=1486,W1=763,R1n=508,ts="2026-04-23T13:50:11Z" 1776948582843078825
sensors,bucket=Set2,host=8a64927ac8a9,topic=/Set2 C3=1658,C4=1512,W1=779,R1n=444,ts="2026-04-23T13:50:26Z" 1776948597645409830
sensors,bucket=Set1,host=8a64927ac8a9,topic=/Set1 C1=1324,C2=1384,T1=20.4,R3=1660,ts="2026-04-23T13:50:15Z" 1776948604648841031
sensors,bucket=Set1,host=8a64927ac8a9,topic=/Set1 C1=1323,C2=1384,T1=20.4,R3=1655,ts="2026-04-23T13:50:30Z" 1776948604649064109
sensors,bucket=Set2,host=8a64927ac8a9,topic=/Set2 C3=1656,C4=1467,W1=735,R1n=426,ts="2026-04-23T13:50:41Z" 1776948612444259301
sensors,bucket=Set2,host=8a64927ac8a9,topic=/Set2 C3=1597,C4=1437,W1=715,R1n=491,ts="2026-04-23T13:50:56Z" 1776948627244650605
sensors,bucket=Set1,host=8a64927ac8a9,topic=/Set1 C1=1322,C2=1386,T1=20.4,R3=1357,ts="2026-04-23T13:51:02Z" 1776948637197960532
sensors,bucket=Set2,host=8a64927ac8a9,topic=/Set2 C3=1593,C4=1502,W1=779,R1n=504,ts="2026-04-23T13:51:10Z" 1776948642044791031
sensors,bucket=Set2,host=8a64927ac8a9,topic=/Set2 C3=1662,C4=1515,W1=765,R1n=456,ts="2026-04-23T13:51:25Z" 1776948656843939624
sensors,bucket=Set2,host=8a64927ac8a9,topic=/Set2 C3=1646,C4=1449,W1=716,R1n=423,ts="2026-04-23T13:51:40Z" 1776948671640416863
sensors,bucket=Set1,host=8a64927ac8a9,topic=/Set1 C1=1323,C2=1383,T1=20.4,R3=1336,ts="2026-04-23T13:51:50Z" 1776948684636996297
sensors,bucket=Set2,host=8a64927ac8a9,topic=/Set2 C3=1599,C4=1437,W1=713,R1n=505,ts="2026-04-23T13:51:55Z" 1776948686445210429
sensors,bucket=Set2,host=8a64927ac8a9,topic=/Set2 C3=1639,C4=1518,W1=767,R1n=489,ts="2026-04-23T13:52:10Z" 1776948701240360175
sensors,bucket=Set2,host=8a64927ac8a9,topic=/Set2 C3=1672,C4=1512,W1=760,R1n=440,ts="2026-04-23T13:52:24Z" 1776948716044559274
sensors,bucket=Set2,host=8a64927ac8a9,topic=/Set2 C3=1659,C4=1479,W1=716,R1n=427,ts="2026-04-23T13:52:39Z" 1776948730838787327
sensors,bucket=Set1,host=8a64927ac8a9,topic=/Set1 C1=1325,C2=1386,T1=20.4,R3=1519,ts="2026-04-23T13:52:42Z" 1776948734258169891
sensors,bucket=Set2,host=8a64927ac8a9,topic=/Set2 C3=1611,C4=1464,W1=714,R1n=414,ts="2026-04-23T13:52:54Z" 1776948745643870752
sensors,bucket=Set1,host=8a64927ac8a9,topic=/Set1 C1=1324,C2=1384,T1=20.4,R3=1818,ts="2026-04-23T13:52:57Z" 1776948750159513537
sensors,bucket=Set2,host=8a64927ac8a9,topic=/Set2 C3=1616,C4=1450,W1=717,R1n=413,ts="2026-04-23T13:53:09Z" 1776948760441375553
sensors,bucket=Set1,host=8a64927ac8a9,topic=/Set1 C1=1324,C2=1384,T1=20.4,R3=1645,ts="2026-04-23T13:53:12Z" 1776948765186000007
sensors,bucket=Set2,host=8a64927ac8a9,topic=/Set2 C3=1642,C4=1450,W1=726,R1n=415,ts="2026-04-23T13:53:24Z" 1776948775241153367
sensors,bucket=Set2,host=8a64927ac8a9,topic=/Set2 C3=1629,C4=1449,W1=717,R1n=428,ts="2026-04-23T13:53:38Z" 1776948790040725990
sensors,bucket=Set1,host=8a64927ac8a9,topic=/Set1 C1=1324,C2=1384,T1=20.4,R3=1595,ts="2026-04-23T13:53:41Z" 1776948793561448313
sensors,bucket=Set2,host=8a64927ac8a9,topic=/Set2 C3=1593,C4=1478,W1=779,R1n=505,ts="2026-04-23T13:53:53Z" 1776948804853268822
sensors,bucket=Set1,host=8a64927ac8a9,topic=/Set1 C1=1324,C2=1385,T1=20.4,R3=1691,ts="2026-04-23T13:53:56Z" 1776948811211512233
sensors,bucket=Set2,host=8a64927ac8a9,topic=/Set2 C3=1660,C4=1503,W1=792,R1n=440,ts="2026-04-23T13:54:08Z" 1776948819660149494
sensors,bucket=Set2,host=8a64927ac8a9,topic=/Set2 C3=1657,C4=1470,W1=734,R1n=414,ts="2026-04-23T13:54:23Z" 1776948834459037940
sensors,bucket=Set1,host=8a64927ac8a9,topic=/Set1 C1=1325,C2=1376,T1=20.4,R3=1293,ts="2026-04-23T13:54:33Z" 1776948845376732214
sensors,bucket=Set2,host=8a64927ac8a9,topic=/Set2 C3=1608,C4=1438,W1=719,R1n=457,ts="2026-04-23T13:54:38Z" 1776948849236355290
sensors,bucket=Set2,host=8a64927ac8a9,topic=/Set2 C3=1607,C4=1448,W1=766,R1n=489,ts="2026-04-23T13:54:52Z" 1776948864039027909
sensors,bucket=Set1,host=8a64927ac8a9,topic=/Set1 C1=1325,C2=1385,T1=20.4,R3=1498,ts="2026-04-23T13:55:04Z" 1776948876281553315
sensors,bucket=Set2,host=8a64927ac8a9,topic=/Set2 C3=1645,C4=1514,W1=794,R1n=474,ts="2026-04-23T13:55:07Z" 1776948878835008140
sensors,bucket=Set2,host=8a64927ac8a9,topic=/Set2 C3=1658,C4=1512,W1=744,R1n=414,ts="2026-04-23T13:55:22Z" 1776948893639074558
sensors,bucket=Set1,host=8a64927ac8a9,topic=/Set1 C1=1324,C2=1385,T1=20.4,R3=1709,ts="2026-04-23T13:55:34Z" 1776948905382742000
sensors,bucket=Set2,host=8a64927ac8a9,topic=/Set2 C3=1660,C4=1485,W1=747,R1n=461,ts="2026-04-23T13:55:37Z" 1776948908440722145
sensors,bucket=Set2,host=8a64927ac8a9,topic=/Set2 C3=1656,C4=1471,W1=734,R1n=423,ts="2026-04-23T13:55:52Z" 1776948923237079377
sensors,bucket=Set1,host=8a64927ac8a9,topic=/Set1 C1=1322,C2=1384,T1=20.4,R3=1642,ts="2026-04-23T13:56:03Z" 1776948937692821551
sensors,bucket=Set2,host=8a64927ac8a9,topic=/Set2 C3=1596,C4=1448,W1=720,R1n=457,ts="2026-04-23T13:56:06Z" 1776948938039467206
sensors,bucket=Set1,host=8a64927ac8a9,topic=/Set1 C1=1324,C2=1384,T1=20.4,R3=1641,ts="2026-04-23T13:56:18Z" 1776948950259117441
sensors,bucket=Set2,host=8a64927ac8a9,topic=/Set2 C3=1598,C4=1495,W1=780,R1n=489,ts="2026-04-23T13:56:21Z" 1776948952836784631
sensors,bucket=Set1,host=8a64927ac8a9,topic=/Set1 C1=1323,C2=1384,T1=20.4,R3=1756,ts="2026-04-23T13:56:33Z" 1776948965268184149
sensors,bucket=Set2,host=8a64927ac8a9,topic=/Set2 C3=1663,C4=1515,W1=779,R1n=442,ts="2026-04-23T13:56:36Z" 1776948967637329160
sensors,bucket=Set2,host=8a64927ac8a9,topic=/Set2 C3=1622,C4=1439,W1=728,R1n=457,ts="2026-04-23T13:56:51Z" 1776948982433993063
sensors,bucket=Set1,host=8a64927ac8a9,topic=/Set1 C1=1324,C2=1384,T1=20.4,R3=1736,ts="2026-04-23T13:57:02Z" 1776948994192664547
sensors,bucket=Set2,host=8a64927ac8a9,topic=/Set2 C3=1612,C4=1503,W1=783,R1n=505,ts="2026-04-23T13:57:06Z" 1776948997238403448
sensors,bucket=Set2,host=8a64927ac8a9,topic=/Set2 C3=1660,C4=1513,W1=749,R1n=460,ts="2026-04-23T13:57:20Z" 1776949012043919884
sensors,bucket=Set1,host=8a64927ac8a9,topic=/Set1 C1=1323,C2=1384,T1=20.4,R3=1598,ts="2026-04-23T13:57:17Z" 1776949013165472772
sensors,bucket=Set1,host=8a64927ac8a9,topic=/Set1 C1=1324,C2=1382,T1=20.4,R3=1677,ts="2026-04-23T13:57:32Z" 1776949026688317667
sensors,bucket=Set2,host=8a64927ac8a9,topic=/Set2 C3=1613,C4=1448,W1=718,R1n=415,ts="2026-04-23T13:57:35Z" 1776949026835192915
sensors,bucket=Set2,host=8a64927ac8a9,topic=/Set2 C3=1592,C4=1498,W1=780,R1n=494,ts="2026-04-23T13:57:50Z" 1776949041632805743
sensors,bucket=Set2,host=8a64927ac8a9,topic=/Set2 C3=1663,C4=1503,W1=735,R1n=440,ts="2026-04-23T13:58:05Z" 1776949056435768801
sensors,bucket=Set1,host=8a64927ac8a9,topic=/Set1 C1=1324,C2=1383,T1=20.4,R3=1118,ts="2026-04-23T13:58:09Z" 1776949060975983658
sensors,bucket=Set2,host=8a64927ac8a9,topic=/Set2 C3=1609,C4=1438,W1=736,R1n=508,ts="2026-04-23T13:58:20Z" 1776949071233565108
sensors,bucket=Set2,host=8a64927ac8a9,topic=/Set2 C3=1662,C4=1512,W1=762,R1n=442,ts="2026-04-23T13:58:34Z" 1776949086035266258
sensors,bucket=Set2,host=8a64927ac8a9,topic=/Set2 C3=1626,C4=1438,W1=712,R1n=488,ts="2026-04-23T13:58:49Z" 1776949100834245829
sensors,bucket=Set1,host=8a64927ac8a9,topic=/Set1 C1=1324,C2=1384,T1=20.4,R3=1723,ts="2026-04-23T13:58:38Z" 1776949104189956852
sensors,bucket=Set2,host=8a64927ac8a9,topic=/Set2 C3=1659,C4=1512,W1=767,R1n=459,ts="2026-04-23T13:59:04Z" 1776949115633824664
sensors,bucket=Set2,host=8a64927ac8a9,topic=/Set2 C3=1607,C4=1452,W1=727,R1n=460,ts="2026-04-23T13:59:19Z" 1776949130432396078
sensors,bucket=Set2,host=8a64927ac8a9,topic=/Set2 C3=1654,C4=1517,W1=781,R1n=461,ts="2026-04-23T13:59:34Z" 1776949145231700659
sensors,bucket=Set2,host=8a64927ac8a9,topic=/Set2 C3=1656,C4=1447,W1=717,R1n=411,ts="2026-04-23T13:59:48Z" 1776949160032902075
sensors,bucket=Set2,host=8a64927ac8a9,topic=/Set2 C3=1597,C4=1485,W1=779,R1n=490,ts="2026-04-23T14:00:03Z" 1776949174836925059
sensors,bucket=Set1,host=8a64927ac8a9,topic=/Set1 C1=1323,C2=1376,T1=20.4,R3=1423,ts="2026-04-23T14:00:08Z" 1776949180577732045
sensors,bucket=Set2,host=8a64927ac8a9,topic=/Set2 C3=1660,C4=1502,W1=764,R1n=427,ts="2026-04-23T14:00:18Z" 1776949189631431395
sensors,bucket=Set2,host=8a64927ac8a9,topic=/Set2 C3=1610,C4=1437,W1=745,R1n=477,ts="2026-04-23T14:00:33Z" 1776949204438991258
sensors,bucket=Set1,host=8a64927ac8a9,topic=/Set1 C1=1325,C2=1384,T1=20.4,R3=1674,ts="2026-04-23T14:00:38Z" 1776949210186261831
sensors,bucket=Set2,host=8a64927ac8a9,topic=/Set2 C3=1648,C4=1503,W1=782,R1n=447,ts="2026-04-23T14:00:48Z" 1776949219229611289
sensors,bucket=Set2,host=8a64927ac8a9,topic=/Set2 C3=1655,C4=1470,W1=728,R1n=414,ts="2026-04-23T14:01:02Z" 1776949234031208355
sensors,bucket=Set1,host=8a64927ac8a9,topic=/Set1 C1=1325,C2=1385,T1=20.4,R3=1535,ts="2026-04-23T14:01:08Z" 1776949245909948530
sensors,bucket=Set2,host=8a64927ac8a9,topic=/Set2 C3=1591,C4=1453,W1=793,R1n=492,ts="2026-04-23T14:01:17Z" 1776949248828682844
sensors,bucket=Set2,host=8a64927ac8a9,topic=/Set2 C3=1657,C4=1500,W1=748,R1n=425,ts="2026-04-23T14:01:32Z" 1776949263631167406
sensors,bucket=Set1,host=8a64927ac8a9,topic=/Set1 C1=1324,C2=1384,T1=20.4,R3=1707,ts="2026-04-23T14:01:23Z" 1776949265901152328
sensors,bucket=Set1,host=8a64927ac8a9,topic=/Set1 C1=1324,C2=1384,T1=20.4,R3=1772,ts="2026-04-23T14:01:38Z" 1776949275913340018
sensors,bucket=Set2,host=8a64927ac8a9,topic=/Set2 C3=1607,C4=1437,W1=719,R1n=489,ts="2026-04-23T14:01:47Z" 1776949278429043284
sensors,bucket=Set1,host=8a64927ac8a9,topic=/Set1 C1=1323,C2=1384,T1=20.4,R3=1754,ts="2026-04-23T14:01:53Z" 1776949289431981181
sensors,bucket=Set2,host=8a64927ac8a9,topic=/Set2 C3=1641,C4=1520,W1=765,R1n=459,ts="2026-04-23T14:02:02Z" 1776949293232201922
sensors,bucket=Set2,host=8a64927ac8a9,topic=/Set2 C3=1648,C4=1469,W1=719,R1n=413,ts="2026-04-23T14:02:16Z" 1776949308025671045
sensors,bucket=Set1,host=8a64927ac8a9,topic=/Set1 C1=1322,C2=1384,T1=20.4,R3=1424,ts="2026-04-23T14:02:25Z" 1776949317342756515
sensors,bucket=Set2,host=8a64927ac8a9,topic=/Set2 C3=1597,C4=1450,W1=764,R1n=477,ts="2026-04-23T14:02:31Z" 1776949322826894988
sensors,bucket=Set2,host=8a64927ac8a9,topic=/Set2 C3=1659,C4=1512,W1=751,R1n=430,ts="2026-04-23T14:02:46Z" 1776949337626362779
sensors,bucket=Set2,host=8a64927ac8a9,topic=/Set2 C3=1630,C4=1466,W1=703,R1n=414,ts="2026-04-23T14:03:01Z" 1776949352430549665
sensors,bucket=Set1,host=8a64927ac8a9,topic=/Set1 C1=1308,C2=1385,T1=19.4,R3=878,ts="2026-04-24T09:43:47Z" 1777020199320410766
sensors,bucket=Set2,host=8a64927ac8a9,topic=/Set2 C3=1719,C4=1544,W1=983,R1n=332,ts="2026-04-24T09:43:48Z" 1777020199320469908
sensors,bucket=Set1,host=8a64927ac8a9,topic=/Set1 C1=1308,C2=1384,T1=19.4,R3=906,ts="2026-04-24T09:44:02Z" 1777020212893157813
sensors,bucket=Set2,host=8a64927ac8a9,topic=/Set2 C3=1740,C4=1565,W1=975,R1n=361,ts="2026-04-24T09:44:03Z" 1777020213799224967
sensors,bucket=Set1,host=8a64927ac8a9,topic=/Set1 C1=1308,C2=1385,T1=19.4,R3=952,ts="2026-04-24T09:44:16Z" 1777020227426801310
sensors,bucket=Set2,host=8a64927ac8a9,topic=/Set2 C3=1755,C4=1552,W1=976,R1n=312,ts="2026-04-24T09:44:18Z" 1777020228596377711
sensors,bucket=Set1,host=8a64927ac8a9,topic=/Set1 C1=1308,C2=1385,T1=19.4,R3=927,ts="2026-04-24T09:44:31Z" 1777020242227068053
sensors,bucket=Set2,host=8a64927ac8a9,topic=/Set2 C3=1743,C4=1547,W1=953,R1n=288,ts="2026-04-24T09:44:32Z" 1777020243400197150
sensors,bucket=Set1,host=8a64927ac8a9,topic=/Set1 C1=1308,C2=1385,T1=19.4,R3=879,ts="2026-04-24T09:44:46Z" 1777020257030964057
sensors,bucket=Set2,host=8a64927ac8a9,topic=/Set2 C3=1752,C4=1552,W1=923,R1n=253,ts="2026-04-24T09:44:47Z" 1777020258210015648
sensors,bucket=Set1,host=8a64927ac8a9,topic=/Set1 C1=1308,C2=1385,T1=19.4,R3=911,ts="2026-04-24T09:45:01Z" 1777020271819022983
sensors,bucket=Set2,host=8a64927ac8a9,topic=/Set2 C3=1741,C4=1527,W1=908,R1n=268,ts="2026-04-24T09:45:02Z" 1777020272996945860
sensors,bucket=Set1,host=8a64927ac8a9,topic=/Set1 C1=1308,C2=1385,T1=19.4,R3=887,ts="2026-04-24T09:45:16Z" 1777020286640425589
sensors,bucket=Set2,host=8a64927ac8a9,topic=/Set2 C3=1742,C4=1482,W1=911,R1n=234,ts="2026-04-24T09:45:17Z" 1777020287789841510
sensors,bucket=Set1,host=8a64927ac8a9,topic=/Set1 C1=1307,C2=1384,T1=19.3,R3=895,ts="2026-04-24T09:45:30Z" 1777020301406505897
sensors,bucket=Set2,host=8a64927ac8a9,topic=/Set2 C3=1724,C4=1481,W1=907,R1n=219,ts="2026-04-24T09:45:32Z" 1777020302598732708
sensors,bucket=Set1,host=8a64927ac8a9,topic=/Set1 C1=1309,C2=1385,T1=19.3,R3=937,ts="2026-04-24T09:45:45Z" 1777020316244072831
sensors,bucket=Set2,host=8a64927ac8a9,topic=/Set2 C3=1692,C4=1486,W1=891,R1n=233,ts="2026-04-24T09:45:46Z" 1777020317397051644
sensors,bucket=Set1,host=8a64927ac8a9,topic=/Set1 C1=1308,C2=1384,T1=19.4,R3=893,ts="2026-04-24T09:46:00Z" 1777020331027270647
sensors,bucket=Set2,host=8a64927ac8a9,topic=/Set2 C3=1705,C4=1470,W1=903,R1n=218,ts="2026-04-24T09:46:01Z" 1777020332196217242
sensors,bucket=Set1,host=8a64927ac8a9,topic=/Set1 C1=1308,C2=1384,T1=19.4,R3=872,ts="2026-04-24T09:46:15Z" 1777020345828630626
sensors,bucket=Set2,host=8a64927ac8a9,topic=/Set2 C3=1719,C4=1479,W1=909,R1n=218,ts="2026-04-24T09:46:16Z" 1777020346992725040
sensors,bucket=Set1,host=8a64927ac8a9,topic=/Set1 C1=1308,C2=1385,T1=19.4,R3=926,ts="2026-04-24T09:46:30Z" 1777020360636372115
sensors,bucket=Set2,host=8a64927ac8a9,topic=/Set2 C3=1736,C4=1482,W1=921,R1n=233,ts="2026-04-24T09:46:31Z" 1777020361798353013
sensors,bucket=Set1,host=8a64927ac8a9,topic=/Set1 C1=1309,C2=1385,T1=19.3,R3=906,ts="2026-04-24T09:46:44Z" 1777020375821448751
sensors,bucket=Set2,host=8a64927ac8a9,topic=/Set2 C3=1755,C4=1532,W1=910,R1n=251,ts="2026-04-24T09:46:46Z" 1777020376599914680
sensors,bucket=Set1,host=8a64927ac8a9,topic=/Set1 C1=1307,C2=1384,T1=19.4,R3=921,ts="2026-04-24T09:46:59Z" 1777020390227023412
sensors,bucket=Set2,host=8a64927ac8a9,topic=/Set2 C3=1742,C4=1530,W1=906,R1n=263,ts="2026-04-24T09:47:00Z" 1777020391401279917
sensors,bucket=Set1,host=8a64927ac8a9,topic=/Set1 C1=1308,C2=1385,T1=19.3,R3=892,ts="2026-04-24T09:47:14Z" 1777020405048773382
sensors,bucket=Set2,host=8a64927ac8a9,topic=/Set2 C3=1721,C4=1485,W1=907,R1n=233,ts="2026-04-24T09:47:15Z" 1777020406200227279
sensors,bucket=Set1,host=8a64927ac8a9,topic=/Set1 C1=1308,C2=1384,T1=19.4,R3=873,ts="2026-04-24T09:47:29Z" 1777020419823915638
sensors,bucket=Set2,host=8a64927ac8a9,topic=/Set2 C3=1674,C4=1455,W1=905,R1n=315,ts="2026-04-24T09:47:30Z" 1777020420993526724
sensors,bucket=Set1,host=8a64927ac8a9,topic=/Set1 C1=1308,C2=1384,T1=19.3,R3=887,ts="2026-04-24T09:47:44Z" 1777020434629703029
sensors,bucket=Set2,host=8a64927ac8a9,topic=/Set2 C3=1660,C4=1526,W1=968,R1n=349,ts="2026-04-24T09:47:45Z" 1777020435796340236
sensors,bucket=Set1,host=8a64927ac8a9,topic=/Set1 C1=1308,C2=1385,T1=19.4,R3=905,ts="2026-04-24T09:47:58Z" 1777020449432748213
sensors,bucket=Set2,host=8a64927ac8a9,topic=/Set2 C3=1726,C4=1560,W1=971,R1n=349,ts="2026-04-24T09:48:00Z" 1777020450669212966
sensors,bucket=Set1,host=8a64927ac8a9,topic=/Set1 C1=1308,C2=1385,T1=19.4,R3=875,ts="2026-04-24T09:48:13Z" 1777020464248978138
sensors,bucket=Set2,host=8a64927ac8a9,topic=/Set2 C3=1755,C4=1549,W1=952,R1n=270,ts="2026-04-24T09:48:14Z" 1777020465395968750
sensors,bucket=Set1,host=8a64927ac8a9,topic=/Set1 C1=1307,C2=1385,T1=19.3,R3=889,ts="2026-04-24T09:48:28Z" 1777020479518810956
sensors,bucket=Set2,host=8a64927ac8a9,topic=/Set2 C3=1728,C4=1471,W1=923,R1n=233,ts="2026-04-24T09:48:29Z" 1777020480192974086
sensors,bucket=Set1,host=8a64927ac8a9,topic=/Set1 C1=1308,C2=1385,T1=19.4,R3=934,ts="2026-04-24T09:48:43Z" 1777020493832674500
sensors,bucket=Set2,host=8a64927ac8a9,topic=/Set2 C3=1701,C4=1484,W1=904,R1n=223,ts="2026-04-24T09:48:44Z" 1777020494997707981
sensors,bucket=Set2,host=8a64927ac8a9,topic=/Set2 C3=1695,C4=1483,W1=891,R1n=223,ts="2026-04-24T09:48:59Z" 1777020509792192144
sensors,bucket=Set1,host=8a64927ac8a9,topic=/Set1 C1=1308,C2=1384,T1=19.4,R3=919,ts="2026-04-24T09:48:58Z" 1777020510862999634
sensors,bucket=Set2,host=8a64927ac8a9,topic=/Set2 C3=1676,C4=1470,W1=895,R1n=235,ts="2026-04-24T09:49:14Z" 1777020524598673499
sensors,bucket=Set1,host=8a64927ac8a9,topic=/Set1 C1=1308,C2=1385,T1=19.3,R3=921,ts="2026-04-24T09:49:12Z" 1777020525866075152
sensors,bucket=Set1,host=8a64927ac8a9,topic=/Set1 C1=1309,C2=1386,T1=19.4,R3=890,ts="2026-04-24T09:49:27Z" 1777020538230325210
sensors,bucket=Set2,host=8a64927ac8a9,topic=/Set2 C3=1679,C4=1497,W1=894,R1n=231,ts="2026-04-24T09:49:28Z" 1777020539390740820
sensors,bucket=Set1,host=8a64927ac8a9,topic=/Set1 C1=1309,C2=1386,T1=19.4,R3=873,ts="2026-04-24T09:49:42Z" 1777020553058753102
sensors,bucket=Set2,host=8a64927ac8a9,topic=/Set2 C3=1687,C4=1478,W1=903,R1n=230,ts="2026-04-24T09:49:43Z" 1777020554196047682
sensors,bucket=Set1,host=8a64927ac8a9,topic=/Set1 C1=1307,C2=1385,T1=19.4,R3=921,ts="2026-04-24T09:49:57Z" 1777020567858912399
sensors,bucket=Set2,host=8a64927ac8a9,topic=/Set2 C3=1688,C4=1487,W1=894,R1n=232,ts="2026-04-24T09:49:58Z" 1777020568990462377
sensors,bucket=Set1,host=8a64927ac8a9,topic=/Set1 C1=1308,C2=1385,T1=19.3,R3=889,ts="2026-04-24T09:50:12Z" 1777020582612461473
sensors,bucket=Set2,host=8a64927ac8a9,topic=/Set2 C3=1693,C4=1485,W1=890,R1n=249,ts="2026-04-24T09:50:13Z" 1777020583793668797
sensors,bucket=Set1,host=8a64927ac8a9,topic=/Set1 C1=1308,C2=1384,T1=19.4,R3=888,ts="2026-04-24T09:50:26Z" 1777020597447078268
sensors,bucket=Set2,host=8a64927ac8a9,topic=/Set2 C3=1678,C4=1451,W1=906,R1n=317,ts="2026-04-24T09:50:28Z" 1777020598591584108
sensors,bucket=Set1,host=8a64927ac8a9,topic=/Set1 C1=1308,C2=1385,T1=19.4,R3=955,ts="2026-04-24T09:50:41Z" 1777020612240568231
sensors,bucket=Set2,host=8a64927ac8a9,topic=/Set2 C3=1672,C4=1462,W1=908,R1n=328,ts="2026-04-24T09:50:42Z" 1777020613391623427
sensors,bucket=Set1,host=8a64927ac8a9,topic=/Set1 C1=1309,C2=1385,T1=19.3,R3=889,ts="2026-04-24T09:50:56Z" 1777020627020420021
sensors,bucket=Set2,host=8a64927ac8a9,topic=/Set2 C3=1701,C4=1454,W1=922,R1n=297,ts="2026-04-24T09:50:57Z" 1777020628244316192
sensors,bucket=Set1,host=8a64927ac8a9,topic=/Set1 C1=1308,C2=1385,T1=19.4,R3=890,ts="2026-04-24T09:51:11Z" 1777020641818139503
sensors,bucket=Set2,host=8a64927ac8a9,topic=/Set2 C3=1677,C4=1496,W1=904,R1n=252,ts="2026-04-24T09:51:12Z" 1777020642995786428
sensors,bucket=Set1,host=8a64927ac8a9,topic=/Set1 C1=1308,C2=1385,T1=19.4,R3=938,ts="2026-04-24T09:51:26Z" 1777020656634837080
sensors,bucket=Set2,host=8a64927ac8a9,topic=/Set2 C3=1740,C4=1468,W1=919,R1n=234,ts="2026-04-24T09:51:27Z" 1777020657789940962
sensors,bucket=Set1,host=8a64927ac8a9,topic=/Set1 C1=1309,C2=1385,T1=19.4,R3=907,ts="2026-04-24T09:51:40Z" 1777020671446593138
sensors,bucket=Set2,host=8a64927ac8a9,topic=/Set2 C3=1756,C4=1551,W1=925,R1n=247,ts="2026-04-24T09:51:42Z" 1777020672600403259
sensors,bucket=Set1,host=8a64927ac8a9,topic=/Set1 C1=1308,C2=1385,T1=19.4,R3=890,ts="2026-04-24T09:51:55Z" 1777020686211479334
sensors,bucket=Set2,host=8a64927ac8a9,topic=/Set2 C3=1744,C4=1544,W1=921,R1n=255,ts="2026-04-24T09:51:56Z" 1777020687387745525
sensors,bucket=Set1,host=8a64927ac8a9,topic=/Set1 C1=1309,C2=1384,T1=19.4,R3=907,ts="2026-04-24T09:52:10Z" 1777020701042940589
sensors,bucket=Set2,host=8a64927ac8a9,topic=/Set2 C3=1758,C4=1565,W1=907,R1n=267,ts="2026-04-24T09:52:11Z" 1777020702188844048
sensors,bucket=Set1,host=8a64927ac8a9,topic=/Set1 C1=1308,C2=1385,T1=19.4,R3=953,ts="2026-04-24T09:52:25Z" 1777020715817661590
sensors,bucket=Set2,host=8a64927ac8a9,topic=/Set2 C3=1756,C4=1532,W1=924,R1n=268,ts="2026-04-24T09:52:26Z" 1777020716988996718
sensors,bucket=Set1,host=8a64927ac8a9,topic=/Set1 C1=1308,C2=1385,T1=19.4,R3=925,ts="2026-04-24T09:52:40Z" 1777020730612012067
sensors,bucket=Set2,host=8a64927ac8a9,topic=/Set2 C3=1752,C4=1534,W1=903,R1n=255,ts="2026-04-24T09:52:41Z" 1777020731789368920
sensors,bucket=Set1,host=8a64927ac8a9,topic=/Set1 C1=1309,C2=1385,T1=19.3,R3=887,ts="2026-04-24T09:52:54Z" 1777020745430314174
sensors,bucket=Set2,host=8a64927ac8a9,topic=/Set2 C3=1755,C4=1517,W1=925,R1n=252,ts="2026-04-24T09:52:56Z" 1777020746601032885
sensors,bucket=Set1,host=8a64927ac8a9,topic=/Set1 C1=1308,C2=1385,T1=19.4,R3=908,ts="2026-04-24T09:53:09Z" 1777020760213112228
sensors,bucket=Set2,host=8a64927ac8a9,topic=/Set2 C3=1736,C4=1481,W1=911,R1n=235,ts="2026-04-24T09:53:10Z" 1777020761389463113
sensors,bucket=Set1,host=8a64927ac8a9,topic=/Set1 C1=1308,C2=1385,T1=19.4,R3=888,ts="2026-04-24T09:53:24Z" 1777020775009979273
sensors,bucket=Set2,host=8a64927ac8a9,topic=/Set2 C3=1692,C4=1466,W1=895,R1n=250,ts="2026-04-24T09:53:25Z" 1777020776189922897
sensors,bucket=Set1,host=8a64927ac8a9,topic=/Set1 C1=1308,C2=1385,T1=19.3,R3=937,ts="2026-04-24T09:53:39Z" 1777020789832883404
sensors,bucket=Set2,host=8a64927ac8a9,topic=/Set2 C3=1674,C4=1470,W1=889,R1n=239,ts="2026-04-24T09:53:40Z" 1777020790989444217
sensors,bucket=Set1,host=8a64927ac8a9,topic=/Set1 C1=1308,C2=1385,T1=19.4,R3=904,ts="2026-04-24T09:53:54Z" 1777020804600133996
sensors,bucket=Set2,host=8a64927ac8a9,topic=/Set2 C3=1678,C4=1454,W1=895,R1n=313,ts="2026-04-24T09:53:55Z" 1777020805788070796
sensors,bucket=Set1,host=8a64927ac8a9,topic=/Set1 C1=1309,C2=1385,T1=19.4,R3=909,ts="2026-04-24T09:54:08Z" 1777020819419646083
sensors,bucket=Set2,host=8a64927ac8a9,topic=/Set2 C3=1672,C4=1440,W1=904,R1n=320,ts="2026-04-24T09:54:10Z" 1777020820619002427
sensors,bucket=Set1,host=8a64927ac8a9,topic=/Set1 C1=1308,C2=1385,T1=19.4,R3=918,ts="2026-04-24T09:54:23Z" 1777020834207224032
sensors,bucket=Set2,host=8a64927ac8a9,topic=/Set2 C3=1656,C4=1528,W1=970,R1n=348,ts="2026-04-24T09:54:24Z" 1777020835386063173
sensors,bucket=Set1,host=8a64927ac8a9,topic=/Set1 C1=1308,C2=1385,T1=19.4,R3=878,ts="2026-04-24T09:54:38Z" 1777020849003698149
sensors,bucket=Set2,host=8a64927ac8a9,topic=/Set2 C3=1741,C4=1562,W1=974,R1n=319,ts="2026-04-24T09:54:39Z" 1777020850188335659
sensors,bucket=Set1,host=8a64927ac8a9,topic=/Set1 C1=1308,C2=1385,T1=19.4,R3=939,ts="2026-04-24T09:54:53Z" 1777020863818278623
sensors,bucket=Set2,host=8a64927ac8a9,topic=/Set2 C3=1750,C4=1528,W1=912,R1n=252,ts="2026-04-24T09:54:54Z" 1777020865029335296
sensors,bucket=Set1,host=8a64927ac8a9,topic=/Set1 C1=1307,C2=1384,T1=19.4,R3=891,ts="2026-04-24T09:55:08Z" 1777020878632443176
sensors,bucket=Set2,host=8a64927ac8a9,topic=/Set2 C3=1673,C4=1470,W1=893,R1n=236,ts="2026-04-24T09:55:09Z" 1777020879788590351
sensors,bucket=Set1,host=8a64927ac8a9,topic=/Set1 C1=1308,C2=1385,T1=19.4,R3=893,ts="2026-04-24T09:55:22Z" 1777020893450462413
sensors,bucket=Set2,host=8a64927ac8a9,topic=/Set2 C3=1662,C4=1455,W1=954,R1n=329,ts="2026-04-24T09:55:24Z" 1777020894614993433
sensors,bucket=Set1,host=8a64927ac8a9,topic=/Set1 C1=1309,C2=1385,T1=19.4,R3=904,ts="2026-04-24T09:55:37Z" 1777020908215737631
sensors,bucket=Set2,host=8a64927ac8a9,topic=/Set2 C3=1709,C4=1548,W1=985,R1n=350,ts="2026-04-24T09:55:38Z" 1777020909385550305
sensors,bucket=Set1,host=8a64927ac8a9,topic=/Set1 C1=1308,C2=1385,T1=19.4,R3=887,ts="2026-04-24T09:55:52Z" 1777020923021090130
sensors,bucket=Set2,host=8a64927ac8a9,topic=/Set2 C3=1752,C4=1566,W1=954,R1n=239,ts="2026-04-24T09:55:53Z" 1777020924183853920
sensors,bucket=Set1,host=8a64927ac8a9,topic=/Set1 C1=1308,C2=1385,T1=19.4,R3=909,ts="2026-04-24T09:56:07Z" 1777020937836783804
sensors,bucket=Set2,host=8a64927ac8a9,topic=/Set2 C3=1719,C4=1487,W1=894,R1n=220,ts="2026-04-24T09:56:08Z" 1777020938984656745
sensors,bucket=Set1,host=8a64927ac8a9,topic=/Set1 C1=1309,C2=1385,T1=19.4,R3=939,ts="2026-04-24T09:56:22Z" 1777020952617181466
sensors,bucket=Set2,host=8a64927ac8a9,topic=/Set2 C3=1689,C4=1455,W1=892,R1n=234,ts="2026-04-24T09:56:23Z" 1777020953782323856
sensors,bucket=Set1,host=8a64927ac8a9,topic=/Set1 C1=1307,C2=1385,T1=19.4,R3=921,ts="2026-04-24T09:56:36Z" 1777020967421886525
sensors,bucket=Set2,host=8a64927ac8a9,topic=/Set2 C3=1657,C4=1453,W1=940,R1n=332,ts="2026-04-24T09:56:38Z" 1777020968586347157
sensors,bucket=Set1,host=8a64927ac8a9,topic=/Set1 C1=1308,C2=1385,T1=19.4,R3=894,ts="2026-04-24T09:56:51Z" 1777020982213483500
sensors,bucket=Set2,host=8a64927ac8a9,topic=/Set2 C3=1663,C4=1528,W1=986,R1n=347,ts="2026-04-24T09:56:52Z" 1777020983384020380
sensors,bucket=Set1,host=8a64927ac8a9,topic=/Set1 C1=1308,C2=1385,T1=19.3,R3=926,ts="2026-04-24T09:57:06Z" 1777020997006237411
sensors,bucket=Set2,host=8a64927ac8a9,topic=/Set2 C3=1709,C4=1550,W1=974,R1n=344,ts="2026-04-24T09:57:07Z" 1777020998182477020
sensors,bucket=Set1,host=8a64927ac8a9,topic=/Set1 C1=1308,C2=1385,T1=19.4,R3=925,ts="2026-04-24T09:57:21Z" 1777021011823819283
sensors,bucket=Set2,host=8a64927ac8a9,topic=/Set2 C3=1769,C4=1563,W1=969,R1n=269,ts="2026-04-24T09:57:22Z" 1777021012982842667
sensors,bucket=Set1,host=8a64927ac8a9,topic=/Set1 C1=1308,C2=1385,T1=19.3,R3=926,ts="2026-04-24T09:57:36Z" 1777021026612597365
sensors,bucket=Set2,host=8a64927ac8a9,topic=/Set2 C3=1739,C4=1486,W1=910,R1n=233,ts="2026-04-24T09:57:37Z" 1777021027785330506
sensors,bucket=Set2,host=8a64927ac8a9,topic=/Set2 C3=1688,C4=1451,W1=894,R1n=299,ts="2026-04-24T09:57:52Z" 1777021042582370383
sensors,bucket=Set1,host=8a64927ac8a9,topic=/Set1 C1=1308,C2=1384,T1=19.3,R3=925,ts="2026-04-24T09:57:50Z" 1777021044365082698
sensors,bucket=Set1,host=8a64927ac8a9,topic=/Set1 C1=1309,C2=1386,T1=19.4,R3=941,ts="2026-04-24T09:58:05Z" 1777021056211401750
sensors,bucket=Set2,host=8a64927ac8a9,topic=/Set2 C3=1671,C4=1529,W1=985,R1n=348,ts="2026-04-24T09:58:06Z" 1777021057382373046
sensors,bucket=Set1,host=8a64927ac8a9,topic=/Set1 C1=1308,C2=1385,T1=19.3,R3=892,ts="2026-04-24T09:58:20Z" 1777021071029031354
sensors,bucket=Set2,host=8a64927ac8a9,topic=/Set2 C3=1767,C4=1564,W1=974,R1n=317,ts="2026-04-24T09:58:21Z" 1777021072182078545
sensors,bucket=Set1,host=8a64927ac8a9,topic=/Set1 C1=1308,C2=1385,T1=19.4,R3=919,ts="2026-04-24T09:58:35Z" 1777021086957201339
sensors,bucket=Set2,host=8a64927ac8a9,topic=/Set2 C3=1742,C4=1513,W1=919,R1n=249,ts="2026-04-24T09:58:36Z" 1777021086983226027
sensors,bucket=Set2,host=8a64927ac8a9,topic=/Set2 C3=1676,C4=1479,W1=889,R1n=238,ts="2026-04-24T09:58:51Z" 1777021101781859709
sensors,bucket=Set1,host=8a64927ac8a9,topic=/Set1 C1=1309,C2=1386,T1=19.4,R3=895,ts="2026-04-24T09:58:50Z" 1777021105832129539
sensors,bucket=Set1,host=8a64927ac8a9,topic=/Set1 C1=1309,C2=1385,T1=19.4,R3=924,ts="2026-04-24T09:59:04Z" 1777021115404915126
sensors,bucket=Set2,host=8a64927ac8a9,topic=/Set2 C3=1662,C4=1452,W1=941,R1n=314,ts="2026-04-24T09:59:06Z" 1777021116584331244
sensors,bucket=Set1,host=8a64927ac8a9,topic=/Set1 C1=1309,C2=1385,T1=19.3,R3=910,ts="2026-04-24T09:59:19Z" 1777021130240900135
sensors,bucket=Set2,host=8a64927ac8a9,topic=/Set2 C3=1720,C4=1551,W1=983,R1n=345,ts="2026-04-24T09:59:20Z" 1777021131381887248
sensors,bucket=Set1,host=8a64927ac8a9,topic=/Set1 C1=1308,C2=1385,T1=19.3,R3=936,ts="2026-04-24T09:59:34Z" 1777021145007449660
sensors,bucket=Set2,host=8a64927ac8a9,topic=/Set2 C3=1753,C4=1565,W1=955,R1n=266,ts="2026-04-24T09:59:35Z" 1777021146180683388
sensors,bucket=Set1,host=8a64927ac8a9,topic=/Set1 C1=1308,C2=1385,T1=19.4,R3=919,ts="2026-04-24T09:59:49Z" 1777021159808470616
sensors,bucket=Set2,host=8a64927ac8a9,topic=/Set2 C3=1742,C4=1480,W1=918,R1n=234,ts="2026-04-24T09:59:50Z" 1777021160980988626
sensors,bucket=Set1,host=8a64927ac8a9,topic=/Set1 C1=1308,C2=1385,T1=19.3,R3=895,ts="2026-04-24T10:00:04Z" 1777021174605422592
sensors,bucket=Set2,host=8a64927ac8a9,topic=/Set2 C3=1688,C4=1465,W1=890,R1n=223,ts="2026-04-24T10:00:05Z" 1777021175780988546
sensors,bucket=Set1,host=8a64927ac8a9,topic=/Set1 C1=1309,C2=1385,T1=19.3,R3=923,ts="2026-04-24T10:00:18Z" 1777021189409373615
sensors,bucket=Set2,host=8a64927ac8a9,topic=/Set2 C3=1672,C4=1454,W1=940,R1n=314,ts="2026-04-24T10:00:20Z" 1777021190584632914
sensors,bucket=Set1,host=8a64927ac8a9,topic=/Set1 C1=1309,C2=1385,T1=19.3,R3=923,ts="2026-04-24T10:00:33Z" 1777021204206558115
sensors,bucket=Set2,host=8a64927ac8a9,topic=/Set2 C3=1708,C4=1551,W1=988,R1n=359,ts="2026-04-24T10:00:34Z" 1777021205378898816
sensors,bucket=Set1,host=8a64927ac8a9,topic=/Set1 C1=1309,C2=1385,T1=19.4,R3=893,ts="2026-04-24T10:00:48Z" 1777021219029320994
sensors,bucket=Set2,host=8a64927ac8a9,topic=/Set2 C3=1755,C4=1565,W1=984,R1n=333,ts="2026-04-24T10:00:49Z" 1777021220177893319
sensors,bucket=Set1,host=8a64927ac8a9,topic=/Set1 C1=1308,C2=1384,T1=19.3,R3=923,ts="2026-04-24T10:01:03Z" 1777021233819219667
sensors,bucket=Set2,host=8a64927ac8a9,topic=/Set2 C3=1759,C4=1559,W1=953,R1n=278,ts="2026-04-24T10:01:04Z" 1777021234978666431
sensors,bucket=Set1,host=8a64927ac8a9,topic=/Set1 C1=1309,C2=1385,T1=19.4,R3=842,ts="2026-04-24T10:01:18Z" 1777021248594614935
sensors,bucket=Set2,host=8a64927ac8a9,topic=/Set2 C3=1755,C4=1543,W1=918,R1n=251,ts="2026-04-24T10:01:19Z" 1777021249777260729
sensors,bucket=Set1,host=8a64927ac8a9,topic=/Set1 C1=1308,C2=1385,T1=19.3,R3=877,ts="2026-04-24T10:01:32Z" 1777021263415301093
sensors,bucket=Set2,host=8a64927ac8a9,topic=/Set2 C3=1757,C4=1546,W1=905,R1n=265,ts="2026-04-24T10:01:34Z" 1777021264580556428
sensors,bucket=Set1,host=8a64927ac8a9,topic=/Set1 C1=1308,C2=1385,T1=19.3,R3=906,ts="2026-04-24T10:01:47Z" 1777021278222260916
sensors,bucket=Set2,host=8a64927ac8a9,topic=/Set2 C3=1756,C4=1547,W1=937,R1n=256,ts="2026-04-24T10:01:48Z" 1777021279376347072
sensors,bucket=Set1,host=8a64927ac8a9,topic=/Set1 C1=1308,C2=1386,T1=19.4,R3=942,ts="2026-04-24T10:02:02Z" 1777021293020297554
sensors,bucket=Set2,host=8a64927ac8a9,topic=/Set2 C3=1755,C4=1550,W1=939,R1n=253,ts="2026-04-24T10:02:03Z" 1777021294176952158
sensors,bucket=Set1,host=8a64927ac8a9,topic=/Set1 C1=1308,C2=1385,T1=19.3,R3=909,ts="2026-04-24T10:02:17Z" 1777021307813629403
sensors,bucket=Set2,host=8a64927ac8a9,topic=/Set2 C3=1751,C4=1517,W1=908,R1n=250,ts="2026-04-24T10:02:18Z" 1777021308977430718
sensors,bucket=Set1,host=8a64927ac8a9,topic=/Set1 C1=1308,C2=1385,T1=19.3,R3=907,ts="2026-04-24T10:02:32Z" 1777021322650484887
sensors,bucket=Set2,host=8a64927ac8a9,topic=/Set2 C3=1692,C4=1472,W1=890,R1n=256,ts="2026-04-24T10:02:33Z" 1777021323778949564
sensors,bucket=Set1,host=8a64927ac8a9,topic=/Set1 C1=1308,C2=1385,T1=19.3,R3=944,ts="2026-04-24T10:02:46Z" 1777021337412758653
sensors,bucket=Set2,host=8a64927ac8a9,topic=/Set2 C3=1687,C4=1451,W1=920,R1n=329,ts="2026-04-24T10:02:48Z" 1777021338581715093
sensors,bucket=Set1,host=8a64927ac8a9,topic=/Set1 C1=1308,C2=1385,T1=19.4,R3=875,ts="2026-04-24T10:03:01Z" 1777021352228684946
sensors,bucket=Set2,host=8a64927ac8a9,topic=/Set2 C3=1671,C4=1517,W1=975,R1n=347,ts="2026-04-24T10:03:02Z" 1777021353377170266
sensors,bucket=Set1,host=8a64927ac8a9,topic=/Set1 C1=1309,C2=1384,T1=19.4,R3=879,ts="2026-04-24T10:03:16Z" 1777021367023823221
sensors,bucket=Set2,host=8a64927ac8a9,topic=/Set2 C3=1737,C4=1561,W1=974,R1n=344,ts="2026-04-24T10:03:17Z" 1777021368176323859
sensors,bucket=Set1,host=8a64927ac8a9,topic=/Set1 C1=1309,C2=1385,T1=19.4,R3=893,ts="2026-04-24T10:03:31Z" 1777021381792808696
sensors,bucket=Set2,host=8a64927ac8a9,topic=/Set2 C3=1768,C4=1551,W1=972,R1n=311,ts="2026-04-24T10:03:32Z" 1777021382976366785
sensors,bucket=Set1,host=8a64927ac8a9,topic=/Set1 C1=1309,C2=1385,T1=19.4,R3=927,ts="2026-04-24T10:03:46Z" 1777021396623350257
sensors,bucket=Set2,host=8a64927ac8a9,topic=/Set2 C3=1751,C4=1551,W1=958,R1n=278,ts="2026-04-24T10:03:47Z" 1777021397774437067
sensors,bucket=Set1,host=8a64927ac8a9,topic=/Set1 C1=1309,C2=1386,T1=19.3,R3=920,ts="2026-04-24T10:04:00Z" 1777021411404389195
sensors,bucket=Set2,host=8a64927ac8a9,topic=/Set2 C3=1744,C4=1547,W1=926,R1n=262,ts="2026-04-24T10:04:02Z" 1777021412581724210
sensors,bucket=Set2,host=8a64927ac8a9,topic=/Set2 C3=1757,C4=1561,W1=911,R1n=268,ts="2026-04-24T10:04:16Z" 1777021427375431612
sensors,bucket=Set1,host=8a64927ac8a9,topic=/Set1 C1=1308,C2=1386,T1=19.3,R3=904,ts="2026-04-24T10:04:15Z" 1777021427883265226
sensors,bucket=Set1,host=8a64927ac8a9,topic=/Set1 C1=1309,C2=1386,T1=19.4,R3=874,ts="2026-04-24T10:04:30Z" 1777021440992611623
sensors,bucket=Set2,host=8a64927ac8a9,topic=/Set2 C3=1754,C4=1561,W1=937,R1n=280,ts="2026-04-24T10:04:31Z" 1777021442177260156
sensors,bucket=Set1,host=8a64927ac8a9,topic=/Set1 C1=1308,C2=1385,T1=19.3,R3=940,ts="2026-04-24T10:04:45Z" 1777021455810288686
sensors,bucket=Set2,host=8a64927ac8a9,topic=/Set2 C3=1754,C4=1561,W1=968,R1n=288,ts="2026-04-24T10:04:46Z" 1777021456974230596
sensors,bucket=Set1,host=8a64927ac8a9,topic=/Set1 C1=1308,C2=1385,T1=19.4,R3=893,ts="2026-04-24T10:05:00Z" 1777021470651012388
sensors,bucket=Set2,host=8a64927ac8a9,topic=/Set2 C3=1757,C4=1565,W1=958,R1n=251,ts="2026-04-24T10:05:01Z" 1777021471775561782
sensors,bucket=Set1,host=8a64927ac8a9,topic=/Set1 C1=1309,C2=1386,T1=19.4,R3=910,ts="2026-04-24T10:05:14Z" 1777021485407081196
sensors,bucket=Set2,host=8a64927ac8a9,topic=/Set2 C3=1753,C4=1531,W1=907,R1n=278,ts="2026-04-24T10:05:16Z" 1777021486576694354
sensors,bucket=Set1,host=8a64927ac8a9,topic=/Set1 C1=1308,C2=1385,T1=19.3,R3=936,ts="2026-04-24T10:05:29Z" 1777021500214893482
sensors,bucket=Set2,host=8a64927ac8a9,topic=/Set2 C3=1688,C4=1499,W1=907,R1n=233,ts="2026-04-24T10:05:30Z" 1777021501378561505
sensors,bucket=Set1,host=8a64927ac8a9,topic=/Set1 C1=1308,C2=1385,T1=19.4,R3=908,ts="2026-04-24T10:05:44Z" 1777021515050286008
sensors,bucket=Set2,host=8a64927ac8a9,topic=/Set2 C3=1703,C4=1467,W1=887,R1n=279,ts="2026-04-24T10:05:45Z" 1777021516174720832
sensors,bucket=Set1,host=8a64927ac8a9,topic=/Set1 C1=1308,C2=1386,T1=19.4,R3=860,ts="2026-04-24T10:05:59Z" 1777021529806616012
sensors,bucket=Set2,host=8a64927ac8a9,topic=/Set2 C3=1674,C4=1470,W1=951,R1n=333,ts="2026-04-24T10:06:00Z" 1777021530975899914
sensors,bucket=Set1,host=8a64927ac8a9,topic=/Set1 C1=1309,C2=1385,T1=19.4,R3=889,ts="2026-04-24T10:06:14Z" 1777021544608541892
sensors,bucket=Set2,host=8a64927ac8a9,topic=/Set2 C3=1678,C4=1527,W1=973,R1n=360,ts="2026-04-24T10:06:15Z" 1777021545780834279
sensors,bucket=Set1,host=8a64927ac8a9,topic=/Set1 C1=1307,C2=1385,T1=19.3,R3=894,ts="2026-04-24T10:06:28Z" 1777021559401797667
sensors,bucket=Set2,host=8a64927ac8a9,topic=/Set2 C3=1689,C4=1546,W1=984,R1n=346,ts="2026-04-24T10:06:30Z" 1777021560575281872
sensors,bucket=Set1,host=8a64927ac8a9,topic=/Set1 C1=1308,C2=1385,T1=19.3,R3=905,ts="2026-04-24T10:06:43Z" 1777021574209170105
sensors,bucket=Set2,host=8a64927ac8a9,topic=/Set2 C3=1658,C4=1468,W1=956,R1n=345,ts="2026-04-24T10:06:44Z" 1777021575374934653
sensors,bucket=Set1,host=8a64927ac8a9,topic=/Set1 C1=1309,C2=1385,T1=19.3,R3=892,ts="2026-04-24T10:06:58Z" 1777021589003524117
sensors,bucket=Set2,host=8a64927ac8a9,topic=/Set2 C3=1672,C4=1449,W1=925,R1n=329,ts="2026-04-24T10:06:59Z" 1777021590173309276
sensors,bucket=Set1,host=8a64927ac8a9,topic=/Set1 C1=1309,C2=1384,T1=19.4,R3=888,ts="2026-04-24T10:07:13Z" 1777021603813340881
sensors,bucket=Set2,host=8a64927ac8a9,topic=/Set2 C3=1676,C4=1452,W1=891,R1n=319,ts="2026-04-24T10:07:14Z" 1777021604975892282
sensors,bucket=Set1,host=8a64927ac8a9,topic=/Set1 C1=1308,C2=1386,T1=19.3,R3=905,ts="2026-04-24T10:07:28Z" 1777021618616757546
sensors,bucket=Set2,host=8a64927ac8a9,topic=/Set2 C3=1674,C4=1462,W1=935,R1n=329,ts="2026-04-24T10:07:29Z" 1777021619784601312
sensors,bucket=Set1,host=8a64927ac8a9,topic=/Set1 C1=1308,C2=1385,T1=19.3,R3=955,ts="2026-04-24T10:07:42Z" 1777021633415633742
sensors,bucket=Set2,host=8a64927ac8a9,topic=/Set2 C3=1662,C4=1466,W1=953,R1n=331,ts="2026-04-24T10:07:44Z" 1777021634574616461
sensors,bucket=Set1,host=8a64927ac8a9,topic=/Set1 C1=1308,C2=1384,T1=19.4,R3=921,ts="2026-04-24T10:07:57Z" 1777021648206285662
sensors,bucket=Set2,host=8a64927ac8a9,topic=/Set2 C3=1659,C4=1484,W1=944,R1n=335,ts="2026-04-24T10:07:58Z" 1777021649369661085
sensors,bucket=Set1,host=8a64927ac8a9,topic=/Set1 C1=1308,C2=1385,T1=19.3,R3=890,ts="2026-04-24T10:08:12Z" 1777021663033957727
sensors,bucket=Set2,host=8a64927ac8a9,topic=/Set2 C3=1686,C4=1518,W1=971,R1n=362,ts="2026-04-24T10:08:13Z" 1777021664171143292
sensors,bucket=Set1,host=8a64927ac8a9,topic=/Set1 C1=1308,C2=1385,T1=19.3,R3=952,ts="2026-04-24T10:08:27Z" 1777021677828807046
sensors,bucket=Set2,host=8a64927ac8a9,topic=/Set2 C3=1679,C4=1534,W1=984,R1n=349,ts="2026-04-24T10:08:28Z" 1777021680556863668
sensors,bucket=Set1,host=8a64927ac8a9,topic=/Set1 C1=1308,C2=1385,T1=19.4,R3=953,ts="2026-04-24T10:08:42Z" 1777021692596029945
sensors,bucket=Set2,host=8a64927ac8a9,topic=/Set2 C3=1711,C4=1547,W1=986,R1n=362,ts="2026-04-24T10:08:43Z" 1777021693772501125
sensors,bucket=Set2,host=8a64927ac8a9,topic=/Set2 C3=1672,C4=1532,W1=969,R1n=347,ts="2026-04-24T10:08:58Z" 1777021708575375209
sensors,bucket=Set1,host=8a64927ac8a9,topic=/Set1 C1=1308,C2=1385,T1=19.4,R3=892,ts="2026-04-24T10:08:56Z" 1777021709351077169
sensors,bucket=Set1,host=8a64927ac8a9,topic=/Set1 C1=1308,C2=1385,T1=19.3,R3=941,ts="2026-04-24T10:09:11Z" 1777021722212732686
sensors,bucket=Set2,host=8a64927ac8a9,topic=/Set2 C3=1660,C4=1487,W1=958,R1n=348,ts="2026-04-24T10:09:12Z" 1777021723385753880
sensors,bucket=Set1,host=8a64927ac8a9,topic=/Set1 C1=1308,C2=1385,T1=19.3,R3=907,ts="2026-04-24T10:09:26Z" 1777021736994956842
sensors,bucket=Set2,host=8a64927ac8a9,topic=/Set2 C3=1662,C4=1452,W1=922,R1n=316,ts="2026-04-24T10:09:27Z" 1777021738265119108
sensors,bucket=Set1,host=8a64927ac8a9,topic=/Set1 C1=1308,C2=1385,T1=19.3,R3=911,ts="2026-04-24T10:09:41Z" 1777021751796752819
sensors,bucket=Set2,host=8a64927ac8a9,topic=/Set2 C3=1671,C4=1452,W1=910,R1n=333,ts="2026-04-24T10:09:42Z" 1777021752982625002
sensors,bucket=Set1,host=8a64927ac8a9,topic=/Set1 C1=1309,C2=1385,T1=19.4,R3=954,ts="2026-04-24T10:09:56Z" 1777021766610563841
sensors,bucket=Set2,host=8a64927ac8a9,topic=/Set2 C3=1661,C4=1454,W1=953,R1n=346,ts="2026-04-24T10:09:57Z" 1777021767768113249
sensors,bucket=Set2,host=8a64927ac8a9,topic=/Set2 C3=1660,C4=1469,W1=967,R1n=336,ts="2026-04-24T10:10:12Z" 1777021782572515067
sensors,bucket=Set1,host=8a64927ac8a9,topic=/Set1 C1=1308,C2=1384,T1=19.3,R3=891,ts="2026-04-24T10:10:10Z" 1777021783402442211
sensors,bucket=Set1,host=8a64927ac8a9,topic=/Set1 C1=1309,C2=1384,T1=19.3,R3=940,ts="2026-04-24T10:10:25Z" 1777021796213537117
sensors,bucket=Set2,host=8a64927ac8a9,topic=/Set2 C3=1692,C4=1545,W1=971,R1n=349,ts="2026-04-24T10:10:26Z" 1777021797367726454
sensors,bucket=Set1,host=8a64927ac8a9,topic=/Set1 C1=1308,C2=1385,T1=19.3,R3=907,ts="2026-04-24T10:10:40Z" 1777021810983553563
sensors,bucket=Set2,host=8a64927ac8a9,topic=/Set2 C3=1708,C4=1551,W1=987,R1n=349,ts="2026-04-24T10:10:41Z" 1777021812169974753
sensors,bucket=Set1,host=8a64927ac8a9,topic=/Set1 C1=1309,C2=1385,T1=19.4,R3=921,ts="2026-04-24T10:10:55Z" 1777021825801153423
sensors,bucket=Set2,host=8a64927ac8a9,topic=/Set2 C3=1739,C4=1576,W1=984,R1n=350,ts="2026-04-24T10:10:56Z" 1777021826968730844
sensors,bucket=Set1,host=8a64927ac8a9,topic=/Set1 C1=1309,C2=1385,T1=19.4,R3=922,ts="2026-04-24T10:11:10Z" 1777021840632416757
sensors,bucket=Set2,host=8a64927ac8a9,topic=/Set2 C3=1769,C4=1564,W1=988,R1n=313,ts="2026-04-24T10:11:11Z" 1777021841769287949
sensors,bucket=Set1,host=8a64927ac8a9,topic=/Set1 C1=1308,C2=1385,T1=19.3,R3=879,ts="2026-04-24T10:11:24Z" 1777021855388976375
sensors,bucket=Set2,host=8a64927ac8a9,topic=/Set2 C3=1758,C4=1562,W1=926,R1n=253,ts="2026-04-24T10:11:26Z" 1777021856567189995
sensors,bucket=Set1,host=8a64927ac8a9,topic=/Set1 C1=1308,C2=1384,T1=19.4,R3=941,ts="2026-04-24T10:11:39Z" 1777021870197679285
sensors,bucket=Set2,host=8a64927ac8a9,topic=/Set2 C3=1739,C4=1484,W1=920,R1n=235,ts="2026-04-24T10:11:40Z" 1777021871368293955
sensors,bucket=Set1,host=8a64927ac8a9,topic=/Set1 C1=1308,C2=1385,T1=19.3,R3=877,ts="2026-04-24T10:11:54Z" 1777021885017319432
sensors,bucket=Set2,host=8a64927ac8a9,topic=/Set2 C3=1688,C4=1483,W1=894,R1n=234,ts="2026-04-24T10:11:55Z" 1777021886166198494
sensors,bucket=Set1,host=8a64927ac8a9,topic=/Set1 C1=1308,C2=1376,T1=19.3,R3=841,ts="2026-04-24T10:12:09Z" 1777021899818696613
sensors,bucket=Set2,host=8a64927ac8a9,topic=/Set2 C3=1691,C4=1486,W1=894,R1n=249,ts="2026-04-24T10:12:10Z" 1777021900968563157
sensors,bucket=Set1,host=8a64927ac8a9,topic=/Set1 C1=1310,C2=1386,T1=19.3,R3=903,ts="2026-04-24T10:12:24Z" 1777021914597968671
sensors,bucket=Set2,host=8a64927ac8a9,topic=/Set2 C3=1678,C4=1484,W1=893,R1n=235,ts="2026-04-24T10:12:25Z" 1777021915767398389
sensors,bucket=Set1,host=8a64927ac8a9,topic=/Set1 C1=1307,C2=1385,T1=19.3,R3=941,ts="2026-04-24T10:12:38Z" 1777021929385339758
sensors,bucket=Set2,host=8a64927ac8a9,topic=/Set2 C3=1712,C4=1479,W1=906,R1n=230,ts="2026-04-24T10:12:40Z" 1777021930568263422
sensors,bucket=Set1,host=8a64927ac8a9,topic=/Set1 C1=1309,C2=1385,T1=19.3,R3=895,ts="2026-04-24T10:12:53Z" 1777021944197974668
sensors,bucket=Set2,host=8a64927ac8a9,topic=/Set2 C3=1676,C4=1478,W1=893,R1n=236,ts="2026-04-24T10:12:54Z" 1777021945365425468
sensors,bucket=Set1,host=8a64927ac8a9,topic=/Set1 C1=1308,C2=1385,T1=19.3,R3=890,ts="2026-04-24T10:13:08Z" 1777021959012177035
sensors,bucket=Set2,host=8a64927ac8a9,topic=/Set2 C3=1676,C4=1486,W1=895,R1n=249,ts="2026-04-24T10:13:09Z" 1777021960168426357
sensors,bucket=Set1,host=8a64927ac8a9,topic=/Set1 C1=1309,C2=1384,T1=19.4,R3=906,ts="2026-04-24T10:13:23Z" 1777021973809920822
sensors,bucket=Set2,host=8a64927ac8a9,topic=/Set2 C3=1691,C4=1485,W1=908,R1n=234,ts="2026-04-24T10:13:24Z" 1777021974965063985
sensors,bucket=Set1,host=8a64927ac8a9,topic=/Set1 C1=1308,C2=1386,T1=19.3,R3=878,ts="2026-04-24T10:13:38Z" 1777021988606378413
sensors,bucket=Set2,host=8a64927ac8a9,topic=/Set2 C3=1722,C4=1501,W1=907,R1n=247,ts="2026-04-24T10:13:39Z" 1777021989766717142
sensors,bucket=Set1,host=8a64927ac8a9,topic=/Set1 C1=1310,C2=1385,T1=19.3,R3=942,ts="2026-04-24T10:13:52Z" 1777022003404806108
sensors,bucket=Set2,host=8a64927ac8a9,topic=/Set2 C3=1703,C4=1486,W1=905,R1n=236,ts="2026-04-24T10:13:54Z" 1777022004567479871
sensors,bucket=Set1,host=8a64927ac8a9,topic=/Set1 C1=1308,C2=1385,T1=19.3,R3=874,ts="2026-04-24T10:14:07Z" 1777022018202815949
sensors,bucket=Set2,host=8a64927ac8a9,topic=/Set2 C3=1676,C4=1480,W1=891,R1n=252,ts="2026-04-24T10:14:08Z" 1777022019365222694
sensors,bucket=Set1,host=8a64927ac8a9,topic=/Set1 C1=1309,C2=1386,T1=19.3,R3=926,ts="2026-04-24T10:14:22Z" 1777022032990778680
sensors,bucket=Set2,host=8a64927ac8a9,topic=/Set2 C3=1691,C4=1464,W1=921,R1n=302,ts="2026-04-24T10:14:23Z" 1777022034164494464
sensors,bucket=Set1,host=8a64927ac8a9,topic=/Set1 C1=1309,C2=1385,T1=19.3,R3=908,ts="2026-04-24T10:14:37Z" 1777022047786395636
sensors,bucket=Set2,host=8a64927ac8a9,topic=/Set2 C3=1677,C4=1468,W1=952,R1n=332,ts="2026-04-24T10:14:38Z" 1777022048966699662
sensors,bucket=Set2,host=8a64927ac8a9,topic=/Set2 C3=1659,C4=1497,W1=969,R1n=336,ts="2026-04-24T10:14:53Z" 1777022063764334679
sensors,bucket=Set1,host=8a64927ac8a9,topic=/Set1 C1=1309,C2=1386,T1=19.3,R3=921,ts="2026-04-24T10:14:52Z" 1777022064849565055
sensors,bucket=Set1,host=8a64927ac8a9,topic=/Set1 C1=1310,C2=1386,T1=19.3,R3=905,ts="2026-04-24T10:15:06Z" 1777022077394018576
sensors,bucket=Set2,host=8a64927ac8a9,topic=/Set2 C3=1663,C4=1453,W1=908,R1n=330,ts="2026-04-24T10:15:08Z" 1777022078574591686
sensors,bucket=Set1,host=8a64927ac8a9,topic=/Set1 C1=1308,C2=1384,T1=19.3,R3=939,ts="2026-04-24T10:15:21Z" 1777022092189018794
sensors,bucket=Set2,host=8a64927ac8a9,topic=/Set2 C3=1688,C4=1452,W1=893,R1n=296,ts="2026-04-24T10:15:22Z" 1777022093362622981
sensors,bucket=Set1,host=8a64927ac8a9,topic=/Set1 C1=1309,C2=1385,T1=19.3,R3=938,ts="2026-04-24T10:15:36Z" 1777022107018056870
sensors,bucket=Set2,host=8a64927ac8a9,topic=/Set2 C3=1686,C4=1468,W1=904,R1n=266,ts="2026-04-24T10:15:37Z" 1777022108163667381
sensors,bucket=Set1,host=8a64927ac8a9,topic=/Set1 C1=1352,C2=1433,T1=19.3,R3=894,ts="2026-04-24T10:15:51Z" 1777022121796149587
sensors,bucket=Set2,host=8a64927ac8a9,topic=/Set2 C3=1678,C4=1466,W1=890,R1n=264,ts="2026-04-24T10:15:52Z" 1777022122961687713
sensors,bucket=Set1,host=8a64927ac8a9,topic=/Set1 C1=1350,C2=1432,T1=19.3,R3=889,ts="2026-04-24T10:16:06Z" 1777022136607240473
sensors,bucket=Set2,host=8a64927ac8a9,topic=/Set2 C3=1692,C4=1451,W1=908,R1n=296,ts="2026-04-24T10:16:07Z" 1777022137762453191
sensors,bucket=Set1,host=8a64927ac8a9,topic=/Set1 C1=1351,C2=1432,T1=19.3,R3=955,ts="2026-04-24T10:16:20Z" 1777022151420161469
sensors,bucket=Set2,host=8a64927ac8a9,topic=/Set2 C3=1673,C4=1480,W1=893,R1n=267,ts="2026-04-24T10:16:22Z" 1777022152563411658
sensors,bucket=Set1,host=8a64927ac8a9,topic=/Set1 C1=1344,C2=1431,T1=19.3,R3=908,ts="2026-04-24T10:16:35Z" 1777022166211834859
sensors,bucket=Set2,host=8a64927ac8a9,topic=/Set2 C3=1728,C4=1511,W1=904,R1n=246,ts="2026-04-24T10:16:36Z" 1777022167363168836
sensors,bucket=Set1,host=8a64927ac8a9,topic=/Set1 C1=1343,C2=1424,T1=19.3,R3=861,ts="2026-04-24T10:16:50Z" 1777022180998129219
sensors,bucket=Set2,host=8a64927ac8a9,topic=/Set2 C3=1743,C4=1513,W1=933,R1n=251,ts="2026-04-24T10:16:51Z" 1777022182161675704
sensors,bucket=Set1,host=8a64927ac8a9,topic=/Set1 C1=1344,C2=1430,T1=19.3,R3=904,ts="2026-04-24T10:17:05Z" 1777022195797238444
sensors,bucket=Set2,host=8a64927ac8a9,topic=/Set2 C3=1743,C4=1560,W1=957,R1n=267,ts="2026-04-24T10:17:06Z" 1777022196962705537
sensors,bucket=Set1,host=8a64927ac8a9,topic=/Set1 C1=1343,C2=1431,T1=19.3,R3=919,ts="2026-04-24T10:17:20Z" 1777022210591609426
sensors,bucket=Set2,host=8a64927ac8a9,topic=/Set2 C3=1759,C4=1566,W1=987,R1n=328,ts="2026-04-24T10:17:21Z" 1777022211760711433
sensors,bucket=Set1,host=8a64927ac8a9,topic=/Set1 C1=1342,C2=1432,T1=19.3,R3=904,ts="2026-04-24T10:17:34Z" 1777022225394296696
sensors,bucket=Set2,host=8a64927ac8a9,topic=/Set2 C3=1743,C4=1563,W1=986,R1n=377,ts="2026-04-24T10:17:36Z" 1777022226563352056
sensors,bucket=Set1,host=8a64927ac8a9,topic=/Set1 C1=1343,C2=1431,T1=19.3,R3=909,ts="2026-04-24T10:17:49Z" 1777022240191250792
sensors,bucket=Set2,host=8a64927ac8a9,topic=/Set2 C3=1736,C4=1563,W1=972,R1n=363,ts="2026-04-24T10:17:50Z" 1777022241360652298
sensors,bucket=Set1,host=8a64927ac8a9,topic=/Set1 C1=1343,C2=1423,T1=19.4,R3=903,ts="2026-04-24T10:18:04Z" 1777022255019480380
sensors,bucket=Set2,host=8a64927ac8a9,topic=/Set2 C3=1753,C4=1559,W1=986,R1n=347,ts="2026-04-24T10:18:05Z" 1777022256163224533
sensors,bucket=Set1,host=8a64927ac8a9,topic=/Set1 C1=1343,C2=1430,T1=19.3,R3=906,ts="2026-04-24T10:18:19Z" 1777022269789901489
sensors,bucket=Set2,host=8a64927ac8a9,topic=/Set2 C3=1759,C4=1576,W1=985,R1n=363,ts="2026-04-24T10:18:20Z" 1777022270961206876
sensors,bucket=Set1,host=8a64927ac8a9,topic=/Set1 C1=1343,C2=1423,T1=19.3,R3=909,ts="2026-04-24T10:18:34Z" 1777022284578662638
sensors,bucket=Set2,host=8a64927ac8a9,topic=/Set2 C3=1769,C4=1563,W1=985,R1n=330,ts="2026-04-24T10:18:35Z" 1777022285761566968
sensors,bucket=Set1,host=8a64927ac8a9,topic=/Set1 C1=1344,C2=1431,T1=19.3,R3=925,ts="2026-04-24T10:18:48Z" 1777022299741018952
sensors,bucket=Set2,host=8a64927ac8a9,topic=/Set2 C3=1753,C4=1564,W1=987,R1n=366,ts="2026-04-24T10:18:50Z" 1777022300562045765
sensors,bucket=Set1,host=8a64927ac8a9,topic=/Set1 C1=1342,C2=1424,T1=19.3,R3=908,ts="2026-04-24T10:19:03Z" 1777022314190282698
sensors,bucket=Set2,host=8a64927ac8a9,topic=/Set2 C3=1728,C4=1563,W1=985,R1n=375,ts="2026-04-24T10:19:04Z" 1777022315454244033
sensors,bucket=Set1,host=8a64927ac8a9,topic=/Set1 C1=1343,C2=1431,T1=19.3,R3=925,ts="2026-04-24T10:19:18Z" 1777022328987933854
sensors,bucket=Set2,host=8a64927ac8a9,topic=/Set2 C3=1720,C4=1560,W1=985,R1n=351,ts="2026-04-24T10:19:19Z" 1777022330159263199
sensors,bucket=Set1,host=8a64927ac8a9,topic=/Set1 C1=1344,C2=1431,T1=19.3,R3=937,ts="2026-04-24T10:19:33Z" 1777022343790605313
sensors,bucket=Set2,host=8a64927ac8a9,topic=/Set2 C3=1708,C4=1548,W1=988,R1n=360,ts="2026-04-24T10:19:34Z" 1777022344960535114
sensors,bucket=Set1,host=8a64927ac8a9,topic=/Set1 C1=1342,C2=1431,T1=19.3,R3=874,ts="2026-04-24T10:19:48Z" 1777022358591085479
sensors,bucket=Set2,host=8a64927ac8a9,topic=/Set2 C3=1720,C4=1549,W1=991,R1n=365,ts="2026-04-24T10:19:49Z" 1777022359757608646
sensors,bucket=Set1,host=8a64927ac8a9,topic=/Set1 C1=1343,C2=1432,T1=19.3,R3=907,ts="2026-04-24T10:20:02Z" 1777022373407935818
sensors,bucket=Set2,host=8a64927ac8a9,topic=/Set2 C3=1739,C4=1565,W1=984,R1n=378,ts="2026-04-24T10:20:04Z" 1777022374560304256
sensors,bucket=Set1,host=8a64927ac8a9,topic=/Set1 C1=1344,C2=1423,T1=19.3,R3=911,ts="2026-04-24T10:20:17Z" 1777022388215460107
sensors,bucket=Set2,host=8a64927ac8a9,topic=/Set2 C3=1770,C4=1566,W1=971,R1n=301,ts="2026-04-24T10:20:18Z" 1777022389358313397
sensors,bucket=Set1,host=8a64927ac8a9,topic=/Set1 C1=1343,C2=1424,T1=19.3,R3=892,ts="2026-04-24T10:20:32Z" 1777022402970427056
sensors,bucket=Set2,host=8a64927ac8a9,topic=/Set2 C3=1741,C4=1483,W1=909,R1n=251,ts="2026-04-24T10:20:33Z" 1777022404162240318
sensors,bucket=Set1,host=8a64927ac8a9,topic=/Set1 C1=1341,C2=1423,T1=19.3,R3=892,ts="2026-04-24T10:20:47Z" 1777022417788208554
sensors,bucket=Set2,host=8a64927ac8a9,topic=/Set2 C3=1687,C4=1485,W1=891,R1n=249,ts="2026-04-24T10:20:48Z" 1777022418956920036
sensors,bucket=Set1,host=8a64927ac8a9,topic=/Set1 C1=1350,C2=1423,T1=19.3,R3=921,ts="2026-04-24T10:21:02Z" 1777022432601273845
sensors,bucket=Set2,host=8a64927ac8a9,topic=/Set2 C3=1671,C4=1449,W1=895,R1n=346,ts="2026-04-24T10:21:03Z" 1777022433757557067
sensors,bucket=Set1,host=8a64927ac8a9,topic=/Set1 C1=1342,C2=1430,T1=19.3,R3=894,ts="2026-04-24T10:21:16Z" 1777022447385025824
sensors,bucket=Set2,host=8a64927ac8a9,topic=/Set2 C3=1724,C4=1566,W1=985,R1n=379,ts="2026-04-24T10:21:18Z" 1777022448558086690
sensors,bucket=Set1,host=8a64927ac8a9,topic=/Set1 C1=1343,C2=1424,T1=19.4,R3=892,ts="2026-04-24T10:21:31Z" 1777022462172325638
sensors,bucket=Set2,host=8a64927ac8a9,topic=/Set2 C3=1759,C4=1563,W1=970,R1n=314,ts="2026-04-24T10:21:32Z" 1777022463357921335
sensors,bucket=Set2,host=8a64927ac8a9,topic=/Set2 C3=1754,C4=1536,W1=906,R1n=270,ts="2026-04-24T10:21:47Z" 1777022478156714660
sensors,bucket=Set1,host=8a64927ac8a9,topic=/Set1 C1=1351,C2=1431,T1=19.4,R3=894,ts="2026-04-24T10:21:46Z" 1777022479855526486
sensors,bucket=Set1,host=8a64927ac8a9,topic=/Set1 C1=1343,C2=1423,T1=19.3,R3=907,ts="2026-04-24T10:22:01Z" 1777022491827709586
sensors,bucket=Set2,host=8a64927ac8a9,topic=/Set2 C3=1738,C4=1480,W1=910,R1n=250,ts="2026-04-24T10:22:02Z" 1777022494542384440
sensors,bucket=Set1,host=8a64927ac8a9,topic=/Set1 C1=1343,C2=1423,T1=19.3,R3=910,ts="2026-04-24T10:22:16Z" 1777022506585134951
sensors,bucket=Set2,host=8a64927ac8a9,topic=/Set2 C3=1692,C4=1452,W1=894,R1n=296,ts="2026-04-24T10:22:17Z" 1777022507759706887
sensors,bucket=Set1,host=8a64927ac8a9,topic=/Set1 C1=1342,C2=1431,T1=19.3,R3=941,ts="2026-04-24T10:22:30Z" 1777022521909481174
sensors,bucket=Set2,host=8a64927ac8a9,topic=/Set2 C3=1658,C4=1501,W1=968,R1n=377,ts="2026-04-24T10:22:32Z" 1777022522558870899
sensors,bucket=Set1,host=8a64927ac8a9,topic=/Set1 C1=1343,C2=1430,T1=19.4,R3=896,ts="2026-04-24T10:22:45Z" 1777022536217334052
sensors,bucket=Set2,host=8a64927ac8a9,topic=/Set2 C3=1725,C4=1561,W1=984,R1n=363,ts="2026-04-24T10:22:46Z" 1777022537355470389
sensors,bucket=Set1,host=8a64927ac8a9,topic=/Set1 C1=1343,C2=1423,T1=19.3,R3=923,ts="2026-04-24T10:23:00Z" 1777022550980432447
sensors,bucket=Set2,host=8a64927ac8a9,topic=/Set2 C3=1752,C4=1576,W1=984,R1n=362,ts="2026-04-24T10:23:01Z" 1777022552161164001
sensors,bucket=Set1,host=8a64927ac8a9,topic=/Set1 C1=1343,C2=1431,T1=19.3,R3=957,ts="2026-04-24T10:23:15Z" 1777022565800370077
sensors,bucket=Set2,host=8a64927ac8a9,topic=/Set2 C3=1766,C4=1566,W1=984,R1n=303,ts="2026-04-24T10:23:16Z" 1777022566953774689
sensors,bucket=Set1,host=8a64927ac8a9,topic=/Set1 C1=1342,C2=1423,T1=19.4,R3=879,ts="2026-04-24T10:23:30Z" 1777022580583098684
sensors,bucket=Set2,host=8a64927ac8a9,topic=/Set2 C3=1759,C4=1564,W1=939,R1n=283,ts="2026-04-24T10:23:31Z" 1777022581755048923
sensors,bucket=Set1,host=8a64927ac8a9,topic=/Set1 C1=1343,C2=1431,T1=19.3,R3=891,ts="2026-04-24T10:23:44Z" 1777022595432378817
sensors,bucket=Set2,host=8a64927ac8a9,topic=/Set2 C3=1737,C4=1470,W1=905,R1n=240,ts="2026-04-24T10:23:46Z" 1777022596558642618
sensors,bucket=Set1,host=8a64927ac8a9,topic=/Set1 C1=1343,C2=1424,T1=19.3,R3=906,ts="2026-04-24T10:23:59Z" 1777022610186849209
sensors,bucket=Set2,host=8a64927ac8a9,topic=/Set2 C3=1662,C4=1452,W1=907,R1n=351,ts="2026-04-24T10:24:00Z" 1777022611357118997
sensors,bucket=Set1,host=8a64927ac8a9,topic=/Set1 C1=1343,C2=1424,T1=19.3,R3=890,ts="2026-04-24T10:24:14Z" 1777022624987983435
sensors,bucket=Set2,host=8a64927ac8a9,topic=/Set2 C3=1691,C4=1533,W1=984,R1n=374,ts="2026-04-24T10:24:15Z" 1777022626158368621
sensors,bucket=Set1,host=8a64927ac8a9,topic=/Set1 C1=1351,C2=1430,T1=19.3,R3=922,ts="2026-04-24T10:24:29Z" 1777022639863062357
sensors,bucket=Set2,host=8a64927ac8a9,topic=/Set2 C3=1755,C4=1565,W1=984,R1n=351,ts="2026-04-24T10:24:30Z" 1777022640954413930
sensors,bucket=Set2,host=8a64927ac8a9,topic=/Set2 C3=1769,C4=1565,W1=959,R1n=269,ts="2026-04-24T10:24:45Z" 1777022655757557030
sensors,bucket=Set1,host=8a64927ac8a9,topic=/Set1 C1=1343,C2=1431,T1=19.3,R3=903,ts="2026-04-24T10:24:44Z" 1777022656847899178
sensors,bucket=Set1,host=8a64927ac8a9,topic=/Set1 C1=1343,C2=1431,T1=19.3,R3=922,ts="2026-04-24T10:24:58Z" 1777022669411491519
sensors,bucket=Set2,host=8a64927ac8a9,topic=/Set2 C3=1754,C4=1502,W1=925,R1n=254,ts="2026-04-24T10:25:00Z" 1777022670556415409
sensors,bucket=Set1,host=8a64927ac8a9,topic=/Set1 C1=1342,C2=1423,T1=19.3,R3=909,ts="2026-04-24T10:25:13Z" 1777022684209095883
sensors,bucket=Set2,host=8a64927ac8a9,topic=/Set2 C3=1672,C4=1451,W1=904,R1n=330,ts="2026-04-24T10:25:14Z" 1777022685354404682
sensors,bucket=Set1,host=8a64927ac8a9,topic=/Set1 C1=1342,C2=1423,T1=19.3,R3=920,ts="2026-04-24T10:25:28Z" 1777022698988376093
sensors,bucket=Set2,host=8a64927ac8a9,topic=/Set2 C3=1742,C4=1566,W1=985,R1n=376,ts="2026-04-24T10:25:29Z" 1777022700152510772
sensors,bucket=Set1,host=8a64927ac8a9,topic=/Set1 C1=1342,C2=1430,T1=19.3,R3=922,ts="2026-04-24T10:25:43Z" 1777022713836404148
sensors,bucket=Set2,host=8a64927ac8a9,topic=/Set2 C3=1758,C4=1561,W1=925,R1n=297,ts="2026-04-24T10:25:44Z" 1777022714953631795
sensors,bucket=Set1,host=8a64927ac8a9,topic=/Set1 C1=1343,C2=1424,T1=19.3,R3=909,ts="2026-04-24T10:25:58Z" 1777022728616720132
sensors,bucket=Set2,host=8a64927ac8a9,topic=/Set2 C3=1705,C4=1487,W1=909,R1n=251,ts="2026-04-24T10:25:59Z" 1777022729752918149
sensors,bucket=Set1,host=8a64927ac8a9,topic=/Set1 C1=1343,C2=1423,T1=19.3,R3=888,ts="2026-04-24T10:26:12Z" 1777022743398032454
sensors,bucket=Set2,host=8a64927ac8a9,topic=/Set2 C3=1660,C4=1468,W1=969,R1n=366,ts="2026-04-24T10:26:14Z" 1777022744555395628
sensors,bucket=Set1,host=8a64927ac8a9,topic=/Set1 C1=1344,C2=1430,T1=19.3,R3=908,ts="2026-04-24T10:26:27Z" 1777022758185417804
sensors,bucket=Set2,host=8a64927ac8a9,topic=/Set2 C3=1736,C4=1576,W1=991,R1n=377,ts="2026-04-24T10:26:28Z" 1777022759353493732
sensors,bucket=Set1,host=8a64927ac8a9,topic=/Set1 C1=1342,C2=1422,T1=19.3,R3=924,ts="2026-04-24T10:26:42Z" 1777022772987216626
sensors,bucket=Set2,host=8a64927ac8a9,topic=/Set2 C3=1741,C4=1495,W1=909,R1n=249,ts="2026-04-24T10:26:43Z" 1777022774153982402
sensors,bucket=Set1,host=8a64927ac8a9,topic=/Set1 C1=1343,C2=1430,T1=19.3,R3=891,ts="2026-04-24T10:26:57Z" 1777022787789114559
sensors,bucket=Set2,host=8a64927ac8a9,topic=/Set2 C3=1676,C4=1450,W1=943,R1n=336,ts="2026-04-24T10:26:58Z" 1777022788953820846
sensors,bucket=Set1,host=8a64927ac8a9,topic=/Set1 C1=1342,C2=1430,T1=19.3,R3=892,ts="2026-04-24T10:27:12Z" 1777022802583617510
sensors,bucket=Set2,host=8a64927ac8a9,topic=/Set2 C3=1709,C4=1547,W1=985,R1n=375,ts="2026-04-24T10:27:13Z" 1777022803751961114
sensors,bucket=Set1,host=8a64927ac8a9,topic=/Set1 C1=1343,C2=1424,T1=19.3,R3=902,ts="2026-04-24T10:27:26Z" 1777022817394023710
sensors,bucket=Set2,host=8a64927ac8a9,topic=/Set2 C3=1770,C4=1559,W1=976,R1n=331,ts="2026-04-24T10:27:28Z" 1777022818552080554
sensors,bucket=Set1,host=8a64927ac8a9,topic=/Set1 C1=1343,C2=1424,T1=19.3,R3=909,ts="2026-04-24T10:27:42Z" 1777022832795892122
sensors,bucket=Set2,host=8a64927ac8a9,topic=/Set2 C3=1757,C4=1547,W1=942,R1n=295,ts="2026-04-24T10:27:42Z" 1777022833352033506
sensors,bucket=Set1,host=8a64927ac8a9,topic=/Set1 C1=1343,C2=1431,T1=19.3,R3=892,ts="2026-04-24T10:27:56Z" 1777022846973215993
sensors,bucket=Set2,host=8a64927ac8a9,topic=/Set2 C3=1757,C4=1544,W1=906,R1n=267,ts="2026-04-24T10:27:57Z" 1777022848150684848
sensors,bucket=Set1,host=8a64927ac8a9,topic=/Set1 C1=1342,C2=1431,T1=19.3,R3=896,ts="2026-04-24T10:28:11Z" 1777022861792959723
sensors,bucket=Set2,host=8a64927ac8a9,topic=/Set2 C3=1705,C4=1513,W1=908,R1n=248,ts="2026-04-24T10:28:12Z" 1777022862952034365
sensors,bucket=Set1,host=8a64927ac8a9,topic=/Set1 C1=1343,C2=1431,T1=19.3,R3=943,ts="2026-04-24T10:28:26Z" 1777022876588351086
sensors,bucket=Set2,host=8a64927ac8a9,topic=/Set2 C3=1691,C4=1455,W1=906,R1n=317,ts="2026-04-24T10:28:27Z" 1777022877750859064
sensors,bucket=Set1,host=8a64927ac8a9,topic=/Set1 C1=1343,C2=1430,T1=19.3,R3=952,ts="2026-04-24T10:28:40Z" 1777022891386998816
sensors,bucket=Set2,host=8a64927ac8a9,topic=/Set2 C3=1674,C4=1529,W1=973,R1n=375,ts="2026-04-24T10:28:42Z" 1777022892551366306
sensors,bucket=Set1,host=8a64927ac8a9,topic=/Set1 C1=1342,C2=1431,T1=19.3,R3=926,ts="2026-04-24T10:28:55Z" 1777022906177825762
sensors,bucket=Set2,host=8a64927ac8a9,topic=/Set2 C3=1754,C4=1560,W1=971,R1n=313,ts="2026-04-24T10:28:56Z" 1777022907349087565
sensors,bucket=Set1,host=8a64927ac8a9,topic=/Set1 C1=1343,C2=1424,T1=19.3,R3=892,ts="2026-04-24T10:29:10Z" 1777022921227710733
sensors,bucket=Set2,host=8a64927ac8a9,topic=/Set2 C3=1725,C4=1498,W1=908,R1n=248,ts="2026-04-24T10:29:11Z" 1777022922151789828
sensors,bucket=Set1,host=8a64927ac8a9,topic=/Set1 C1=1350,C2=1432,T1=19.3,R3=879,ts="2026-04-24T10:29:25Z" 1777022935773427243
sensors,bucket=Set2,host=8a64927ac8a9,topic=/Set2 C3=1659,C4=1453,W1=942,R1n=364,ts="2026-04-24T10:29:26Z" 1777022936949532379
sensors,bucket=Set1,host=8a64927ac8a9,topic=/Set1 C1=1344,C2=1424,T1=19.3,R3=908,ts="2026-04-24T10:29:40Z" 1777022950583158870
sensors,bucket=Set2,host=8a64927ac8a9,topic=/Set2 C3=1735,C4=1563,W1=987,R1n=379,ts="2026-04-24T10:29:41Z" 1777022951749547748
sensors,bucket=Set2,host=8a64927ac8a9,topic=/Set2 C3=1752,C4=1551,W1=954,R1n=295,ts="2026-04-24T10:29:56Z" 1777022966548657549
sensors,bucket=Set1,host=8a64927ac8a9,topic=/Set1 C1=1342,C2=1430,T1=19.3,R3=936,ts="2026-04-24T10:29:54Z" 1777022967331271251
sensors,bucket=Set1,host=8a64927ac8a9,topic=/Set1 C1=1350,C2=1431,T1=19.3,R3=863,ts="2026-04-24T10:30:09Z" 1777022980182532466
sensors,bucket=Set2,host=8a64927ac8a9,topic=/Set2 C3=1721,C4=1471,W1=910,R1n=254,ts="2026-04-24T10:30:10Z" 1777022981350122295
sensors,bucket=Set1,host=8a64927ac8a9,topic=/Set1 C1=1351,C2=1431,T1=19.3,R3=904,ts="2026-04-24T10:30:24Z" 1777022994982362122
sensors,bucket=Set2,host=8a64927ac8a9,topic=/Set2 C3=1674,C4=1465,W1=942,R1n=348,ts="2026-04-24T10:30:25Z" 1777022996147892590
sensors,bucket=Set1,host=8a64927ac8a9,topic=/Set1 C1=1351,C2=1424,T1=19.3,R3=903,ts="2026-04-24T10:30:39Z" 1777023009797811197
sensors,bucket=Set2,host=8a64927ac8a9,topic=/Set2 C3=1672,C4=1517,W1=975,R1n=376,ts="2026-04-24T10:30:40Z" 1777023010948549484
sensors,bucket=Set1,host=8a64927ac8a9,topic=/Set1 C1=1343,C2=1432,T1=19.3,R3=926,ts="2026-04-24T10:30:54Z" 1777023024601985595
sensors,bucket=Set2,host=8a64927ac8a9,topic=/Set2 C3=1756,C4=1563,W1=971,R1n=347,ts="2026-04-24T10:30:55Z" 1777023025747501257
sensors,bucket=Set1,host=8a64927ac8a9,topic=/Set1 C1=1344,C2=1432,T1=19.3,R3=921,ts="2026-04-24T10:31:08Z" 1777023039374715837
sensors,bucket=Set2,host=8a64927ac8a9,topic=/Set2 C3=1755,C4=1544,W1=910,R1n=301,ts="2026-04-24T10:31:10Z" 1777023040552931909
sensors,bucket=Set1,host=8a64927ac8a9,topic=/Set1 C1=1342,C2=1423,T1=19.3,R3=891,ts="2026-04-24T10:31:23Z" 1777023054178130297
sensors,bucket=Set2,host=8a64927ac8a9,topic=/Set2 C3=1705,C4=1452,W1=910,R1n=326,ts="2026-04-24T10:31:24Z" 1777023055351208060
sensors,bucket=Set1,host=8a64927ac8a9,topic=/Set1 C1=1343,C2=1431,T1=19.3,R3=952,ts="2026-04-24T10:31:38Z" 1777023068998738847
sensors,bucket=Set2,host=8a64927ac8a9,topic=/Set2 C3=1672,C4=1545,W1=988,R1n=375,ts="2026-04-24T10:31:39Z" 1777023070148312331
sensors,bucket=Set1,host=8a64927ac8a9,topic=/Set1 C1=1343,C2=1432,T1=19.3,R3=903,ts="2026-04-24T10:31:53Z" 1777023083775473377
sensors,bucket=Set2,host=8a64927ac8a9,topic=/Set2 C3=1768,C4=1550,W1=986,R1n=328,ts="2026-04-24T10:31:54Z" 1777023084945434363
sensors,bucket=Set1,host=8a64927ac8a9,topic=/Set1 C1=1344,C2=1431,T1=19.3,R3=888,ts="2026-04-24T10:32:08Z" 1777023098570704937
sensors,bucket=Set2,host=8a64927ac8a9,topic=/Set2 C3=1756,C4=1533,W1=920,R1n=285,ts="2026-04-24T10:32:09Z" 1777023099748191059
sensors,bucket=Set1,host=8a64927ac8a9,topic=/Set1 C1=1343,C2=1432,T1=19.3,R3=912,ts="2026-04-24T10:32:22Z" 1777023113387061757
sensors,bucket=Set2,host=8a64927ac8a9,topic=/Set2 C3=1663,C4=1466,W1=920,R1n=284,ts="2026-04-24T10:32:24Z" 1777023114554693698
sensors,bucket=Set1,host=8a64927ac8a9,topic=/Set1 C1=1342,C2=1423,T1=19.3,R3=926,ts="2026-04-24T10:32:37Z" 1777023128196322245
sensors,bucket=Set2,host=8a64927ac8a9,topic=/Set2 C3=1688,C4=1532,W1=975,R1n=379,ts="2026-04-24T10:32:38Z" 1777023129345763450
sensors,bucket=Set1,host=8a64927ac8a9,topic=/Set1 C1=1343,C2=1431,T1=19.3,R3=924,ts="2026-04-24T10:32:52Z" 1777023142980860571
sensors,bucket=Set2,host=8a64927ac8a9,topic=/Set2 C3=1756,C4=1561,W1=983,R1n=330,ts="2026-04-24T10:32:53Z" 1777023144145049283
sensors,bucket=Set1,host=8a64927ac8a9,topic=/Set1 C1=1353,C2=1433,T1=19.3,R3=891,ts="2026-04-24T10:33:07Z" 1777023157779738974
sensors,bucket=Set2,host=8a64927ac8a9,topic=/Set2 C3=1722,C4=1486,W1=908,R1n=254,ts="2026-04-24T10:33:08Z" 1777023158945551345
sensors,bucket=Set1,host=8a64927ac8a9,topic=/Set1 C1=1353,C2=1434,T1=19.3,R3=936,ts="2026-04-24T10:33:22Z" 1777023172588105255
sensors,bucket=Set2,host=8a64927ac8a9,topic=/Set2 C3=1703,C4=1518,W1=973,R1n=375,ts="2026-04-24T10:33:23Z" 1777023173743841846
sensors,bucket=Set1,host=8a64927ac8a9,topic=/Set1 C1=1352,C2=1434,T1=19.3,R3=905,ts="2026-04-24T10:33:36Z" 1777023187379712474
sensors,bucket=Set2,host=8a64927ac8a9,topic=/Set2 C3=1753,C4=1561,W1=971,R1n=288,ts="2026-04-24T10:33:38Z" 1777023188548480625
sensors,bucket=Set2,host=8a64927ac8a9,topic=/Set2 C3=1703,C4=1467,W1=903,R1n=278,ts="2026-04-24T10:33:52Z" 1777023203345702694
sensors,bucket=Set1,host=8a64927ac8a9,topic=/Set1 C1=1353,C2=1434,T1=19.3,R3=907,ts="2026-04-24T10:33:51Z" 1777023203847575626
sensors,bucket=Set1,host=8a64927ac8a9,topic=/Set1 C1=1353,C2=1435,T1=19.3,R3=890,ts="2026-04-24T10:34:06Z" 1777023216984042497
sensors,bucket=Set2,host=8a64927ac8a9,topic=/Set2 C3=1741,C4=1560,W1=983,R1n=378,ts="2026-04-24T10:34:07Z" 1777023218145053711
sensors,bucket=Set1,host=8a64927ac8a9,topic=/Set1 C1=1353,C2=1434,T1=19.3,R3=892,ts="2026-04-24T10:34:21Z" 1777023231772024185
sensors,bucket=Set2,host=8a64927ac8a9,topic=/Set2 C3=1738,C4=1498,W1=909,R1n=250,ts="2026-04-24T10:34:22Z" 1777023232943519730
sensors,bucket=Set1,host=8a64927ac8a9,topic=/Set1 C1=1387,C2=1481,T1=19.3,R3=936,ts="2026-04-24T10:34:36Z" 1777023246620461478
sensors,bucket=Set2,host=8a64927ac8a9,topic=/Set2 C3=1660,C4=1463,W1=970,R1n=379,ts="2026-04-24T10:34:37Z" 1777023247744432641
sensors,bucket=Set1,host=8a64927ac8a9,topic=/Set1 C1=1385,C2=1479,T1=19.3,R3=953,ts="2026-04-24T10:34:50Z" 1777023261378975100
sensors,bucket=Set2,host=8a64927ac8a9,topic=/Set2 C3=1753,C4=1561,W1=987,R1n=360,ts="2026-04-24T10:34:52Z" 1777023262544139170
sensors,bucket=Set1,host=8a64927ac8a9,topic=/Set1 C1=1373,C2=1464,T1=19.3,R3=940,ts="2026-04-24T10:35:05Z" 1777023276174645435
sensors,bucket=Set2,host=8a64927ac8a9,topic=/Set2 C3=1724,C4=1484,W1=909,R1n=249,ts="2026-04-24T10:35:06Z" 1777023277344143629
sensors,bucket=Set2,host=8a64927ac8a9,topic=/Set2 C3=1694,C4=1503,W1=974,R1n=380,ts="2026-04-24T10:35:21Z" 1777023292142303129
sensors,bucket=Set1,host=8a64927ac8a9,topic=/Set1 C1=1372,C2=1456,T1=19.3,R3=940,ts="2026-04-24T10:35:20Z" 1777023293359212281
sensors,bucket=Set1,host=8a64927ac8a9,topic=/Set1 C1=1371,C2=1463,T1=19.3,R3=937,ts="2026-04-24T10:35:35Z" 1777023305790487401
sensors,bucket=Set2,host=8a64927ac8a9,topic=/Set2 C3=1757,C4=1565,W1=927,R1n=302,ts="2026-04-24T10:35:36Z" 1777023306944525264
sensors,bucket=Set1,host=8a64927ac8a9,topic=/Set1 C1=1369,C2=1463,T1=19.3,R3=876,ts="2026-04-24T10:35:50Z" 1777023320583156304
sensors,bucket=Set2,host=8a64927ac8a9,topic=/Set2 C3=1660,C4=1452,W1=967,R1n=379,ts="2026-04-24T10:35:51Z" 1777023321742098178
sensors,bucket=Set1,host=8a64927ac8a9,topic=/Set1 C1=1369,C2=1453,T1=19.3,R3=941,ts="2026-04-24T10:36:04Z" 1777023335405141952
sensors,bucket=Set2,host=8a64927ac8a9,topic=/Set2 C3=1755,C4=1568,W1=969,R1n=295,ts="2026-04-24T10:36:06Z" 1777023336543829398
sensors,bucket=Set1,host=8a64927ac8a9,topic=/Set1 C1=1368,C2=1453,T1=19.3,R3=887,ts="2026-04-24T10:36:19Z" 1777023350192873746
sensors,bucket=Set2,host=8a64927ac8a9,topic=/Set2 C3=1709,C4=1494,W1=906,R1n=283,ts="2026-04-24T10:36:20Z" 1777023351341096572
sensors,bucket=Set1,host=8a64927ac8a9,topic=/Set1 C1=1369,C2=1452,T1=19.3,R3=920,ts="2026-04-24T10:36:34Z" 1777023364974082214
sensors,bucket=Set2,host=8a64927ac8a9,topic=/Set2 C3=1659,C4=1464,W1=968,R1n=375,ts="2026-04-24T10:36:35Z" 1777023366143257121
sensors,bucket=Set1,host=8a64927ac8a9,topic=/Set1 C1=1368,C2=1453,T1=19.4,R3=941,ts="2026-04-24T10:36:49Z" 1777023379798319944
sensors,bucket=Set2,host=8a64927ac8a9,topic=/Set2 C3=1738,C4=1564,W1=988,R1n=384,ts="2026-04-24T10:36:50Z" 1777023380940191314
sensors,bucket=Set1,host=8a64927ac8a9,topic=/Set1 C1=1369,C2=1453,T1=19.3,R3=880,ts="2026-04-24T10:37:04Z" 1777023394597214846
sensors,bucket=Set2,host=8a64927ac8a9,topic=/Set2 C3=1759,C4=1532,W1=924,R1n=271,ts="2026-04-24T10:37:05Z" 1777023395742416617
sensors,bucket=Set1,host=8a64927ac8a9,topic=/Set1 C1=1369,C2=1454,T1=19.3,R3=920,ts="2026-04-24T10:37:18Z" 1777023409394171033
sensors,bucket=Set2,host=8a64927ac8a9,topic=/Set2 C3=1662,C4=1498,W1=983,R1n=376,ts="2026-04-24T10:37:20Z" 1777023410541886613
sensors,bucket=Set1,host=8a64927ac8a9,topic=/Set1 C1=1369,C2=1454,T1=19.3,R3=918,ts="2026-04-24T10:37:33Z" 1777023424187397747
sensors,bucket=Set2,host=8a64927ac8a9,topic=/Set2 C3=1755,C4=1566,W1=991,R1n=350,ts="2026-04-24T10:37:34Z" 1777023425340843874
sensors,bucket=Set2,host=8a64927ac8a9,topic=/Set2 C3=1759,C4=1549,W1=940,R1n=296,ts="2026-04-24T10:37:49Z" 1777023440140265420
sensors,bucket=Set1,host=8a64927ac8a9,topic=/Set1 C1=1369,C2=1455,T1=19.3,R3=923,ts="2026-04-24T10:37:48Z" 1777023441322938376
sensors,bucket=Set1,host=8a64927ac8a9,topic=/Set1 C1=1369,C2=1455,T1=19.3,R3=889,ts="2026-04-24T10:38:03Z" 1777023453808013066
sensors,bucket=Set2,host=8a64927ac8a9,topic=/Set2 C3=1723,C4=1500,W1=910,R1n=251,ts="2026-04-24T10:38:04Z" 1777023454945033299
sensors,bucket=Set1,host=8a64927ac8a9,topic=/Set1 C1=1370,C2=1463,T1=19.3,R3=907,ts="2026-04-24T10:38:18Z" 1777023468577461133
sensors,bucket=Set2,host=8a64927ac8a9,topic=/Set2 C3=1695,C4=1470,W1=908,R1n=265,ts="2026-04-24T10:38:19Z" 1777023469740366249
sensors,bucket=Set1,host=8a64927ac8a9,topic=/Set1 C1=1371,C2=1456,T1=19.3,R3=908,ts="2026-04-24T10:38:32Z" 1777023483367723849
sensors,bucket=Set2,host=8a64927ac8a9,topic=/Set2 C3=1655,C4=1496,W1=958,R1n=379,ts="2026-04-24T10:38:34Z" 1777023484542580659
sensors,bucket=Set1,host=8a64927ac8a9,topic=/Set1 C1=1372,C2=1464,T1=19.3,R3=908,ts="2026-04-24T10:38:47Z" 1777023498167979002
sensors,bucket=Set2,host=8a64927ac8a9,topic=/Set2 C3=1752,C4=1565,W1=990,R1n=381,ts="2026-04-24T10:38:48Z" 1777023499342675604
sensors,bucket=Set1,host=8a64927ac8a9,topic=/Set1 C1=1370,C2=1454,T1=19.3,R3=911,ts="2026-04-24T10:39:02Z" 1777023512977515370
sensors,bucket=Set2,host=8a64927ac8a9,topic=/Set2 C3=1754,C4=1534,W1=918,R1n=302,ts="2026-04-24T10:39:03Z" 1777023514141900994
sensors,bucket=Set1,host=8a64927ac8a9,topic=/Set1 C1=1372,C2=1464,T1=19.3,R3=925,ts="2026-04-24T10:39:17Z" 1777023527780246787
sensors,bucket=Set2,host=8a64927ac8a9,topic=/Set2 C3=1675,C4=1452,W1=919,R1n=344,ts="2026-04-24T10:39:18Z" 1777023528937093747
sensors,bucket=Set1,host=8a64927ac8a9,topic=/Set1 C1=1371,C2=1463,T1=19.3,R3=935,ts="2026-04-24T10:39:32Z" 1777023542583576188
sensors,bucket=Set2,host=8a64927ac8a9,topic=/Set2 C3=1723,C4=1577,W1=989,R1n=381,ts="2026-04-24T10:39:33Z" 1777023543739069989
sensors,bucket=Set1,host=8a64927ac8a9,topic=/Set1 C1=1372,C2=1464,T1=19.3,R3=888,ts="2026-04-24T10:39:46Z" 1777023557378868946
sensors,bucket=Set2,host=8a64927ac8a9,topic=/Set2 C3=1744,C4=1502,W1=907,R1n=294,ts="2026-04-24T10:39:48Z" 1777023558538253080
sensors,bucket=Set1,host=8a64927ac8a9,topic=/Set1 C1=1373,C2=1464,T1=19.3,R3=918,ts="2026-04-24T10:40:01Z" 1777023572178606750
sensors,bucket=Set2,host=8a64927ac8a9,topic=/Set2 C3=1671,C4=1467,W1=922,R1n=347,ts="2026-04-24T10:40:02Z" 1777023573338247856
sensors,bucket=Set1,host=8a64927ac8a9,topic=/Set1 C1=1372,C2=1465,T1=19.3,R3=889,ts="2026-04-24T10:40:17Z" 1777023587612367999
sensors,bucket=Set2,host=8a64927ac8a9,topic=/Set2 C3=1720,C4=1550,W1=983,R1n=382,ts="2026-04-24T10:40:17Z" 1777023588139311142
sensors,bucket=Set1,host=8a64927ac8a9,topic=/Set1 C1=1372,C2=1464,T1=19.3,R3=889,ts="2026-04-24T10:40:31Z" 1777023601782213299
sensors,bucket=Set2,host=8a64927ac8a9,topic=/Set2 C3=1770,C4=1560,W1=972,R1n=300,ts="2026-04-24T10:40:32Z" 1777023602937578602
sensors,bucket=Set1,host=8a64927ac8a9,topic=/Set1 C1=1373,C2=1465,T1=19.3,R3=927,ts="2026-04-24T10:40:46Z" 1777023617091533162
sensors,bucket=Set2,host=8a64927ac8a9,topic=/Set2 C3=1727,C4=1496,W1=923,R1n=250,ts="2026-04-24T10:40:47Z" 1777023617735867461
sensors,bucket=Set1,host=8a64927ac8a9,topic=/Set1 C1=1373,C2=1466,T1=19.3,R3=910,ts="2026-04-24T10:41:00Z" 1777023631370055797
sensors,bucket=Set2,host=8a64927ac8a9,topic=/Set2 C3=1661,C4=1468,W1=968,R1n=379,ts="2026-04-24T10:41:02Z" 1777023632542108783
sensors,bucket=Set1,host=8a64927ac8a9,topic=/Set1 C1=1373,C2=1464,T1=19.3,R3=909,ts="2026-04-24T10:41:15Z" 1777023646197622716
sensors,bucket=Set2,host=8a64927ac8a9,topic=/Set2 C3=1737,C4=1577,W1=990,R1n=375,ts="2026-04-24T10:41:16Z" 1777023647335474064
sensors,bucket=Set1,host=8a64927ac8a9,topic=/Set1 C1=1373,C2=1465,T1=19.3,R3=908,ts="2026-04-24T10:41:30Z" 1777023660980704674
sensors,bucket=Set2,host=8a64927ac8a9,topic=/Set2 C3=1753,C4=1513,W1=908,R1n=282,ts="2026-04-24T10:41:31Z" 1777023662136477173
sensors,bucket=Set1,host=8a64927ac8a9,topic=/Set1 C1=1374,C2=1467,T1=19.3,R3=907,ts="2026-04-24T10:41:45Z" 1777023676277478115
sensors,bucket=Set2,host=8a64927ac8a9,topic=/Set2 C3=1679,C4=1467,W1=903,R1n=327,ts="2026-04-24T10:41:46Z" 1777023676936914362
sensors,bucket=Set1,host=8a64927ac8a9,topic=/Set1 C1=1374,C2=1466,T1=19.3,R3=892,ts="2026-04-24T10:42:00Z" 1777023690759532606
sensors,bucket=Set2,host=8a64927ac8a9,topic=/Set2 C3=1707,C4=1534,W1=988,R1n=367,ts="2026-04-24T10:42:01Z" 1777023691735257343
sensors,bucket=Set1,host=8a64927ac8a9,topic=/Set1 C1=1374,C2=1467,T1=19.3,R3=923,ts="2026-04-24T10:42:14Z" 1777023705369530023
sensors,bucket=Set2,host=8a64927ac8a9,topic=/Set2 C3=1758,C4=1575,W1=968,R1n=296,ts="2026-04-24T10:42:16Z" 1777023706540469280
sensors,bucket=Set1,host=8a64927ac8a9,topic=/Set1 C1=1374,C2=1468,T1=19.3,R3=888,ts="2026-04-24T10:42:29Z" 1777023720227342756
sensors,bucket=Set2,host=8a64927ac8a9,topic=/Set2 C3=1707,C4=1479,W1=893,R1n=254,ts="2026-04-24T10:42:30Z" 1777023721337114662
sensors,bucket=Set1,host=8a64927ac8a9,topic=/Set1 C1=1373,C2=1467,T1=19.3,R3=891,ts="2026-04-24T10:42:44Z" 1777023734977297970
sensors,bucket=Set2,host=8a64927ac8a9,topic=/Set2 C3=1675,C4=1536,W1=990,R1n=381,ts="2026-04-24T10:42:45Z" 1777023736152121773
sensors,bucket=Set1,host=8a64927ac8a9,topic=/Set1 C1=1374,C2=1467,T1=19.3,R3=888,ts="2026-04-24T10:42:59Z" 1777023749760831246
sensors,bucket=Set2,host=8a64927ac8a9,topic=/Set2 C3=1757,C4=1565,W1=985,R1n=363,ts="2026-04-24T10:43:00Z" 1777023750935355787
sensors,bucket=Set1,host=8a64927ac8a9,topic=/Set1 C1=1383,C2=1469,T1=19.3,R3=905,ts="2026-04-24T10:43:14Z" 1777023764576170392
sensors,bucket=Set2,host=8a64927ac8a9,topic=/Set2 C3=1755,C4=1528,W1=911,R1n=284,ts="2026-04-24T10:43:15Z" 1777023765736736799
sensors,bucket=Set1,host=8a64927ac8a9,topic=/Set1 C1=1375,C2=1467,T1=19.3,R3=905,ts="2026-04-24T10:43:28Z" 1777023779380923467
sensors,bucket=Set2,host=8a64927ac8a9,topic=/Set2 C3=1671,C4=1453,W1=953,R1n=361,ts="2026-04-24T10:43:30Z" 1777023780541993099
sensors,bucket=Set1,host=8a64927ac8a9,topic=/Set1 C1=1374,C2=1467,T1=19.3,R3=936,ts="2026-04-24T10:43:43Z" 1777023794176573305
sensors,bucket=Set2,host=8a64927ac8a9,topic=/Set2 C3=1750,C4=1565,W1=982,R1n=376,ts="2026-04-24T10:43:44Z" 1777023795335005626
sensors,bucket=Set1,host=8a64927ac8a9,topic=/Set1 C1=1375,C2=1467,T1=19.3,R3=874,ts="2026-04-24T10:43:58Z" 1777023808977671928
sensors,bucket=Set2,host=8a64927ac8a9,topic=/Set2 C3=1752,C4=1548,W1=924,R1n=272,ts="2026-04-24T10:43:59Z" 1777023810133467360
sensors,bucket=Set1,host=8a64927ac8a9,topic=/Set1 C1=1374,C2=1467,T1=19.3,R3=892,ts="2026-04-24T10:44:13Z" 1777023823765582546
sensors,bucket=Set2,host=8a64927ac8a9,topic=/Set2 C3=1660,C4=1465,W1=941,R1n=364,ts="2026-04-24T10:44:14Z" 1777023824934709268
sensors,bucket=Set1,host=8a64927ac8a9,topic=/Set1 C1=1375,C2=1467,T1=19.3,R3=926,ts="2026-04-24T10:44:28Z" 1777023838593979873
sensors,bucket=Set2,host=8a64927ac8a9,topic=/Set2 C3=1756,C4=1577,W1=985,R1n=318,ts="2026-04-24T10:44:29Z" 1777023839734308302
sensors,bucket=Set1,host=8a64927ac8a9,topic=/Set1 C1=1375,C2=1467,T1=19.3,R3=925,ts="2026-04-24T10:44:42Z" 1777023853371247457
sensors,bucket=Set2,host=8a64927ac8a9,topic=/Set2 C3=1740,C4=1471,W1=922,R1n=264,ts="2026-04-24T10:44:44Z" 1777023854536853132
sensors,bucket=Set1,host=8a64927ac8a9,topic=/Set1 C1=1374,C2=1467,T1=19.3,R3=906,ts="2026-04-24T10:44:57Z" 1777023868212865382
sensors,bucket=Set2,host=8a64927ac8a9,topic=/Set2 C3=1679,C4=1451,W1=956,R1n=358,ts="2026-04-24T10:44:58Z" 1777023869333519737
sensors,bucket=Set1,host=8a64927ac8a9,topic=/Set1 C1=1374,C2=1467,T1=19.3,R3=921,ts="2026-04-24T10:45:12Z" 1777023882968185678
sensors,bucket=Set2,host=8a64927ac8a9,topic=/Set2 C3=1673,C4=1527,W1=986,R1n=377,ts="2026-04-24T10:45:13Z" 1777023884134567781
sensors,bucket=Set1,host=8a64927ac8a9,topic=/Set1 C1=1375,C2=1467,T1=19.3,R3=894,ts="2026-04-24T10:45:27Z" 1777023897794318849
sensors,bucket=Set2,host=8a64927ac8a9,topic=/Set2 C3=1756,C4=1548,W1=971,R1n=317,ts="2026-04-24T10:45:28Z" 1777023898932658996
sensors,bucket=Set1,host=8a64927ac8a9,topic=/Set1 C1=1374,C2=1468,T1=19.3,R3=887,ts="2026-04-24T10:45:42Z" 1777023912586792836
sensors,bucket=Set2,host=8a64927ac8a9,topic=/Set2 C3=1721,C4=1484,W1=906,R1n=254,ts="2026-04-24T10:45:43Z" 1777023913733721048
sensors,bucket=Set1,host=8a64927ac8a9,topic=/Set1 C1=1382,C2=1467,T1=19.3,R3=910,ts="2026-04-24T10:45:56Z" 1777023927370315420
sensors,bucket=Set2,host=8a64927ac8a9,topic=/Set2 C3=1661,C4=1468,W1=952,R1n=360,ts="2026-04-24T10:45:58Z" 1777023928700934867
sensors,bucket=Set1,host=8a64927ac8a9,topic=/Set1 C1=1374,C2=1468,T1=19.3,R3=896,ts="2026-04-24T10:46:11Z" 1777023942169038945
sensors,bucket=Set2,host=8a64927ac8a9,topic=/Set2 C3=1739,C4=1560,W1=986,R1n=381,ts="2026-04-24T10:46:12Z" 1777023943333634047
sensors,bucket=Set1,host=8a64927ac8a9,topic=/Set1 C1=1375,C2=1468,T1=19.3,R3=888,ts="2026-04-24T10:46:26Z" 1777023957426173106
sensors,bucket=Set2,host=8a64927ac8a9,topic=/Set2 C3=1759,C4=1564,W1=937,R1n=299,ts="2026-04-24T10:46:27Z" 1777023958131948055
sensors,bucket=Set1,host=8a64927ac8a9,topic=/Set1 C1=1374,C2=1467,T1=19.3,R3=904,ts="2026-04-24T10:46:41Z" 1777023971770585774
sensors,bucket=Set2,host=8a64927ac8a9,topic=/Set2 C3=1678,C4=1480,W1=902,R1n=278,ts="2026-04-24T10:46:42Z" 1777023972933013768
sensors,bucket=Set1,host=8a64927ac8a9,topic=/Set1 C1=1383,C2=1467,T1=19.3,R3=920,ts="2026-04-24T10:46:56Z" 1777023986591346751
sensors,bucket=Set2,host=8a64927ac8a9,topic=/Set2 C3=1661,C4=1452,W1=966,R1n=366,ts="2026-04-24T10:46:57Z" 1777023987731616519
sensors,bucket=Set1,host=8a64927ac8a9,topic=/Set1 C1=1374,C2=1468,T1=19.3,R3=847,ts="2026-04-24T10:47:10Z" 1777024001358334691
sensors,bucket=Set2,host=8a64927ac8a9,topic=/Set2 C3=1725,C4=1562,W1=987,R1n=394,ts="2026-04-24T10:47:12Z" 1777024002537308034
sensors,bucket=Set1,host=8a64927ac8a9,topic=/Set1 C1=1374,C2=1468,T1=19.3,R3=894,ts="2026-04-24T10:47:25Z" 1777024016173250726
sensors,bucket=Set2,host=8a64927ac8a9,topic=/Set2 C3=1753,C4=1552,W1=942,R1n=301,ts="2026-04-24T10:47:26Z" 1777024017330232688
sensors,bucket=Set1,host=8a64927ac8a9,topic=/Set1 C1=1375,C2=1467,T1=19.3,R3=927,ts="2026-04-24T10:47:40Z" 1777024030968752417
sensors,bucket=Set2,host=8a64927ac8a9,topic=/Set2 C3=1704,C4=1485,W1=906,R1n=267,ts="2026-04-24T10:47:41Z" 1777024032131981790
sensors,bucket=Set1,host=8a64927ac8a9,topic=/Set1 C1=1375,C2=1468,T1=19.3,R3=889,ts="2026-04-24T10:47:55Z" 1777024045829631935
sensors,bucket=Set2,host=8a64927ac8a9,topic=/Set2 C3=1674,C4=1455,W1=904,R1n=350,ts="2026-04-24T10:47:56Z" 1777024046931469280
sensors,bucket=Set1,host=8a64927ac8a9,topic=/Set1 C1=1375,C2=1467,T1=19.3,R3=887,ts="2026-04-24T10:48:10Z" 1777024060580744552
sensors,bucket=Set2,host=8a64927ac8a9,topic=/Set2 C3=1672,C4=1518,W1=984,R1n=382,ts="2026-04-24T10:48:11Z" 1777024061733009138
sensors,bucket=Set1,host=8a64927ac8a9,topic=/Set1 C1=1374,C2=1467,T1=19.3,R3=936,ts="2026-04-24T10:48:24Z" 1777024075383459968
sensors,bucket=Set2,host=8a64927ac8a9,topic=/Set2 C3=1738,C4=1565,W1=989,R1n=379,ts="2026-04-24T10:48:26Z" 1777024076541861442
sensors,bucket=Set1,host=8a64927ac8a9,topic=/Set1 C1=1375,C2=1466,T1=19.3,R3=940,ts="2026-04-24T10:48:39Z" 1777024090190762371
sensors,bucket=Set2,host=8a64927ac8a9,topic=/Set2 C3=1769,C4=1563,W1=974,R1n=313,ts="2026-04-24T10:48:40Z" 1777024091331998849
sensors,bucket=Set1,host=8a64927ac8a9,topic=/Set1 C1=1374,C2=1468,T1=19.3,R3=940,ts="2026-04-24T10:48:54Z" 1777024104977319780
sensors,bucket=Set2,host=8a64927ac8a9,topic=/Set2 C3=1739,C4=1479,W1=922,R1n=255,ts="2026-04-24T10:48:55Z" 1777024106128763766
sensors,bucket=Set1,host=8a64927ac8a9,topic=/Set1 C1=1373,C2=1465,T1=19.3,R3=809,ts="2026-04-24T10:49:09Z" 1777024119762338484
sensors,bucket=Set2,host=8a64927ac8a9,topic=/Set2 C3=1674,C4=1465,W1=967,R1n=378,ts="2026-04-24T10:49:10Z" 1777024120931034851
sensors,bucket=Set1,host=8a64927ac8a9,topic=/Set1 C1=1374,C2=1466,T1=19.3,R3=887,ts="2026-04-24T10:49:24Z" 1777024134577303273
sensors,bucket=Set2,host=8a64927ac8a9,topic=/Set2 C3=1757,C4=1563,W1=988,R1n=364,ts="2026-04-24T10:49:25Z" 1777024135727149991
sensors,bucket=Set1,host=8a64927ac8a9,topic=/Set1 C1=1375,C2=1467,T1=19.3,R3=893,ts="2026-04-24T10:49:38Z" 1777024149385648475
sensors,bucket=Set2,host=8a64927ac8a9,topic=/Set2 C3=1767,C4=1562,W1=955,R1n=281,ts="2026-04-24T10:49:40Z" 1777024150543362556
sensors,bucket=Set1,host=8a64927ac8a9,topic=/Set1 C1=1374,C2=1467,T1=19.3,R3=906,ts="2026-04-24T10:49:53Z" 1777024164185979984
sensors,bucket=Set2,host=8a64927ac8a9,topic=/Set2 C3=1723,C4=1494,W1=921,R1n=253,ts="2026-04-24T10:49:54Z" 1777024165329067547
sensors,bucket=Set1,host=8a64927ac8a9,topic=/Set1 C1=1375,C2=1468,T1=19.3,R3=954,ts="2026-04-24T10:50:08Z" 1777024178956002349
sensors,bucket=Set2,host=8a64927ac8a9,topic=/Set2 C3=1672,C4=1479,W1=905,R1n=269,ts="2026-04-24T10:50:09Z" 1777024180129142558
sensors,bucket=Set1,host=8a64927ac8a9,topic=/Set1 C1=1374,C2=1468,T1=19.3,R3=906,ts="2026-04-24T10:50:23Z" 1777024193758433679
sensors,bucket=Set2,host=8a64927ac8a9,topic=/Set2 C3=1688,C4=1452,W1=906,R1n=346,ts="2026-04-24T10:50:24Z" 1777024194929184931
sensors,bucket=Set1,host=8a64927ac8a9,topic=/Set1 C1=1375,C2=1467,T1=19.3,R3=889,ts="2026-04-24T10:50:38Z" 1777024208582918690
sensors,bucket=Set2,host=8a64927ac8a9,topic=/Set2 C3=1661,C4=1469,W1=940,R1n=359,ts="2026-04-24T10:50:39Z" 1777024209728733734
sensors,bucket=Set1,host=8a64927ac8a9,topic=/Set1 C1=1375,C2=1467,T1=19.3,R3=890,ts="2026-04-24T10:50:52Z" 1777024223368979308
sensors,bucket=Set2,host=8a64927ac8a9,topic=/Set2 C3=1675,C4=1495,W1=958,R1n=379,ts="2026-04-24T10:50:54Z" 1777024224532475771
sensors,bucket=Set1,host=8a64927ac8a9,topic=/Set1 C1=1375,C2=1467,T1=19.3,R3=943,ts="2026-04-24T10:51:07Z" 1777024238174241422
sensors,bucket=Set2,host=8a64927ac8a9,topic=/Set2 C3=1674,C4=1519,W1=975,R1n=383,ts="2026-04-24T10:51:08Z" 1777024239328482991
sensors,bucket=Set1,host=8a64927ac8a9,topic=/Set1 C1=1374,C2=1467,T1=19.3,R3=905,ts="2026-04-24T10:51:22Z" 1777024252985837964
sensors,bucket=Set2,host=8a64927ac8a9,topic=/Set2 C3=1705,C4=1544,W1=988,R1n=380,ts="2026-04-24T10:51:23Z" 1777024254134565342
sensors,bucket=Set1,host=8a64927ac8a9,topic=/Set1 C1=1372,C2=1466,T1=19.3,R3=904,ts="2026-04-24T10:51:37Z" 1777024267748421395
sensors,bucket=Set2,host=8a64927ac8a9,topic=/Set2 C3=1724,C4=1562,W1=987,R1n=391,ts="2026-04-24T10:51:38Z" 1777024268927284996
sensors,bucket=Set1,host=8a64927ac8a9,topic=/Set1 C1=1373,C2=1466,T1=19.3,R3=925,ts="2026-04-24T10:51:52Z" 1777024282599769372
sensors,bucket=Set2,host=8a64927ac8a9,topic=/Set2 C3=1757,C4=1552,W1=988,R1n=363,ts="2026-04-24T10:51:53Z" 1777024283725416278
sensors,bucket=Set1,host=8a64927ac8a9,topic=/Set1 C1=1374,C2=1466,T1=19.3,R3=891,ts="2026-04-24T10:52:06Z" 1777024297367749606
sensors,bucket=Set2,host=8a64927ac8a9,topic=/Set2 C3=1759,C4=1562,W1=975,R1n=332,ts="2026-04-24T10:52:08Z" 1777024298531561815
sensors,bucket=Set1,host=8a64927ac8a9,topic=/Set1 C1=1373,C2=1465,T1=19.3,R3=890,ts="2026-04-24T10:52:21Z" 1777024312189338791
sensors,bucket=Set2,host=8a64927ac8a9,topic=/Set2 C3=1756,C4=1529,W1=921,R1n=281,ts="2026-04-24T10:52:22Z" 1777024313328425742
sensors,bucket=Set1,host=8a64927ac8a9,topic=/Set1 C1=1373,C2=1465,T1=19.3,R3=878,ts="2026-04-24T10:52:36Z" 1777024326987238850
sensors,bucket=Set2,host=8a64927ac8a9,topic=/Set2 C3=1691,C4=1467,W1=896,R1n=263,ts="2026-04-24T10:52:37Z" 1777024328126442085
sensors,bucket=Set1,host=8a64927ac8a9,topic=/Set1 C1=1374,C2=1466,T1=19.3,R3=951,ts="2026-04-24T10:52:51Z" 1777024341773954861
sensors,bucket=Set2,host=8a64927ac8a9,topic=/Set2 C3=1674,C4=1483,W1=956,R1n=365,ts="2026-04-24T10:52:52Z" 1777024342924150185
sensors,bucket=Set1,host=8a64927ac8a9,topic=/Set1 C1=1374,C2=1466,T1=19.3,R3=904,ts="2026-04-24T10:53:06Z" 1777024356577017489
sensors,bucket=Set2,host=8a64927ac8a9,topic=/Set2 C3=1724,C4=1551,W1=988,R1n=380,ts="2026-04-24T10:53:07Z" 1777024357725104789
sensors,bucket=Set1,host=8a64927ac8a9,topic=/Set1 C1=1374,C2=1466,T1=19.3,R3=873,ts="2026-04-24T10:53:20Z" 1777024371353121647
sensors,bucket=Set2,host=8a64927ac8a9,topic=/Set2 C3=1755,C4=1576,W1=974,R1n=363,ts="2026-04-24T10:53:22Z" 1777024372524040603
sensors,bucket=Set1,host=8a64927ac8a9,topic=/Set1 C1=1374,C2=1466,T1=19.3,R3=906,ts="2026-04-24T10:53:35Z" 1777024386183549154
sensors,bucket=Set2,host=8a64927ac8a9,topic=/Set2 C3=1755,C4=1533,W1=919,R1n=286,ts="2026-04-24T10:53:36Z" 1777024387327409310
sensors,bucket=Set1,host=8a64927ac8a9,topic=/Set1 C1=1375,C2=1466,T1=19.3,R3=878,ts="2026-04-24T10:53:50Z" 1777024400959225509
sensors,bucket=Set2,host=8a64927ac8a9,topic=/Set2 C3=1706,C4=1496,W1=911,R1n=254,ts="2026-04-24T10:53:51Z" 1777024402123119814
sensors,bucket=Set1,host=8a64927ac8a9,topic=/Set1 C1=1374,C2=1465,T1=19.3,R3=940,ts="2026-04-24T10:54:05Z" 1777024415757661157
sensors,bucket=Set2,host=8a64927ac8a9,topic=/Set2 C3=1688,C4=1453,W1=920,R1n=329,ts="2026-04-24T10:54:06Z" 1777024416926075239
sensors,bucket=Set1,host=8a64927ac8a9,topic=/Set1 C1=1374,C2=1466,T1=19.3,R3=893,ts="2026-04-24T10:54:20Z" 1777024430577066441
sensors,bucket=Set2,host=8a64927ac8a9,topic=/Set2 C3=1663,C4=1481,W1=956,R1n=391,ts="2026-04-24T10:54:21Z" 1777024431722725939
sensors,bucket=Set1,host=8a64927ac8a9,topic=/Set1 C1=1374,C2=1466,T1=19.3,R3=926,ts="2026-04-24T10:54:34Z" 1777024445390755757
sensors,bucket=Set2,host=8a64927ac8a9,topic=/Set2 C3=1750,C4=1576,W1=983,R1n=380,ts="2026-04-24T10:54:36Z" 1777024446525501757
sensors,bucket=Set1,host=8a64927ac8a9,topic=/Set1 C1=1374,C2=1467,T1=19.3,R3=893,ts="2026-04-24T10:54:49Z" 1777024460173401636
sensors,bucket=Set2,host=8a64927ac8a9,topic=/Set2 C3=1756,C4=1564,W1=969,R1n=294,ts="2026-04-24T10:54:50Z" 1777024461326737364
sensors,bucket=Set1,host=8a64927ac8a9,topic=/Set1 C1=1374,C2=1467,T1=19.3,R3=877,ts="2026-04-24T10:55:04Z" 1777024474962387356
sensors,bucket=Set2,host=8a64927ac8a9,topic=/Set2 C3=1756,C4=1497,W1=924,R1n=265,ts="2026-04-24T10:55:05Z" 1777024476123814846
sensors,bucket=Set2,host=8a64927ac8a9,topic=/Set2 C3=1691,C4=1482,W1=894,R1n=255,ts="2026-04-24T10:55:20Z" 1777024490922611436
sensors,bucket=Set1,host=8a64927ac8a9,topic=/Set1 C1=1375,C2=1468,T1=19.3,R3=925,ts="2026-04-24T10:55:19Z" 1777024491374279981
sensors,bucket=Set1,host=8a64927ac8a9,topic=/Set1 C1=1373,C2=1466,T1=19.3,R3=842,ts="2026-04-24T10:55:34Z" 1777024504554582393
sensors,bucket=Set2,host=8a64927ac8a9,topic=/Set2 C3=1659,C4=1471,W1=967,R1n=367,ts="2026-04-24T10:55:35Z" 1777024505723239909
sensors,bucket=Set1,host=8a64927ac8a9,topic=/Set1 C1=1374,C2=1467,T1=19.3,R3=894,ts="2026-04-24T10:55:48Z" 1777024519368833919
sensors,bucket=Set2,host=8a64927ac8a9,topic=/Set2 C3=1676,C4=1519,W1=971,R1n=377,ts="2026-04-24T10:55:50Z" 1777024520524282191
sensors,bucket=Set1,host=8a64927ac8a9,topic=/Set1 C1=1374,C2=1467,T1=19.3,R3=926,ts="2026-04-24T10:56:03Z" 1777024534174174803
sensors,bucket=Set2,host=8a64927ac8a9,topic=/Set2 C3=1679,C4=1535,W1=984,R1n=363,ts="2026-04-24T10:56:04Z" 1777024535323632283
sensors,bucket=Set1,host=8a64927ac8a9,topic=/Set1 C1=1374,C2=1468,T1=19.3,R3=887,ts="2026-04-24T10:56:18Z" 1777024548982761514
sensors,bucket=Set2,host=8a64927ac8a9,topic=/Set2 C3=1674,C4=1534,W1=999,R1n=392,ts="2026-04-24T10:56:19Z" 1777024550133434825
sensors,bucket=Set1,host=8a64927ac8a9,topic=/Set1 C1=1374,C2=1467,T1=19.3,R3=921,ts="2026-04-24T10:56:33Z" 1777024563758101869
sensors,bucket=Set2,host=8a64927ac8a9,topic=/Set2 C3=1740,C4=1565,W1=988,R1n=381,ts="2026-04-24T10:56:34Z" 1777024564922271693
sensors,bucket=Set1,host=8a64927ac8a9,topic=/Set1 C1=1383,C2=1468,T1=19.3,R3=924,ts="2026-04-24T10:56:48Z" 1777024578555595056
sensors,bucket=Set2,host=8a64927ac8a9,topic=/Set2 C3=1768,C4=1565,W1=987,R1n=297,ts="2026-04-24T10:56:49Z" 1777024579720884912
sensors,bucket=Set1,host=8a64927ac8a9,topic=/Set1 C1=1375,C2=1467,T1=19.3,R3=903,ts="2026-04-24T10:57:02Z" 1777024593360711217
sensors,bucket=Set2,host=8a64927ac8a9,topic=/Set2 C3=1755,C4=1529,W1=919,R1n=284,ts="2026-04-24T10:57:04Z" 1777024594523909686
sensors,bucket=Set1,host=8a64927ac8a9,topic=/Set1 C1=1375,C2=1468,T1=19.3,R3=924,ts="2026-04-24T10:57:17Z" 1777024608186990946
sensors,bucket=Set2,host=8a64927ac8a9,topic=/Set2 C3=1692,C4=1470,W1=895,R1n=311,ts="2026-04-24T10:57:18Z" 1777024609320339285
sensors,bucket=Set1,host=8a64927ac8a9,topic=/Set1 C1=1375,C2=1467,T1=19.3,R3=927,ts="2026-04-24T10:57:32Z" 1777024622959346250
sensors,bucket=Set2,host=8a64927ac8a9,topic=/Set2 C3=1675,C4=1527,W1=986,R1n=376,ts="2026-04-24T10:57:33Z" 1777024624121322410
sensors,bucket=Set1,host=8a64927ac8a9,topic=/Set1 C1=1375,C2=1467,T1=19.3,R3=904,ts="2026-04-24T10:57:47Z" 1777024637796350987
sensors,bucket=Set2,host=8a64927ac8a9,topic=/Set2 C3=1675,C4=1548,W1=989,R1n=376,ts="2026-04-24T10:57:48Z" 1777024638919320003
sensors,bucket=Set1,host=8a64927ac8a9,topic=/Set1 C1=1375,C2=1467,T1=19.3,R3=888,ts="2026-04-24T10:58:02Z" 1777024652557420069
sensors,bucket=Set2,host=8a64927ac8a9,topic=/Set2 C3=1737,C4=1578,W1=987,R1n=391,ts="2026-04-24T10:58:03Z" 1777024653722242671
sensors,bucket=Set1,host=8a64927ac8a9,topic=/Set1 C1=1374,C2=1468,T1=19.3,R3=940,ts="2026-04-24T10:58:16Z" 1777024667371963730
sensors,bucket=Set2,host=8a64927ac8a9,topic=/Set2 C3=1756,C4=1562,W1=970,R1n=296,ts="2026-04-24T10:58:18Z" 1777024668520574668
sensors,bucket=Set1,host=8a64927ac8a9,topic=/Set1 C1=1376,C2=1468,T1=19.3,R3=952,ts="2026-04-24T10:58:31Z" 1777024682176202093
sensors,bucket=Set2,host=8a64927ac8a9,topic=/Set2 C3=1752,C4=1532,W1=941,R1n=281,ts="2026-04-24T10:58:32Z" 1777024683320617223
sensors,bucket=Set1,host=8a64927ac8a9,topic=/Set1 C1=1375,C2=1469,T1=19.3,R3=894,ts="2026-04-24T10:58:46Z" 1777024696959259395
sensors,bucket=Set2,host=8a64927ac8a9,topic=/Set2 C3=1721,C4=1483,W1=926,R1n=256,ts="2026-04-24T10:58:47Z" 1777024698118424702
sensors,bucket=Set1,host=8a64927ac8a9,topic=/Set1 C1=1375,C2=1469,T1=19.3,R3=903,ts="2026-04-24T10:59:01Z" 1777024711754361284
sensors,bucket=Set2,host=8a64927ac8a9,topic=/Set2 C3=1672,C4=1486,W1=906,R1n=280,ts="2026-04-24T10:59:02Z" 1777024712920147718
sensors,bucket=Set1,host=8a64927ac8a9,topic=/Set1 C1=1374,C2=1467,T1=19.3,R3=924,ts="2026-04-24T10:59:16Z" 1777024726589474155
sensors,bucket=Set2,host=8a64927ac8a9,topic=/Set2 C3=1662,C4=1455,W1=906,R1n=352,ts="2026-04-24T10:59:17Z" 1777024727717882085
sensors,bucket=Set1,host=8a64927ac8a9,topic=/Set1 C1=1375,C2=1468,T1=19.3,R3=911,ts="2026-04-24T10:59:30Z" 1777024741355442614
sensors,bucket=Set2,host=8a64927ac8a9,topic=/Set2 C3=1664,C4=1548,W1=987,R1n=378,ts="2026-04-24T10:59:32Z" 1777024742519730651
sensors,bucket=Set1,host=8a64927ac8a9,topic=/Set1 C1=1374,C2=1468,T1=19.3,R3=872,ts="2026-04-24T10:59:45Z" 1777024756169120747
sensors,bucket=Set2,host=8a64927ac8a9,topic=/Set2 C3=1755,C4=1580,W1=974,R1n=285,ts="2026-04-24T10:59:46Z" 1777024757317952037
sensors,bucket=Set1,host=8a64927ac8a9,topic=/Set1 C1=1375,C2=1468,T1=19.3,R3=921,ts="2026-04-24T11:00:00Z" 1777024770966129283
sensors,bucket=Set2,host=8a64927ac8a9,topic=/Set2 C3=1689,C4=1487,W1=920,R1n=253,ts="2026-04-24T11:00:01Z" 1777024772120351765
sensors,bucket=Set1,host=8a64927ac8a9,topic=/Set1 C1=1383,C2=1468,T1=19.3,R3=942,ts="2026-04-24T11:00:15Z" 1777024785745688046
sensors,bucket=Set2,host=8a64927ac8a9,topic=/Set2 C3=1703,C4=1531,W1=986,R1n=374,ts="2026-04-24T11:00:16Z" 1777024786920916822
sensors,bucket=Set1,host=8a64927ac8a9,topic=/Set1 C1=1375,C2=1469,T1=19.3,R3=937,ts="2026-04-24T11:00:30Z" 1777024800556585087
sensors,bucket=Set2,host=8a64927ac8a9,topic=/Set2 C3=1753,C4=1561,W1=940,R1n=301,ts="2026-04-24T11:00:31Z" 1777024801718615738
sensors,bucket=Set1,host=8a64927ac8a9,topic=/Set1 C1=1376,C2=1468,T1=19.3,R3=920,ts="2026-04-24T11:00:44Z" 1777024815401726291
sensors,bucket=Set2,host=8a64927ac8a9,topic=/Set2 C3=1673,C4=1451,W1=894,R1n=350,ts="2026-04-24T11:00:46Z" 1777024816524742314
sensors,bucket=Set2,host=8a64927ac8a9,topic=/Set2 C3=1756,C4=1580,W1=987,R1n=379,ts="2026-04-24T11:01:00Z" 1777024831322730666
sensors,bucket=Set1,host=8a64927ac8a9,topic=/Set1 C1=1383,C2=1470,T1=19.3,R3=890,ts="2026-04-24T11:00:59Z" 1777024832848713898
sensors,bucket=Set1,host=8a64927ac8a9,topic=/Set1 C1=1385,C2=1469,T1=19.3,R3=858,ts="2026-04-24T11:01:14Z" 1777024844952741133
sensors,bucket=Set2,host=8a64927ac8a9,topic=/Set2 C3=1706,C4=1472,W1=894,R1n=282,ts="2026-04-24T11:01:15Z" 1777024846150750574
sensors,bucket=Set2,host=8a64927ac8a9,topic=/Set2 C3=1740,C4=1567,W1=984,R1n=395,ts="2026-04-24T11:01:30Z" 1777024860928485735
sensors,bucket=Set1,host=8a64927ac8a9,topic=/Set1 C1=1383,C2=1468,T1=19.3,R3=879,ts="2026-04-24T11:01:29Z" 1777024861350461882
sensors,bucket=Set1,host=8a64927ac8a9,topic=/Set1 C1=1376,C2=1468,T1=19.3,R3=893,ts="2026-04-24T11:01:44Z" 1777024874575391144
sensors,bucket=Set2,host=8a64927ac8a9,topic=/Set2 C3=1727,C4=1487,W1=907,R1n=264,ts="2026-04-24T11:01:45Z" 1777024875718684489
sensors,bucket=Set1,host=8a64927ac8a9,topic=/Set1 C1=1382,C2=1469,T1=19.3,R3=924,ts="2026-04-24T11:01:58Z" 1777024889385761733
sensors,bucket=Set2,host=8a64927ac8a9,topic=/Set2 C3=1721,C4=1561,W1=989,R1n=382,ts="2026-04-24T11:02:00Z" 1777024890518045227
sensors,bucket=Set1,host=8a64927ac8a9,topic=/Set1 C1=1383,C2=1468,T1=19.3,R3=894,ts="2026-04-24T11:02:13Z" 1777024904179955989
sensors,bucket=Set2,host=8a64927ac8a9,topic=/Set2 C3=1743,C4=1515,W1=936,R1n=270,ts="2026-04-24T11:02:14Z" 1777024905318424617
sensors,bucket=Set1,host=8a64927ac8a9,topic=/Set1 C1=1384,C2=1469,T1=19.3,R3=891,ts="2026-04-24T11:02:28Z" 1777024918988036732
sensors,bucket=Set2,host=8a64927ac8a9,topic=/Set2 C3=1724,C4=1552,W1=999,R1n=379,ts="2026-04-24T11:02:29Z" 1777024920116128968
sensors,bucket=Set2,host=8a64927ac8a9,topic=/Set2 C3=1721,C4=1495,W1=910,R1n=285,ts="2026-04-24T11:02:44Z" 1777024934921045573
sensors,bucket=Set1,host=8a64927ac8a9,topic=/Set1 C1=1383,C2=1468,T1=19.3,R3=894,ts="2026-04-24T11:02:43Z" 1777024935371551371
sensors,bucket=Set2,host=8a64927ac8a9,topic=/Set2 C3=1735,C4=1578,W1=987,R1n=395,ts="2026-04-24T11:02:59Z" 1777024949715288536
sensors,bucket=Set1,host=8a64927ac8a9,topic=/Set1 C1=1384,C2=1469,T1=19.3,R3=904,ts="2026-04-24T11:03:12Z" 1777024963365561873
sensors,bucket=Set2,host=8a64927ac8a9,topic=/Set2 C3=1676,C4=1485,W1=907,R1n=278,ts="2026-04-24T11:03:14Z" 1777024964518501171
sensors,bucket=Set1,host=8a64927ac8a9,topic=/Set1 C1=1384,C2=1469,T1=19.3,R3=927,ts="2026-04-24T11:03:27Z" 1777024978185679217
sensors,bucket=Set2,host=8a64927ac8a9,topic=/Set2 C3=1753,C4=1575,W1=991,R1n=299,ts="2026-04-24T11:03:28Z" 1777024979315211075
sensors,bucket=Set1,host=8a64927ac8a9,topic=/Set1 C1=1384,C2=1470,T1=19.3,R3=893,ts="2026-04-24T11:03:42Z" 1777024992969160503
sensors,bucket=Set2,host=8a64927ac8a9,topic=/Set2 C3=1662,C4=1504,W1=984,R1n=394,ts="2026-04-24T11:03:43Z" 1777024994118563561
sensors,bucket=Set1,host=8a64927ac8a9,topic=/Set1 C1=1384,C2=1469,T1=19.3,R3=904,ts="2026-04-24T11:03:57Z" 1777025008344441780
sensors,bucket=Set2,host=8a64927ac8a9,topic=/Set2 C3=1742,C4=1471,W1=924,R1n=254,ts="2026-04-24T11:03:58Z" 1777025008915196127
sensors,bucket=Set2,host=8a64927ac8a9,topic=/Set2 C3=1754,C4=1564,W1=988,R1n=367,ts="2026-04-24T11:04:13Z" 1777025023715573212
sensors,bucket=Set1,host=8a64927ac8a9,topic=/Set1 C1=1383,C2=1469,T1=19.3,R3=920,ts="2026-04-24T11:04:12Z" 1777025028346903673
sensors,bucket=Set1,host=8a64927ac8a9,topic=/Set1 C1=1383,C2=1469,T1=19.3,R3=892,ts="2026-04-24T11:04:26Z" 1777025037339438375
sensors,bucket=Set2,host=8a64927ac8a9,topic=/Set2 C3=1661,C4=1463,W1=924,R1n=345,ts="2026-04-24T11:04:28Z" 1777025038515990341
sensors,bucket=Set2,host=8a64927ac8a9,topic=/Set2 C3=1758,C4=1534,W1=927,R1n=284,ts="2026-04-24T11:04:42Z" 1777025053315574355
sensors,bucket=Set1,host=8a64927ac8a9,topic=/Set1 C1=1383,C2=1469,T1=19.3,R3=936,ts="2026-04-24T11:04:41Z" 1777025054357346139
sensors,bucket=Set1,host=8a64927ac8a9,topic=/Set1 C1=1384,C2=1469,T1=19.3,R3=893,ts="2026-04-24T11:04:56Z" 1777025066946444488
sensors,bucket=Set2,host=8a64927ac8a9,topic=/Set2 C3=1736,C4=1577,W1=990,R1n=382,ts="2026-04-24T11:04:57Z" 1777025068112769165
sensors,bucket=Set1,host=8a64927ac8a9,topic=/Set1 C1=1383,C2=1469,T1=19.3,R3=942,ts="2026-04-24T11:05:11Z" 1777025081811261208
sensors,bucket=Set2,host=8a64927ac8a9,topic=/Set2 C3=1675,C4=1453,W1=908,R1n=365,ts="2026-04-24T11:05:12Z" 1777025082915117577
sensors,bucket=Set1,host=8a64927ac8a9,topic=/Set1 C1=1384,C2=1470,T1=19.3,R3=943,ts="2026-04-24T11:05:26Z" 1777025096568081754
sensors,bucket=Set2,host=8a64927ac8a9,topic=/Set2 C3=1758,C4=1529,W1=911,R1n=286,ts="2026-04-24T11:05:27Z" 1777025097713449352
sensors,bucket=Set1,host=8a64927ac8a9,topic=/Set1 C1=1383,C2=1469,T1=19.3,R3=909,ts="2026-04-24T11:05:40Z" 1777025111341338015
sensors,bucket=Set2,host=8a64927ac8a9,topic=/Set2 C3=1736,C4=1577,W1=986,R1n=382,ts="2026-04-24T11:05:42Z" 1777025112515628108
sensors,bucket=Set1,host=8a64927ac8a9,topic=/Set1 C1=1383,C2=1469,T1=19.3,R3=903,ts="2026-04-24T11:05:55Z" 1777025126162798964
sensors,bucket=Set2,host=8a64927ac8a9,topic=/Set2 C3=1677,C4=1453,W1=909,R1n=346,ts="2026-04-24T11:05:56Z" 1777025127311601843
sensors,bucket=Set1,host=8a64927ac8a9,topic=/Set1 C1=1384,C2=1470,T1=19.3,R3=910,ts="2026-04-24T11:06:10Z" 1777025140952378757
sensors,bucket=Set2,host=8a64927ac8a9,topic=/Set2 C3=1758,C4=1550,W1=941,R1n=295,ts="2026-04-24T11:06:11Z" 1777025142120194907
sensors,bucket=Set2,host=8a64927ac8a9,topic=/Set2 C3=1755,C4=1579,W1=992,R1n=383,ts="2026-04-24T11:06:26Z" 1777025156913557597
sensors,bucket=Set1,host=8a64927ac8a9,topic=/Set1 C1=1383,C2=1469,T1=19.3,R3=954,ts="2026-04-24T11:06:25Z" 1777025160369046460
sensors,bucket=Set1,host=8a64927ac8a9,topic=/Set1 C1=1384,C2=1471,T1=19.3,R3=922,ts="2026-04-24T11:06:40Z" 1777025170547770862
sensors,bucket=Set2,host=8a64927ac8a9,topic=/Set2 C3=1657,C4=1463,W1=952,R1n=396,ts="2026-04-24T11:06:41Z" 1777025171713190060
sensors,bucket=Set1,host=8a64927ac8a9,topic=/Set1 C1=1384,C2=1469,T1=19.3,R3=906,ts="2026-04-24T11:06:54Z" 1777025185363421728
sensors,bucket=Set2,host=8a64927ac8a9,topic=/Set2 C3=1736,C4=1480,W1=911,R1n=264,ts="2026-04-24T11:06:56Z" 1777025186515100352
sensors,bucket=Set2,host=8a64927ac8a9,topic=/Set2 C3=1754,C4=1580,W1=984,R1n=316,ts="2026-04-24T11:07:10Z" 1777025201312855317
sensors,bucket=Set1,host=8a64927ac8a9,topic=/Set1 C1=1384,C2=1471,T1=19.3,R3=891,ts="2026-04-24T11:07:09Z" 1777025210820154600
sensors,bucket=Set1,host=8a64927ac8a9,topic=/Set1 C1=1384,C2=1470,T1=19.3,R3=926,ts="2026-04-24T11:07:24Z" 1777025214935883705
sensors,bucket=Set2,host=8a64927ac8a9,topic=/Set2 C3=1663,C4=1544,W1=989,R1n=392,ts="2026-04-24T11:07:25Z" 1777025216110644616
sensors,bucket=Set1,host=8a64927ac8a9,topic=/Set1 C1=1383,C2=1469,T1=19.3,R3=904,ts="2026-04-24T11:07:39Z" 1777025229752205276
sensors,bucket=Set2,host=8a64927ac8a9,topic=/Set2 C3=1675,C4=1498,W1=906,R1n=284,ts="2026-04-24T11:07:40Z" 1777025230911373472
sensors,bucket=Set1,host=8a64927ac8a9,topic=/Set1 C1=1384,C2=1471,T1=19.3,R3=879,ts="2026-04-24T11:07:54Z" 1777025245087364677
sensors,bucket=Set2,host=8a64927ac8a9,topic=/Set2 C3=1758,C4=1582,W1=968,R1n=328,ts="2026-04-24T11:07:55Z" 1777025245710116304
sensors,bucket=Set1,host=8a64927ac8a9,topic=/Set1 C1=1385,C2=1470,T1=19.3,R3=910,ts="2026-04-24T11:08:08Z" 1777025259338319294
sensors,bucket=Set2,host=8a64927ac8a9,topic=/Set2 C3=1663,C4=1545,W1=990,R1n=382,ts="2026-04-24T11:08:10Z" 1777025260512477121
sensors,bucket=Set1,host=8a64927ac8a9,topic=/Set1 C1=1384,C2=1471,T1=19.3,R3=892,ts="2026-04-24T11:08:23Z" 1777025274137430739
sensors,bucket=Set2,host=8a64927ac8a9,topic=/Set2 C3=1688,C4=1453,W1=907,R1n=347,ts="2026-04-24T11:08:24Z" 1777025275309987247
sensors,bucket=Set2,host=8a64927ac8a9,topic=/Set2 C3=1737,C4=1501,W1=920,R1n=265,ts="2026-04-24T11:08:39Z" 1777025290113408830
sensors,bucket=Set1,host=8a64927ac8a9,topic=/Set1 C1=1384,C2=1471,T1=19.3,R3=905,ts="2026-04-24T11:08:38Z" 1777025290842420409
sensors,bucket=Set1,host=8a64927ac8a9,topic=/Set1 C1=1385,C2=1478,T1=19.3,R3=919,ts="2026-04-24T11:08:53Z" 1777025303759975233
sensors,bucket=Set2,host=8a64927ac8a9,topic=/Set2 C3=1741,C4=1562,W1=956,R1n=297,ts="2026-04-24T11:08:54Z" 1777025304910706377
sensors,bucket=Set1,host=8a64927ac8a9,topic=/Set1 C1=1384,C2=1471,T1=19.3,R3=934,ts="2026-04-24T11:09:08Z" 1777025318556356920
sensors,bucket=Set2,host=8a64927ac8a9,topic=/Set2 C3=1741,C4=1575,W1=983,R1n=378,ts="2026-04-24T11:09:09Z" 1777025319710405568
sensors,bucket=Set1,host=8a64927ac8a9,topic=/Set1 C1=1384,C2=1471,T1=19.3,R3=906,ts="2026-04-24T11:09:22Z" 1777025333338090946
sensors,bucket=Set2,host=8a64927ac8a9,topic=/Set2 C3=1675,C4=1534,W1=989,R1n=381,ts="2026-04-24T11:09:24Z" 1777025334513436315
sensors,bucket=Set1,host=8a64927ac8a9,topic=/Set1 C1=1384,C2=1471,T1=19.3,R3=923,ts="2026-04-24T11:09:37Z" 1777025348155302031
sensors,bucket=Set2,host=8a64927ac8a9,topic=/Set2 C3=1673,C4=1463,W1=909,R1n=364,ts="2026-04-24T11:09:38Z" 1777025349310342177
sensors,bucket=Set1,host=8a64927ac8a9,topic=/Set1 C1=1386,C2=1471,T1=19.3,R3=903,ts="2026-04-24T11:09:52Z" 1777025362952929806
sensors,bucket=Set2,host=8a64927ac8a9,topic=/Set2 C3=1738,C4=1470,W1=921,R1n=262,ts="2026-04-24T11:09:53Z" 1777025364108238764
sensors,bucket=Set1,host=8a64927ac8a9,topic=/Set1 C1=1384,C2=1472,T1=19.3,R3=894,ts="2026-04-24T11:10:07Z" 1777025377777089864
sensors,bucket=Set2,host=8a64927ac8a9,topic=/Set2 C3=1753,C4=1561,W1=944,R1n=295,ts="2026-04-24T11:10:08Z" 1777025378909009411
sensors,bucket=Set1,host=8a64927ac8a9,topic=/Set1 C1=1376,C2=1471,T1=19.3,R3=847,ts="2026-04-24T11:10:22Z" 1777025392560297679
sensors,bucket=Set2,host=8a64927ac8a9,topic=/Set2 C3=1767,C4=1564,W1=992,R1n=360,ts="2026-04-24T11:10:23Z" 1777025393886177613
sensors,bucket=Set1,host=8a64927ac8a9,topic=/Set1 C1=1385,C2=1471,T1=19.3,R3=895,ts="2026-04-24T11:10:36Z" 1777025407336901197
sensors,bucket=Set2,host=8a64927ac8a9,topic=/Set2 C3=1720,C4=1564,W1=991,R1n=394,ts="2026-04-24T11:10:38Z" 1777025408508732088
sensors,bucket=Set1,host=8a64927ac8a9,topic=/Set1 C1=1384,C2=1471,T1=19.3,R3=905,ts="2026-04-24T11:10:51Z" 1777025422147481612
sensors,bucket=Set2,host=8a64927ac8a9,topic=/Set2 C3=1662,C4=1514,W1=976,R1n=391,ts="2026-04-24T11:10:52Z" 1777025423306914337
sensors,bucket=Set1,host=8a64927ac8a9,topic=/Set1 C1=1385,C2=1471,T1=19.3,R3=888,ts="2026-04-24T11:11:06Z" 1777025436959202301
sensors,bucket=Set2,host=8a64927ac8a9,topic=/Set2 C3=1673,C4=1450,W1=943,R1n=351,ts="2026-04-24T11:11:07Z" 1777025438107535716
sensors,bucket=Set1,host=8a64927ac8a9,topic=/Set1 C1=1384,C2=1472,T1=19.3,R3=936,ts="2026-04-24T11:11:21Z" 1777025451741798438
sensors,bucket=Set2,host=8a64927ac8a9,topic=/Set2 C3=1680,C4=1468,W1=908,R1n=284,ts="2026-04-24T11:11:22Z" 1777025452906897850
sensors,bucket=Set1,host=8a64927ac8a9,topic=/Set1 C1=1386,C2=1479,T1=19.3,R3=905,ts="2026-04-24T11:11:36Z" 1777025466559608006
sensors,bucket=Set2,host=8a64927ac8a9,topic=/Set2 C3=1739,C4=1486,W1=918,R1n=264,ts="2026-04-24T11:11:37Z" 1777025467708472444
sensors,bucket=Set1,host=8a64927ac8a9,topic=/Set1 C1=1384,C2=1472,T1=19.3,R3=892,ts="2026-04-24T11:11:50Z" 1777025481336934841
sensors,bucket=Set2,host=8a64927ac8a9,topic=/Set2 C3=1768,C4=1531,W1=912,R1n=298,ts="2026-04-24T11:11:52Z" 1777025482518045174
sensors,bucket=Set1,host=8a64927ac8a9,topic=/Set1 C1=1385,C2=1471,T1=19.3,R3=919,ts="2026-04-24T11:12:05Z" 1777025496157988453
sensors,bucket=Set2,host=8a64927ac8a9,topic=/Set2 C3=1752,C4=1559,W1=985,R1n=375,ts="2026-04-24T11:12:06Z" 1777025497308109230
sensors,bucket=Set1,host=8a64927ac8a9,topic=/Set1 C1=1385,C2=1470,T1=19.3,R3=904,ts="2026-04-24T11:12:20Z" 1777025510936869666
sensors,bucket=Set2,host=8a64927ac8a9,topic=/Set2 C3=1659,C4=1466,W1=956,R1n=379,ts="2026-04-24T11:12:21Z" 1777025512105575782
sensors,bucket=Set1,host=8a64927ac8a9,topic=/Set1 C1=1385,C2=1478,T1=19.3,R3=926,ts="2026-04-24T11:12:35Z" 1777025525737498735
sensors,bucket=Set2,host=8a64927ac8a9,topic=/Set2 C3=1755,C4=1512,W1=908,R1n=298,ts="2026-04-24T11:12:36Z" 1777025526907545517
sensors,bucket=Set1,host=8a64927ac8a9,topic=/Set1 C1=1384,C2=1478,T1=19.3,R3=919,ts="2026-04-24T11:12:50Z" 1777025540538827140
sensors,bucket=Set2,host=8a64927ac8a9,topic=/Set2 C3=1723,C4=1579,W1=989,R1n=394,ts="2026-04-24T11:12:51Z" 1777025541704332062
sensors,bucket=Set1,host=8a64927ac8a9,topic=/Set1 C1=1385,C2=1472,T1=19.3,R3=878,ts="2026-04-24T11:13:04Z" 1777025555334905008
sensors,bucket=Set2,host=8a64927ac8a9,topic=/Set2 C3=1704,C4=1486,W1=896,R1n=281,ts="2026-04-24T11:13:06Z" 1777025556534812092
sensors,bucket=Set1,host=8a64927ac8a9,topic=/Set1 C1=1385,C2=1478,T1=19.3,R3=922,ts="2026-04-24T11:13:19Z" 1777025570153887705
sensors,bucket=Set2,host=8a64927ac8a9,topic=/Set2 C3=1744,C4=1564,W1=991,R1n=391,ts="2026-04-24T11:13:20Z" 1777025571305975709
sensors,bucket=Set1,host=8a64927ac8a9,topic=/Set1 C1=1386,C2=1478,T1=19.3,R3=879,ts="2026-04-24T11:13:34Z" 1777025584960225450
sensors,bucket=Set2,host=8a64927ac8a9,topic=/Set2 C3=1655,C4=1480,W1=971,R1n=382,ts="2026-04-24T11:13:35Z" 1777025586108904411
sensors,bucket=Set1,host=8a64927ac8a9,topic=/Set1 C1=1385,C2=1472,T1=19.3,R3=940,ts="2026-04-24T11:13:49Z" 1777025599742637576
sensors,bucket=Set2,host=8a64927ac8a9,topic=/Set2 C3=1737,C4=1472,W1=922,R1n=264,ts="2026-04-24T11:13:50Z" 1777025600904933202
sensors,bucket=Set1,host=8a64927ac8a9,topic=/Set1 C1=1385,C2=1471,T1=19.3,R3=895,ts="2026-04-24T11:14:04Z" 1777025614540815924
sensors,bucket=Set2,host=8a64927ac8a9,topic=/Set2 C3=1752,C4=1577,W1=959,R1n=299,ts="2026-04-24T11:14:05Z" 1777025615703821180
sensors,bucket=Set1,host=8a64927ac8a9,topic=/Set1 C1=1385,C2=1478,T1=19.3,R3=907,ts="2026-04-24T11:14:18Z" 1777025629338724451
sensors,bucket=Set2,host=8a64927ac8a9,topic=/Set2 C3=1705,C4=1551,W1=1001,R1n=380,ts="2026-04-24T11:14:20Z" 1777025630504995401
sensors,bucket=Set1,host=8a64927ac8a9,topic=/Set1 C1=1386,C2=1479,T1=19.3,R3=935,ts="2026-04-24T11:14:33Z" 1777025644158825368
sensors,bucket=Set2,host=8a64927ac8a9,topic=/Set2 C3=1691,C4=1478,W1=896,R1n=281,ts="2026-04-24T11:14:34Z" 1777025645307758469
sensors,bucket=Set1,host=8a64927ac8a9,topic=/Set1 C1=1385,C2=1479,T1=19.3,R3=926,ts="2026-04-24T11:14:48Z" 1777025658944507302
sensors,bucket=Set2,host=8a64927ac8a9,topic=/Set2 C3=1752,C4=1565,W1=1000,R1n=376,ts="2026-04-24T11:14:49Z" 1777025660105843438
sensors,bucket=Set1,host=8a64927ac8a9,topic=/Set1 C1=1386,C2=1479,T1=19.3,R3=923,ts="2026-04-24T11:15:03Z" 1777025673755219020
sensors,bucket=Set2,host=8a64927ac8a9,topic=/Set2 C3=1678,C4=1465,W1=909,R1n=335,ts="2026-04-24T11:15:04Z" 1777025674902294859
sensors,bucket=Set1,host=8a64927ac8a9,topic=/Set1 C1=1386,C2=1471,T1=19.3,R3=923,ts="2026-04-24T11:15:18Z" 1777025688527461059
sensors,bucket=Set2,host=8a64927ac8a9,topic=/Set2 C3=1759,C4=1559,W1=922,R1n=313,ts="2026-04-24T11:15:19Z" 1777025689703839764
sensors,bucket=Set1,host=8a64927ac8a9,topic=/Set1 C1=1385,C2=1472,T1=19.3,R3=939,ts="2026-04-24T11:15:32Z" 1777025703358734926
sensors,bucket=Set2,host=8a64927ac8a9,topic=/Set2 C3=1725,C4=1575,W1=990,R1n=383,ts="2026-04-24T11:15:34Z" 1777025704504297665
sensors,bucket=Set1,host=8a64927ac8a9,topic=/Set1 C1=1385,C2=1479,T1=19.3,R3=925,ts="2026-04-24T11:15:47Z" 1777025718138046410
sensors,bucket=Set2,host=8a64927ac8a9,topic=/Set2 C3=1673,C4=1453,W1=908,R1n=345,ts="2026-04-24T11:15:48Z" 1777025719301251985
sensors,bucket=Set1,host=8a64927ac8a9,topic=/Set1 C1=1386,C2=1479,T1=19.3,R3=926,ts="2026-04-24T11:16:02Z" 1777025733025456149
sensors,bucket=Set2,host=8a64927ac8a9,topic=/Set2 C3=1756,C4=1530,W1=912,R1n=282,ts="2026-04-24T11:16:03Z" 1777025734106673201
sensors,bucket=Set1,host=8a64927ac8a9,topic=/Set1 C1=1386,C2=1480,T1=19.3,R3=906,ts="2026-04-24T11:16:17Z" 1777025747738301954
sensors,bucket=Set2,host=8a64927ac8a9,topic=/Set2 C3=1756,C4=1564,W1=991,R1n=384,ts="2026-04-24T11:16:18Z" 1777025748909108882
sensors,bucket=Set1,host=8a64927ac8a9,topic=/Set1 C1=1386,C2=1480,T1=19.3,R3=887,ts="2026-04-24T11:16:32Z" 1777025762545535101
sensors,bucket=Set2,host=8a64927ac8a9,topic=/Set2 C3=1678,C4=1451,W1=910,R1n=320,ts="2026-04-24T11:16:33Z" 1777025763701771396
sensors,bucket=Set1,host=8a64927ac8a9,topic=/Set1 C1=1386,C2=1479,T1=19.3,R3=910,ts="2026-04-24T11:16:46Z" 1777025777341595609
sensors,bucket=Set2,host=8a64927ac8a9,topic=/Set2 C3=1752,C4=1575,W1=989,R1n=311,ts="2026-04-24T11:16:48Z" 1777025778501759222
sensors,bucket=Set1,host=8a64927ac8a9,topic=/Set1 C1=1387,C2=1479,T1=19.3,R3=938,ts="2026-04-24T11:17:01Z" 1777025792141852872
sensors,bucket=Set2,host=8a64927ac8a9,topic=/Set2 C3=1659,C4=1482,W1=918,R1n=378,ts="2026-04-24T11:17:02Z" 1777025793301613105
sensors,bucket=Set1,host=8a64927ac8a9,topic=/Set1 C1=1386,C2=1478,T1=19.3,R3=904,ts="2026-04-24T11:17:16Z" 1777025806935926498
sensors,bucket=Set2,host=8a64927ac8a9,topic=/Set2 C3=1755,C4=1568,W1=958,R1n=298,ts="2026-04-24T11:17:17Z" 1777025808101858289
sensors,bucket=Set1,host=8a64927ac8a9,topic=/Set1 C1=1385,C2=1480,T1=19.3,R3=924,ts="2026-04-24T11:17:31Z" 1777025821733269498
sensors,bucket=Set2,host=8a64927ac8a9,topic=/Set2 C3=1658,C4=1528,W1=992,R1n=394,ts="2026-04-24T11:17:32Z" 1777025822901675252
sensors,bucket=Set1,host=8a64927ac8a9,topic=/Set1 C1=1387,C2=1480,T1=19.3,R3=894,ts="2026-04-24T11:17:46Z" 1777025836540084340
sensors,bucket=Set2,host=8a64927ac8a9,topic=/Set2 C3=1678,C4=1470,W1=907,R1n=268,ts="2026-04-24T11:17:47Z" 1777025837700407322
sensors,bucket=Set1,host=8a64927ac8a9,topic=/Set1 C1=1385,C2=1479,T1=19.3,R3=940,ts="2026-04-24T11:18:00Z" 1777025851340941374
sensors,bucket=Set2,host=8a64927ac8a9,topic=/Set2 C3=1756,C4=1550,W1=924,R1n=316,ts="2026-04-24T11:18:02Z" 1777025852536304577
sensors,bucket=Set1,host=8a64927ac8a9,topic=/Set1 C1=1386,C2=1478,T1=19.3,R3=925,ts="2026-04-24T11:18:15Z" 1777025866167014787
sensors,bucket=Set2,host=8a64927ac8a9,topic=/Set2 C3=1723,C4=1566,W1=988,R1n=380,ts="2026-04-24T11:18:16Z" 1777025867300947486
sensors,bucket=Set1,host=8a64927ac8a9,topic=/Set1 C1=1384,C2=1479,T1=19.3,R3=890,ts="2026-04-24T11:18:30Z" 1777025880938853315
sensors,bucket=Set2,host=8a64927ac8a9,topic=/Set2 C3=1688,C4=1469,W1=908,R1n=342,ts="2026-04-24T11:18:31Z" 1777025882140813654
sensors,bucket=Set1,host=8a64927ac8a9,topic=/Set1 C1=1384,C2=1480,T1=19.3,R3=953,ts="2026-04-24T11:18:45Z" 1777025895757200001
sensors,bucket=Set2,host=8a64927ac8a9,topic=/Set2 C3=1759,C4=1592,W1=987,R1n=310,ts="2026-04-24T11:18:46Z" 1777025896901645363
sensors,bucket=Set1,host=8a64927ac8a9,topic=/Set1 C1=1386,C2=1479,T1=19.3,R3=918,ts="2026-04-24T11:19:00Z" 1777025910544083379
sensors,bucket=Set2,host=8a64927ac8a9,topic=/Set2 C3=1657,C4=1469,W1=953,R1n=378,ts="2026-04-24T11:19:01Z" 1777025911703903561
sensors,bucket=Set1,host=8a64927ac8a9,topic=/Set1 C1=1385,C2=1472,T1=19.3,R3=894,ts="2026-04-24T11:19:14Z" 1777025925341059933
sensors,bucket=Set2,host=8a64927ac8a9,topic=/Set2 C3=1755,C4=1577,W1=986,R1n=314,ts="2026-04-24T11:19:16Z" 1777025926503280004
sensors,bucket=Set1,host=8a64927ac8a9,topic=/Set1 C1=1386,C2=1477,T1=19.3,R3=911,ts="2026-04-24T11:19:29Z" 1777025940141082379
sensors,bucket=Set2,host=8a64927ac8a9,topic=/Set2 C3=1678,C4=1468,W1=905,R1n=347,ts="2026-04-24T11:19:30Z" 1777025941304718400
sensors,bucket=Set1,host=8a64927ac8a9,topic=/Set1 C1=1386,C2=1480,T1=19.3,R3=953,ts="2026-04-24T11:19:44Z" 1777025955443971158
sensors,bucket=Set2,host=8a64927ac8a9,topic=/Set2 C3=1742,C4=1568,W1=991,R1n=381,ts="2026-04-24T11:19:45Z" 1777025956116804974
sensors,bucket=Set2,host=8a64927ac8a9,topic=/Set2 C3=1737,C4=1496,W1=922,R1n=264,ts="2026-04-24T11:20:00Z" 1777025970901359425
sensors,bucket=Set1,host=8a64927ac8a9,topic=/Set1 C1=1386,C2=1479,T1=19.3,R3=938,ts="2026-04-24T11:19:59Z" 1777025971810693056
sensors,bucket=Set1,host=8a64927ac8a9,topic=/Set1 C1=1385,C2=1478,T1=19.3,R3=889,ts="2026-04-24T11:20:14Z" 1777025984532111959
sensors,bucket=Set2,host=8a64927ac8a9,topic=/Set2 C3=1657,C4=1515,W1=989,R1n=382,ts="2026-04-24T11:20:15Z" 1777025985705887985
sensors,bucket=Set1,host=8a64927ac8a9,topic=/Set1 C1=1385,C2=1479,T1=19.3,R3=907,ts="2026-04-24T11:20:28Z" 1777025999344104533
sensors,bucket=Set2,host=8a64927ac8a9,topic=/Set2 C3=1740,C4=1564,W1=952,R1n=300,ts="2026-04-24T11:20:30Z" 1777026000507714342
sensors,bucket=Set1,host=8a64927ac8a9,topic=/Set1 C1=1385,C2=1477,T1=19.3,R3=905,ts="2026-04-24T11:20:43Z" 1777026014139606788
sensors,bucket=Set2,host=8a64927ac8a9,topic=/Set2 C3=1657,C4=1465,W1=969,R1n=376,ts="2026-04-24T11:20:44Z" 1777026015299609786
sensors,bucket=Set1,host=8a64927ac8a9,topic=/Set1 C1=1386,C2=1479,T1=19.3,R3=896,ts="2026-04-24T11:20:58Z" 1777026028939434040
sensors,bucket=Set2,host=8a64927ac8a9,topic=/Set2 C3=1758,C4=1534,W1=922,R1n=302,ts="2026-04-24T11:20:59Z" 1777026030098233215
sensors,bucket=Set1,host=8a64927ac8a9,topic=/Set1 C1=1385,C2=1472,T1=19.3,R3=951,ts="2026-04-24T11:21:13Z" 1777026043743980609
sensors,bucket=Set2,host=8a64927ac8a9,topic=/Set2 C3=1706,C4=1563,W1=989,R1n=381,ts="2026-04-24T11:21:14Z" 1777026044899940707
sensors,bucket=Set1,host=8a64927ac8a9,topic=/Set1 C1=1386,C2=1480,T1=19.3,R3=941,ts="2026-04-24T11:21:28Z" 1777026058528172388
sensors,bucket=Set2,host=8a64927ac8a9,topic=/Set2 C3=1690,C4=1472,W1=905,R1n=284,ts="2026-04-24T11:21:29Z" 1777026059695938799
sensors,bucket=Set2,host=8a64927ac8a9,topic=/Set2 C3=1737,C4=1575,W1=992,R1n=398,ts="2026-04-24T11:21:44Z" 1777026074504808830
sensors,bucket=Set1,host=8a64927ac8a9,topic=/Set1 C1=1386,C2=1479,T1=19.3,R3=907,ts="2026-04-24T11:21:42Z" 1777026075358943705
sensors,bucket=Set1,host=8a64927ac8a9,topic=/Set1 C1=1386,C2=1480,T1=19.3,R3=889,ts="2026-04-24T11:21:57Z" 1777026088129855217
sensors,bucket=Set2,host=8a64927ac8a9,topic=/Set2 C3=1707,C4=1479,W1=920,R1n=253,ts="2026-04-24T11:21:58Z" 1777026089297846168
sensors,bucket=Set1,host=8a64927ac8a9,topic=/Set1 C1=1386,C2=1480,T1=19.3,R3=905,ts="2026-04-24T11:22:12Z" 1777026102937194462
sensors,bucket=Set2,host=8a64927ac8a9,topic=/Set2 C3=1659,C4=1533,W1=985,R1n=392,ts="2026-04-24T11:22:13Z" 1777026104098852010
sensors,bucket=Set1,host=8a64927ac8a9,topic=/Set1 C1=1386,C2=1479,T1=19.3,R3=888,ts="2026-04-24T11:22:27Z" 1777026117777541253
sensors,bucket=Set2,host=8a64927ac8a9,topic=/Set2 C3=1752,C4=1564,W1=956,R1n=285,ts="2026-04-24T11:22:28Z" 1777026118896242638
sensors,bucket=Set1,host=8a64927ac8a9,topic=/Set1 C1=1386,C2=1479,T1=19.3,R3=924,ts="2026-04-24T11:22:42Z" 1777026132538968614
sensors,bucket=Set2,host=8a64927ac8a9,topic=/Set2 C3=1658,C4=1455,W1=941,R1n=381,ts="2026-04-24T11:22:43Z" 1777026133741994271
sensors,bucket=Set1,host=8a64927ac8a9,topic=/Set1 C1=1386,C2=1480,T1=19.3,R3=859,ts="2026-04-24T11:22:56Z" 1777026147861545645
sensors,bucket=Set2,host=8a64927ac8a9,topic=/Set2 C3=1755,C4=1561,W1=953,R1n=300,ts="2026-04-24T11:22:58Z" 1777026148495973464
sensors,bucket=Set1,host=8a64927ac8a9,topic=/Set1 C1=1388,C2=1481,T1=19.3,R3=858,ts="2026-04-24T11:23:11Z" 1777026162139039774
sensors,bucket=Set2,host=8a64927ac8a9,topic=/Set2 C3=1679,C4=1547,W1=1000,R1n=395,ts="2026-04-24T11:23:12Z" 1777026163296054100
sensors,bucket=Set1,host=8a64927ac8a9,topic=/Set1 C1=1385,C2=1478,T1=19.3,R3=938,ts="2026-04-24T11:23:26Z" 1777026176966995745
sensors,bucket=Set2,host=8a64927ac8a9,topic=/Set2 C3=1737,C4=1481,W1=941,R1n=267,ts="2026-04-24T11:23:27Z" 1777026178094627691
sensors,bucket=Set1,host=8a64927ac8a9,topic=/Set1 C1=1386,C2=1480,T1=19.3,R3=926,ts="2026-04-24T11:23:41Z" 1777026191729837125
sensors,bucket=Set2,host=8a64927ac8a9,topic=/Set2 C3=1724,C4=1566,W1=985,R1n=395,ts="2026-04-24T11:23:42Z" 1777026192896688848
sensors,bucket=Set2,host=8a64927ac8a9,topic=/Set2 C3=1721,C4=1512,W1=923,R1n=283,ts="2026-04-24T11:23:57Z" 1777026207694695447
sensors,bucket=Set1,host=8a64927ac8a9,topic=/Set1 C1=1387,C2=1480,T1=19.3,R3=927,ts="2026-04-24T11:23:56Z" 1777026208379501974
sensors,bucket=Set1,host=8a64927ac8a9,topic=/Set1 C1=1386,C2=1480,T1=19.3,R3=880,ts="2026-04-24T11:24:10Z" 1777026221403008981
sensors,bucket=Set2,host=8a64927ac8a9,topic=/Set2 C3=1725,C4=1565,W1=987,R1n=365,ts="2026-04-24T11:24:12Z" 1777026222500346675
sensors,bucket=Set1,host=8a64927ac8a9,topic=/Set1 C1=1386,C2=1480,T1=19.3,R3=942,ts="2026-04-24T11:24:25Z" 1777026236140726611
sensors,bucket=Set2,host=8a64927ac8a9,topic=/Set2 C3=1691,C4=1482,W1=906,R1n=278,ts="2026-04-24T11:24:26Z" 1777026237295318265
sensors,bucket=Set1,host=8a64927ac8a9,topic=/Set1 C1=1386,C2=1480,T1=19.3,R3=891,ts="2026-04-24T11:24:40Z" 1777026250923626406
sensors,bucket=Set2,host=8a64927ac8a9,topic=/Set2 C3=1754,C4=1563,W1=998,R1n=346,ts="2026-04-24T11:24:41Z" 1777026252095687759
sensors,bucket=Set1,host=8a64927ac8a9,topic=/Set1 C1=1385,C2=1478,T1=19.3,R3=936,ts="2026-04-24T11:24:55Z" 1777026265761501511
sensors,bucket=Set2,host=8a64927ac8a9,topic=/Set2 C3=1646,C4=1483,W1=956,R1n=380,ts="2026-04-24T11:24:56Z" 1777026266894506525
sensors,bucket=Set1,host=8a64927ac8a9,topic=/Set1 C1=1386,C2=1479,T1=19.3,R3=889,ts="2026-04-24T11:25:10Z" 1777026280541707378
sensors,bucket=Set2,host=8a64927ac8a9,topic=/Set2 C3=1743,C4=1483,W1=935,R1n=269,ts="2026-04-24T11:25:11Z" 1777026281696515253
sensors,bucket=Set1,host=8a64927ac8a9,topic=/Set1 C1=1384,C2=1479,T1=19.3,R3=910,ts="2026-04-24T11:25:24Z" 1777026295346824314
sensors,bucket=Set2,host=8a64927ac8a9,topic=/Set2 C3=1752,C4=1580,W1=988,R1n=327,ts="2026-04-24T11:25:26Z" 1777026296494078249
sensors,bucket=Set1,host=8a64927ac8a9,topic=/Set1 C1=1385,C2=1480,T1=19.3,R3=905,ts="2026-04-24T11:25:39Z" 1777026310130164383
sensors,bucket=Set2,host=8a64927ac8a9,topic=/Set2 C3=1710,C4=1560,W1=988,R1n=382,ts="2026-04-24T11:25:40Z" 1777026311294875254
sensors,bucket=Set1,host=8a64927ac8a9,topic=/Set1 C1=1386,C2=1479,T1=19.3,R3=889,ts="2026-04-24T11:25:54Z" 1777026324985508755
sensors,bucket=Set2,host=8a64927ac8a9,topic=/Set2 C3=1648,C4=1463,W1=970,R1n=380,ts="2026-04-24T11:25:55Z" 1777026326099316845
sensors,bucket=Set1,host=8a64927ac8a9,topic=/Set1 C1=1385,C2=1471,T1=19.3,R3=783,ts="2026-04-24T11:26:09Z" 1777026339803468165
sensors,bucket=Set2,host=8a64927ac8a9,topic=/Set2 C3=1673,C4=1484,W1=907,R1n=294,ts="2026-04-24T11:26:10Z" 1777026340895012052
sensors,bucket=Set1,host=8a64927ac8a9,topic=/Set1 C1=1386,C2=1479,T1=19.3,R3=927,ts="2026-04-24T11:26:24Z" 1777026354534953016
sensors,bucket=Set2,host=8a64927ac8a9,topic=/Set2 C3=1751,C4=1487,W1=927,R1n=280,ts="2026-04-24T11:26:25Z" 1777026355692677576
sensors,bucket=Set1,host=8a64927ac8a9,topic=/Set1 C1=1385,C2=1479,T1=19.3,R3=892,ts="2026-04-24T11:26:38Z" 1777026369342176222
sensors,bucket=Set2,host=8a64927ac8a9,topic=/Set2 C3=1752,C4=1576,W1=987,R1n=332,ts="2026-04-24T11:26:40Z" 1777026370499666558
sensors,bucket=Set1,host=8a64927ac8a9,topic=/Set1 C1=1386,C2=1479,T1=19.3,R3=904,ts="2026-04-24T11:26:53Z" 1777026384154925905
sensors,bucket=Set2,host=8a64927ac8a9,topic=/Set2 C3=1707,C4=1548,W1=989,R1n=390,ts="2026-04-24T11:26:54Z" 1777026385294517843
sensors,bucket=Set1,host=8a64927ac8a9,topic=/Set1 C1=1385,C2=1480,T1=19.3,R3=873,ts="2026-04-24T11:27:08Z" 1777026398937408584
sensors,bucket=Set2,host=8a64927ac8a9,topic=/Set2 C3=1677,C4=1451,W1=922,R1n=350,ts="2026-04-24T11:27:09Z" 1777026400092701964
sensors,bucket=Set2,host=8a64927ac8a9,topic=/Set2 C3=1738,C4=1484,W1=923,R1n=266,ts="2026-04-24T11:27:24Z" 1777026414892264474
sensors,bucket=Set1,host=8a64927ac8a9,topic=/Set1 C1=1386,C2=1479,T1=19.3,R3=926,ts="2026-04-24T11:27:23Z" 1777026415357212835
sensors,bucket=Set1,host=8a64927ac8a9,topic=/Set1 C1=1385,C2=1480,T1=19.3,R3=876,ts="2026-04-24T11:27:38Z" 1777026428523261365
sensors,bucket=Set2,host=8a64927ac8a9,topic=/Set2 C3=1754,C4=1591,W1=984,R1n=298,ts="2026-04-24T11:27:39Z" 1777026429692114815
sensors,bucket=Set1,host=8a64927ac8a9,topic=/Set1 C1=1386,C2=1477,T1=19.3,R3=952,ts="2026-04-24T11:27:52Z" 1777026443342217329
sensors,bucket=Set2,host=8a64927ac8a9,topic=/Set2 C3=1756,C4=1576,W1=999,R1n=363,ts="2026-04-24T11:27:54Z" 1777026444492943430
sensors,bucket=Set1,host=8a64927ac8a9,topic=/Set1 C1=1384,C2=1470,T1=19.3,R3=890,ts="2026-04-24T11:28:07Z" 1777026458137270128
sensors,bucket=Set2,host=8a64927ac8a9,topic=/Set2 C3=1738,C4=1576,W1=1000,R1n=382,ts="2026-04-24T11:28:08Z" 1777026459291806312
sensors,bucket=Set1,host=8a64927ac8a9,topic=/Set1 C1=1385,C2=1478,T1=19.3,R3=926,ts="2026-04-24T11:28:22Z" 1777026472925212405
sensors,bucket=Set2,host=8a64927ac8a9,topic=/Set2 C3=1680,C4=1544,W1=998,R1n=378,ts="2026-04-24T11:28:23Z" 1777026474090021572
sensors,bucket=Set1,host=8a64927ac8a9,topic=/Set1 C1=1386,C2=1478,T1=19.3,R3=894,ts="2026-04-24T11:28:37Z" 1777026487726563888
sensors,bucket=Set2,host=8a64927ac8a9,topic=/Set2 C3=1671,C4=1515,W1=976,R1n=383,ts="2026-04-24T11:28:38Z" 1777026488890643513
sensors,bucket=Set1,host=8a64927ac8a9,topic=/Set1 C1=1384,C2=1472,T1=19.3,R3=921,ts="2026-04-24T11:28:52Z" 1777026502518919998
sensors,bucket=Set2,host=8a64927ac8a9,topic=/Set2 C3=1656,C4=1466,W1=986,R1n=383,ts="2026-04-24T11:28:53Z" 1777026503752188125
sensors,bucket=Set1,host=8a64927ac8a9,topic=/Set1 C1=1384,C2=1471,T1=19.3,R3=905,ts="2026-04-24T11:29:06Z" 1777026517347357385
sensors,bucket=Set2,host=8a64927ac8a9,topic=/Set2 C3=1661,C4=1452,W1=967,R1n=375,ts="2026-04-24T11:29:08Z" 1777026518493124701
sensors,bucket=Set1,host=8a64927ac8a9,topic=/Set1 C1=1385,C2=1471,T1=19.3,R3=923,ts="2026-04-24T11:29:21Z" 1777026532810352018
sensors,bucket=Set2,host=8a64927ac8a9,topic=/Set2 C3=1671,C4=1483,W1=984,R1n=379,ts="2026-04-24T11:29:22Z" 1777026533290511639
sensors,bucket=Set1,host=8a64927ac8a9,topic=/Set1 C1=1384,C2=1472,T1=19.3,R3=935,ts="2026-04-24T11:29:36Z" 1777026546934967890
sensors,bucket=Set2,host=8a64927ac8a9,topic=/Set2 C3=1654,C4=1455,W1=952,R1n=380,ts="2026-04-24T11:29:37Z" 1777026548092339132
sensors,bucket=Set1,host=8a64927ac8a9,topic=/Set1 C1=1385,C2=1472,T1=19.3,R3=905,ts="2026-04-24T11:29:51Z" 1777026561723886051
sensors,bucket=Set2,host=8a64927ac8a9,topic=/Set2 C3=1691,C4=1496,W1=906,R1n=283,ts="2026-04-24T11:29:52Z" 1777026562888150243
sensors,bucket=Set1,host=8a64927ac8a9,topic=/Set1 C1=1384,C2=1471,T1=19.3,R3=944,ts="2026-04-24T11:30:06Z" 1777026576535303648
sensors,bucket=Set2,host=8a64927ac8a9,topic=/Set2 C3=1769,C4=1560,W1=924,R1n=301,ts="2026-04-24T11:30:07Z" 1777026577691904941
sensors,bucket=Set1,host=8a64927ac8a9,topic=/Set1 C1=1384,C2=1470,T1=19.3,R3=877,ts="2026-04-24T11:30:20Z" 1777026591350400980
sensors,bucket=Set2,host=8a64927ac8a9,topic=/Set2 C3=1752,C4=1566,W1=989,R1n=375,ts="2026-04-24T11:30:22Z" 1777026592490449991
sensors,bucket=Set2,host=8a64927ac8a9,topic=/Set2 C3=1673,C4=1548,W1=1000,R1n=393,ts="2026-04-24T11:30:36Z" 1777026607288993694
sensors,bucket=Set1,host=8a64927ac8a9,topic=/Set1 C1=1385,C2=1470,T1=19.3,R3=880,ts="2026-04-24T11:30:35Z" 1777026607863228608
sensors,bucket=Set1,host=8a64927ac8a9,topic=/Set1 C1=1385,C2=1471,T1=19.3,R3=923,ts="2026-04-24T11:30:50Z" 1777026620934188736
sensors,bucket=Set2,host=8a64927ac8a9,topic=/Set2 C3=1675,C4=1454,W1=905,R1n=351,ts="2026-04-24T11:30:51Z" 1777026622087840473
sensors,bucket=Set1,host=8a64927ac8a9,topic=/Set1 C1=1385,C2=1471,T1=19.3,R3=922,ts="2026-04-24T11:31:05Z" 1777026635767709056
sensors,bucket=Set2,host=8a64927ac8a9,topic=/Set2 C3=1692,C4=1464,W1=903,R1n=268,ts="2026-04-24T11:31:06Z" 1777026636888314960
sensors,bucket=Set1,host=8a64927ac8a9,topic=/Set1 C1=1384,C2=1471,T1=19.3,R3=887,ts="2026-04-24T11:31:20Z" 1777026650534016755
sensors,bucket=Set2,host=8a64927ac8a9,topic=/Set2 C3=1704,C4=1484,W1=910,R1n=262,ts="2026-04-24T11:31:21Z" 1777026651689415852
sensors,bucket=Set2,host=8a64927ac8a9,topic=/Set2 C3=1742,C4=1467,W1=924,R1n=266,ts="2026-04-24T11:31:36Z" 1777026666488441266
sensors,bucket=Set1,host=8a64927ac8a9,topic=/Set1 C1=1384,C2=1471,T1=19.3,R3=955,ts="2026-04-24T11:31:34Z" 1777026667335657469
sensors,bucket=Set2,host=8a64927ac8a9,topic=/Set2 C3=1754,C4=1534,W1=919,R1n=300,ts="2026-04-24T11:31:50Z" 1777026681289283148
sensors,bucket=Set1,host=8a64927ac8a9,topic=/Set1 C1=1384,C2=1472,T1=19.3,R3=920,ts="2026-04-24T11:31:49Z" 1777026681862460583
sensors,bucket=Set1,host=8a64927ac8a9,topic=/Set1 C1=1385,C2=1471,T1=19.3,R3=889,ts="2026-04-24T11:32:04Z" 1777026694918790135
sensors,bucket=Set2,host=8a64927ac8a9,topic=/Set2 C3=1754,C4=1563,W1=942,R1n=314,ts="2026-04-24T11:32:05Z" 1777026696087176890
sensors,bucket=Set1,host=8a64927ac8a9,topic=/Set1 C1=1385,C2=1478,T1=19.3,R3=893,ts="2026-04-24T11:32:19Z" 1777026709718157758
sensors,bucket=Set2,host=8a64927ac8a9,topic=/Set2 C3=1754,C4=1564,W1=943,R1n=281,ts="2026-04-24T11:32:20Z" 1777026710887657960
sensors,bucket=Set1,host=8a64927ac8a9,topic=/Set1 C1=1385,C2=1471,T1=19.3,R3=955,ts="2026-04-24T11:32:34Z" 1777026724509592117
sensors,bucket=Set2,host=8a64927ac8a9,topic=/Set2 C3=1754,C4=1578,W1=968,R1n=285,ts="2026-04-24T11:32:35Z" 1777026725688373222
sensors,bucket=Set1,host=8a64927ac8a9,topic=/Set1 C1=1384,C2=1478,T1=19.3,R3=920,ts="2026-04-24T11:32:48Z" 1777026739394659500
sensors,bucket=Set2,host=8a64927ac8a9,topic=/Set2 C3=1753,C4=1567,W1=983,R1n=281,ts="2026-04-24T11:32:50Z" 1777026740487759922
sensors,bucket=Set1,host=8a64927ac8a9,topic=/Set1 C1=1384,C2=1478,T1=19.3,R3=879,ts="2026-04-24T11:33:03Z" 1777026754150584114
sensors,bucket=Set2,host=8a64927ac8a9,topic=/Set2 C3=1752,C4=1563,W1=968,R1n=296,ts="2026-04-24T11:33:04Z" 1777026755286363380
sensors,bucket=Set1,host=8a64927ac8a9,topic=/Set1 C1=1386,C2=1472,T1=19.3,R3=952,ts="2026-04-24T11:33:18Z" 1777026768978568621
sensors,bucket=Set2,host=8a64927ac8a9,topic=/Set2 C3=1756,C4=1575,W1=988,R1n=365,ts="2026-04-24T11:33:19Z" 1777026770085883551
sensors,bucket=Set2,host=8a64927ac8a9,topic=/Set2 C3=1724,C4=1566,W1=990,R1n=389,ts="2026-04-24T11:33:34Z" 1777026784886701719
sensors,bucket=Set1,host=8a64927ac8a9,topic=/Set1 C1=1384,C2=1471,T1=19.3,R3=894,ts="2026-04-24T11:33:33Z" 1777026785311664359
sensors,bucket=Set1,host=8a64927ac8a9,topic=/Set1 C1=1385,C2=1479,T1=19.3,R3=902,ts="2026-04-24T11:33:48Z" 1777026798522145770
sensors,bucket=Set2,host=8a64927ac8a9,topic=/Set2 C3=1662,C4=1517,W1=975,R1n=394,ts="2026-04-24T11:33:49Z" 1777026799688302328
sensors,bucket=Set1,host=8a64927ac8a9,topic=/Set1 C1=1386,C2=1479,T1=19.3,R3=890,ts="2026-04-24T11:34:02Z" 1777026813847169835
sensors,bucket=Set2,host=8a64927ac8a9,topic=/Set2 C3=1692,C4=1471,W1=923,R1n=329,ts="2026-04-24T11:34:04Z" 1777026814499934238
sensors,bucket=Set1,host=8a64927ac8a9,topic=/Set1 C1=1386,C2=1478,T1=19.3,R3=942,ts="2026-04-24T11:34:17Z" 1777026828118833188
sensors,bucket=Set2,host=8a64927ac8a9,topic=/Set2 C3=1752,C4=1560,W1=954,R1n=286,ts="2026-04-24T11:34:18Z" 1777026829287785536
sensors,bucket=Set1,host=8a64927ac8a9,topic=/Set1 C1=1385,C2=1471,T1=19.3,R3=879,ts="2026-04-24T11:34:32Z" 1777026842953372228
sensors,bucket=Set2,host=8a64927ac8a9,topic=/Set2 C3=1655,C4=1526,W1=990,R1n=395,ts="2026-04-24T11:34:33Z" 1777026844086613739
sensors,bucket=Set1,host=8a64927ac8a9,topic=/Set1 C1=1385,C2=1471,T1=19.3,R3=936,ts="2026-04-24T11:34:47Z" 1777026858309830837
sensors,bucket=Set2,host=8a64927ac8a9,topic=/Set2 C3=1694,C4=1454,W1=905,R1n=279,ts="2026-04-24T11:34:48Z" 1777026858885241401
sensors,bucket=Set1,host=8a64927ac8a9,topic=/Set1 C1=1385,C2=1478,T1=19.3,R3=922,ts="2026-04-24T11:35:02Z" 1777026872529895477
sensors,bucket=Set2,host=8a64927ac8a9,topic=/Set2 C3=1740,C4=1480,W1=919,R1n=266,ts="2026-04-24T11:35:03Z" 1777026873684393640
sensors,bucket=Set1,host=8a64927ac8a9,topic=/Set1 C1=1386,C2=1478,T1=19.3,R3=895,ts="2026-04-24T11:35:16Z" 1777026887310049121
sensors,bucket=Set2,host=8a64927ac8a9,topic=/Set2 C3=1768,C4=1548,W1=924,R1n=302,ts="2026-04-24T11:35:18Z" 1777026888487831635
sensors,bucket=Set1,host=8a64927ac8a9,topic=/Set1 C1=1385,C2=1479,T1=19.3,R3=890,ts="2026-04-24T11:35:31Z" 1777026902140195249
sensors,bucket=Set2,host=8a64927ac8a9,topic=/Set2 C3=1744,C4=1578,W1=968,R1n=302,ts="2026-04-24T11:35:32Z" 1777026903284427401
sensors,bucket=Set1,host=8a64927ac8a9,topic=/Set1 C1=1386,C2=1479,T1=19.3,R3=907,ts="2026-04-24T11:35:46Z" 1777026916923014138
sensors,bucket=Set2,host=8a64927ac8a9,topic=/Set2 C3=1740,C4=1563,W1=985,R1n=396,ts="2026-04-24T11:35:47Z" 1777026918083979586
sensors,bucket=Set1,host=8a64927ac8a9,topic=/Set1 C1=1385,C2=1471,T1=19.3,R3=892,ts="2026-04-24T11:36:01Z" 1777026932152136417
sensors,bucket=Set2,host=8a64927ac8a9,topic=/Set2 C3=1671,C4=1530,W1=982,R1n=393,ts="2026-04-24T11:36:02Z" 1777026933268685720
sensors,bucket=Set1,host=8a64927ac8a9,topic=/Set1 C1=1386,C2=1479,T1=19.3,R3=937,ts="2026-04-24T11:36:16Z" 1777026946521709010
sensors,bucket=Set2,host=8a64927ac8a9,topic=/Set2 C3=1687,C4=1470,W1=907,R1n=348,ts="2026-04-24T11:36:17Z" 1777026947684387146
sensors,bucket=Set1,host=8a64927ac8a9,topic=/Set1 C1=1386,C2=1481,T1=19.3,R3=941,ts="2026-04-24T11:36:30Z" 1777026961319417720
sensors,bucket=Set2,host=8a64927ac8a9,topic=/Set2 C3=1673,C4=1471,W1=906,R1n=255,ts="2026-04-24T11:36:32Z" 1777026962484755563
sensors,bucket=Set1,host=8a64927ac8a9,topic=/Set1 C1=1387,C2=1480,T1=19.3,R3=935,ts="2026-04-24T11:36:45Z" 1777026976118739541
sensors,bucket=Set2,host=8a64927ac8a9,topic=/Set2 C3=1740,C4=1486,W1=925,R1n=270,ts="2026-04-24T11:36:46Z" 1777026977285884362
sensors,bucket=Set1,host=8a64927ac8a9,topic=/Set1 C1=1384,C2=1480,T1=19.3,R3=909,ts="2026-04-24T11:37:00Z" 1777026990926471724
sensors,bucket=Set2,host=8a64927ac8a9,topic=/Set2 C3=1755,C4=1561,W1=921,R1n=284,ts="2026-04-24T11:37:01Z" 1777026992086372828
sensors,bucket=Set1,host=8a64927ac8a9,topic=/Set1 C1=1387,C2=1481,T1=19.3,R3=896,ts="2026-04-24T11:37:15Z" 1777027005717017084
sensors,bucket=Set2,host=8a64927ac8a9,topic=/Set2 C3=1756,C4=1560,W1=940,R1n=328,ts="2026-04-24T11:37:16Z" 1777027006885155433
sensors,bucket=Set1,host=8a64927ac8a9,topic=/Set1 C1=1386,C2=1480,T1=19.3,R3=873,ts="2026-04-24T11:37:30Z" 1777027020539346441
sensors,bucket=Set2,host=8a64927ac8a9,topic=/Set2 C3=1755,C4=1565,W1=971,R1n=285,ts="2026-04-24T11:37:31Z" 1777027021682808884
sensors,bucket=Set1,host=8a64927ac8a9,topic=/Set1 C1=1387,C2=1482,T1=19.3,R3=921,ts="2026-04-24T11:37:44Z" 1777027035321382119
sensors,bucket=Set2,host=8a64927ac8a9,topic=/Set2 C3=1756,C4=1577,W1=973,R1n=317,ts="2026-04-24T11:37:46Z" 1777027036485423137
sensors,bucket=Set1,host=8a64927ac8a9,topic=/Set1 C1=1388,C2=1483,T1=19.3,R3=895,ts="2026-04-24T11:37:59Z" 1777027050124242057
sensors,bucket=Set2,host=8a64927ac8a9,topic=/Set2 C3=1740,C4=1562,W1=969,R1n=329,ts="2026-04-24T11:38:00Z" 1777027051283242377
sensors,bucket=Set1,host=8a64927ac8a9,topic=/Set1 C1=1389,C2=1482,T1=19.3,R3=890,ts="2026-04-24T11:38:14Z" 1777027064916773828
sensors,bucket=Set2,host=8a64927ac8a9,topic=/Set2 C3=1754,C4=1566,W1=971,R1n=286,ts="2026-04-24T11:38:15Z" 1777027066083431388
sensors,bucket=Set1,host=8a64927ac8a9,topic=/Set1 C1=1389,C2=1482,T1=19.3,R3=893,ts="2026-04-24T11:38:29Z" 1777027079723778828
sensors,bucket=Set2,host=8a64927ac8a9,topic=/Set2 C3=1753,C4=1563,W1=959,R1n=303,ts="2026-04-24T11:38:30Z" 1777027080882600868
sensors,bucket=Set1,host=8a64927ac8a9,topic=/Set1 C1=1390,C2=1483,T1=19.3,R3=888,ts="2026-04-24T11:38:44Z" 1777027094535845576
sensors,bucket=Set2,host=8a64927ac8a9,topic=/Set2 C3=1752,C4=1546,W1=937,R1n=310,ts="2026-04-24T11:38:45Z" 1777027095683424796
sensors,bucket=Set1,host=8a64927ac8a9,topic=/Set1 C1=1389,C2=1482,T1=19.3,R3=952,ts="2026-04-24T11:38:58Z" 1777027109338498460
sensors,bucket=Set2,host=8a64927ac8a9,topic=/Set2 C3=1743,C4=1516,W1=926,R1n=288,ts="2026-04-24T11:39:00Z" 1777027110491116745
sensors,bucket=Set1,host=8a64927ac8a9,topic=/Set1 C1=1389,C2=1483,T1=19.3,R3=907,ts="2026-04-24T11:39:13Z" 1777027124130847702
sensors,bucket=Set2,host=8a64927ac8a9,topic=/Set2 C3=1739,C4=1480,W1=936,R1n=271,ts="2026-04-24T11:39:14Z" 1777027125281614900
sensors,bucket=Set1,host=8a64927ac8a9,topic=/Set1 C1=1391,C2=1484,T1=19.3,R3=890,ts="2026-04-24T11:39:28Z" 1777027138918250087
sensors,bucket=Set2,host=8a64927ac8a9,topic=/Set2 C3=1720,C4=1472,W1=911,R1n=311,ts="2026-04-24T11:39:29Z" 1777027140080863469
sensors,bucket=Set1,host=8a64927ac8a9,topic=/Set1 C1=1392,C2=1485,T1=19.3,R3=937,ts="2026-04-24T11:39:43Z" 1777027153757824623
sensors,bucket=Set2,host=8a64927ac8a9,topic=/Set2 C3=1689,C4=1472,W1=905,R1n=285,ts="2026-04-24T11:39:44Z" 1777027154884437934
sensors,bucket=Set1,host=8a64927ac8a9,topic=/Set1 C1=1391,C2=1486,T1=19.3,R3=935,ts="2026-04-24T11:39:58Z" 1777027168536451083
sensors,bucket=Set2,host=8a64927ac8a9,topic=/Set2 C3=1676,C4=1482,W1=893,R1n=280,ts="2026-04-24T11:39:59Z" 1777027169679659075
sensors,bucket=Set1,host=8a64927ac8a9,topic=/Set1 C1=1389,C2=1483,T1=19.3,R3=878,ts="2026-04-24T11:40:12Z" 1777027183358454865
sensors,bucket=Set2,host=8a64927ac8a9,topic=/Set2 C3=1688,C4=1478,W1=905,R1n=296,ts="2026-04-24T11:40:14Z" 1777027184484790574
sensors,bucket=Set1,host=8a64927ac8a9,topic=/Set1 C1=1389,C2=1482,T1=19.3,R3=937,ts="2026-04-24T11:40:27Z" 1777027198110464460
sensors,bucket=Set2,host=8a64927ac8a9,topic=/Set2 C3=1646,C4=1465,W1=953,R1n=377,ts="2026-04-24T11:40:28Z" 1777027199279849683
sensors,bucket=Set1,host=8a64927ac8a9,topic=/Set1 C1=1387,C2=1480,T1=19.3,R3=877,ts="2026-04-24T11:40:42Z" 1777027212924771123
sensors,bucket=Set2,host=8a64927ac8a9,topic=/Set2 C3=1672,C4=1534,W1=975,R1n=381,ts="2026-04-24T11:40:43Z" 1777027214080910811
sensors,bucket=Set2,host=8a64927ac8a9,topic=/Set2 C3=1727,C4=1574,W1=976,R1n=394,ts="2026-04-24T11:40:58Z" 1777027228878521687
sensors,bucket=Set1,host=8a64927ac8a9,topic=/Set1 C1=1388,C2=1482,T1=19.3,R3=927,ts="2026-04-24T11:40:57Z" 1777027232362809645
sensors,bucket=Set1,host=8a64927ac8a9,topic=/Set1 C1=1386,C2=1480,T1=19.3,R3=937,ts="2026-04-24T11:41:12Z" 1777027242566776033
sensors,bucket=Set2,host=8a64927ac8a9,topic=/Set2 C3=1756,C4=1565,W1=971,R1n=333,ts="2026-04-24T11:41:13Z" 1777027243681056196
sensors,bucket=Set1,host=8a64927ac8a9,topic=/Set1 C1=1386,C2=1479,T1=19.3,R3=921,ts="2026-04-24T11:41:26Z" 1777027257318069367
sensors,bucket=Set2,host=8a64927ac8a9,topic=/Set2 C3=1754,C4=1543,W1=935,R1n=280,ts="2026-04-24T11:41:28Z" 1777027258481094927
sensors,bucket=Set2,host=8a64927ac8a9,topic=/Set2 C3=1692,C4=1484,W1=893,R1n=270,ts="2026-04-24T11:41:42Z" 1777027273280536420
sensors,bucket=Set1,host=8a64927ac8a9,topic=/Set1 C1=1387,C2=1479,T1=19.3,R3=937,ts="2026-04-24T11:41:41Z" 1777027274853601941
sensors,bucket=Set1,host=8a64927ac8a9,topic=/Set1 C1=1387,C2=1480,T1=19.3,R3=895,ts="2026-04-24T11:41:56Z" 1777027286903073819
sensors,bucket=Set2,host=8a64927ac8a9,topic=/Set2 C3=1663,C4=1468,W1=955,R1n=363,ts="2026-04-24T11:41:57Z" 1777027288078042769
sensors,bucket=Set1,host=8a64927ac8a9,topic=/Set1 C1=1387,C2=1481,T1=19.3,R3=878,ts="2026-04-24T11:42:11Z" 1777027301712272509
sensors,bucket=Set2,host=8a64927ac8a9,topic=/Set2 C3=1673,C4=1519,W1=975,R1n=395,ts="2026-04-24T11:42:12Z" 1777027302880026469
sensors,bucket=Set2,host=8a64927ac8a9,topic=/Set2 C3=1690,C4=1551,W1=990,R1n=377,ts="2026-04-24T11:42:27Z" 1777027317678049285
sensors,bucket=Set1,host=8a64927ac8a9,topic=/Set1 C1=1387,C2=1480,T1=19.3,R3=920,ts="2026-04-24T11:42:26Z" 1777027322826155705
sensors,bucket=Set1,host=8a64927ac8a9,topic=/Set1 C1=1386,C2=1479,T1=19.3,R3=939,ts="2026-04-24T11:42:40Z" 1777027331328842063
sensors,bucket=Set2,host=8a64927ac8a9,topic=/Set2 C3=1721,C4=1563,W1=988,R1n=381,ts="2026-04-24T11:42:42Z" 1777027332479907872
sensors,bucket=Set1,host=8a64927ac8a9,topic=/Set1 C1=1387,C2=1480,T1=19.3,R3=858,ts="2026-04-24T11:42:55Z" 1777027346156057276
sensors,bucket=Set2,host=8a64927ac8a9,topic=/Set2 C3=1710,C4=1561,W1=988,R1n=391,ts="2026-04-24T11:42:56Z" 1777027347277177951
sensors,bucket=Set1,host=8a64927ac8a9,topic=/Set1 C1=1386,C2=1479,T1=19.3,R3=874,ts="2026-04-24T11:43:10Z" 1777027360911916763
sensors,bucket=Set2,host=8a64927ac8a9,topic=/Set2 C3=1673,C4=1536,W1=984,R1n=393,ts="2026-04-24T11:43:11Z" 1777027362078751711
sensors,bucket=Set1,host=8a64927ac8a9,topic=/Set1 C1=1386,C2=1480,T1=19.3,R3=888,ts="2026-04-24T11:43:25Z" 1777027375724743135
sensors,bucket=Set2,host=8a64927ac8a9,topic=/Set2 C3=1645,C4=1495,W1=970,R1n=392,ts="2026-04-24T11:43:26Z" 1777027376875819548
sensors,bucket=Set1,host=8a64927ac8a9,topic=/Set1 C1=1387,C2=1481,T1=19.3,R3=937,ts="2026-04-24T11:43:40Z" 1777027390520151759
sensors,bucket=Set2,host=8a64927ac8a9,topic=/Set2 C3=1672,C4=1452,W1=951,R1n=365,ts="2026-04-24T11:43:41Z" 1777027391679834971
sensors,bucket=Set1,host=8a64927ac8a9,topic=/Set1 C1=1387,C2=1480,T1=19.3,R3=890,ts="2026-04-24T11:43:54Z" 1777027405337766646
sensors,bucket=Set2,host=8a64927ac8a9,topic=/Set2 C3=1657,C4=1499,W1=953,R1n=375,ts="2026-04-24T11:43:56Z" 1777027406479756877
sensors,bucket=Set1,host=8a64927ac8a9,topic=/Set1 C1=1387,C2=1481,T1=19.3,R3=924,ts="2026-04-24T11:44:09Z" 1777027420128745791
sensors,bucket=Set2,host=8a64927ac8a9,topic=/Set2 C3=1660,C4=1479,W1=969,R1n=381,ts="2026-04-24T11:44:10Z" 1777027421277165532
sensors,bucket=Set1,host=8a64927ac8a9,topic=/Set1 C1=1388,C2=1483,T1=19.3,R3=893,ts="2026-04-24T11:44:24Z" 1777027434922707786
sensors,bucket=Set2,host=8a64927ac8a9,topic=/Set2 C3=1646,C4=1467,W1=953,R1n=376,ts="2026-04-24T11:44:25Z" 1777027436075812427
sensors,bucket=Set1,host=8a64927ac8a9,topic=/Set1 C1=1388,C2=1482,T1=19.3,R3=907,ts="2026-04-24T11:44:39Z" 1777027449728428012
sensors,bucket=Set2,host=8a64927ac8a9,topic=/Set2 C3=1657,C4=1469,W1=955,R1n=378,ts="2026-04-24T11:44:40Z" 1777027450879534718
sensors,bucket=Set1,host=8a64927ac8a9,topic=/Set1 C1=1388,C2=1482,T1=19.3,R3=878,ts="2026-04-24T11:44:54Z" 1777027464529174002
sensors,bucket=Set2,host=8a64927ac8a9,topic=/Set2 C3=1658,C4=1528,W1=971,R1n=398,ts="2026-04-24T11:44:55Z" 1777027465676759937
sensors,bucket=Set1,host=8a64927ac8a9,topic=/Set1 C1=1387,C2=1482,T1=19.3,R3=942,ts="2026-04-24T11:45:08Z" 1777027479318011569
sensors,bucket=Set2,host=8a64927ac8a9,topic=/Set2 C3=1674,C4=1534,W1=988,R1n=383,ts="2026-04-24T11:45:10Z" 1777027480479976163
sensors,bucket=Set1,host=8a64927ac8a9,topic=/Set1 C1=1389,C2=1482,T1=19.3,R3=894,ts="2026-04-24T11:45:23Z" 1777027494131881374
sensors,bucket=Set2,host=8a64927ac8a9,topic=/Set2 C3=1737,C4=1564,W1=987,R1n=397,ts="2026-04-24T11:45:24Z" 1777027495274342346
sensors,bucket=Set1,host=8a64927ac8a9,topic=/Set1 C1=1389,C2=1482,T1=19.3,R3=888,ts="2026-04-24T11:45:38Z" 1777027508902376942
sensors,bucket=Set2,host=8a64927ac8a9,topic=/Set2 C3=1755,C4=1566,W1=975,R1n=327,ts="2026-04-24T11:45:39Z" 1777027510075633824
sensors,bucket=Set1,host=8a64927ac8a9,topic=/Set1 C1=1389,C2=1483,T1=19.3,R3=920,ts="2026-04-24T11:45:53Z" 1777027523729438694
sensors,bucket=Set2,host=8a64927ac8a9,topic=/Set2 C3=1754,C4=1567,W1=942,R1n=311,ts="2026-04-24T11:45:54Z" 1777027524880446359
sensors,bucket=Set1,host=8a64927ac8a9,topic=/Set1 C1=1390,C2=1483,T1=19.3,R3=942,ts="2026-04-24T11:46:08Z" 1777027538515721265
sensors,bucket=Set2,host=8a64927ac8a9,topic=/Set2 C3=1743,C4=1513,W1=925,R1n=278,ts="2026-04-24T11:46:09Z" 1777027539677074192
sensors,bucket=Set1,host=8a64927ac8a9,topic=/Set1 C1=1390,C2=1484,T1=19.3,R3=911,ts="2026-04-24T11:46:22Z" 1777027553327733208
sensors,bucket=Set2,host=8a64927ac8a9,topic=/Set2 C3=1688,C4=1486,W1=904,R1n=263,ts="2026-04-24T11:46:24Z" 1777027554478161576
sensors,bucket=Set1,host=8a64927ac8a9,topic=/Set1 C1=1390,C2=1485,T1=19.3,R3=910,ts="2026-04-24T11:46:37Z" 1777027568135647511
sensors,bucket=Set2,host=8a64927ac8a9,topic=/Set2 C3=1691,C4=1465,W1=906,R1n=329,ts="2026-04-24T11:46:38Z" 1777027569275474700
sensors,bucket=Set1,host=8a64927ac8a9,topic=/Set1 C1=1400,C2=1495,T1=19.3,R3=906,ts="2026-04-24T11:46:52Z" 1777027582926530110
sensors,bucket=Set2,host=8a64927ac8a9,topic=/Set2 C3=1655,C4=1467,W1=969,R1n=379,ts="2026-04-24T11:46:53Z" 1777027584075347986
sensors,bucket=Set1,host=8a64927ac8a9,topic=/Set1 C1=1391,C2=1485,T1=19.3,R3=944,ts="2026-04-24T11:47:07Z" 1777027597724100108
sensors,bucket=Set1,host=8a64927ac8a9,topic=/Set1 C1=1289,C2=1374,T1=19.9,R3=648,ts="2026-04-26T00:40:18Z" 1777160410344392698
sensors,bucket=Set2,host=8a64927ac8a9,topic=/Set2 C3=1756,C4=1565,W1=477,R1n=427,ts="2026-04-26T00:40:18Z" 1777160410344482989
sensors,bucket=Set2,host=8a64927ac8a9,topic=/Set2 C3=1754,C4=1548,W1=429,R1n=362,ts="2026-04-26T00:41:18Z" 1777160446094749781
sensors,bucket=Set1,host=8a64927ac8a9,topic=/Set1 C1=1289,C2=1374,T1=19.9,R3=615,ts="2026-04-26T00:41:18Z" 1777160446425294302
sensors,bucket=Set2,host=8a64927ac8a9,topic=/Set2 C3=1758,C4=1560,W1=440,R1n=377,ts="2026-04-26T00:42:18Z" 1777160506030519572
sensors,bucket=Set1,host=8a64927ac8a9,topic=/Set1 C1=1288,C2=1374,T1=19.9,R3=618,ts="2026-04-26T00:42:18Z" 1777160506354826825
sensors,bucket=Set2,host=8a64927ac8a9,topic=/Set2 C3=1741,C4=1519,W1=391,R1n=346,ts="2026-04-26T00:43:17Z" 1777160565965857773
sensors,bucket=Set1,host=8a64927ac8a9,topic=/Set1 C1=1289,C2=1374,T1=19.9,R3=640,ts="2026-04-26T00:43:18Z" 1777160566295466769
sensors,bucket=Set2,host=8a64927ac8a9,topic=/Set2 C3=1757,C4=1576,W1=445,R1n=413,ts="2026-04-26T00:44:17Z" 1777160625913932369
sensors,bucket=Set1,host=8a64927ac8a9,topic=/Set1 C1=1289,C2=1374,T1=19.9,R3=636,ts="2026-04-26T00:44:18Z" 1777160626236576473
sensors,bucket=Set2,host=8a64927ac8a9,topic=/Set2 C3=1642,C4=1545,W1=473,R1n=462,ts="2026-04-26T00:45:17Z" 1777160685859022233
sensors,bucket=Set1,host=8a64927ac8a9,topic=/Set1 C1=1288,C2=1373,T1=19.9,R3=634,ts="2026-04-26T00:45:17Z" 1777160686186624188
sensors,bucket=Set2,host=8a64927ac8a9,topic=/Set2 C3=1646,C4=1454,W1=458,R1n=476,ts="2026-04-26T00:46:17Z" 1777160745803818813
sensors,bucket=Set1,host=8a64927ac8a9,topic=/Set1 C1=1289,C2=1374,T1=19.9,R3=637,ts="2026-04-26T00:46:17Z" 1777160746131117114
sensors,bucket=Set2,host=8a64927ac8a9,topic=/Set2 C3=1708,C4=1545,W1=487,R1n=488,ts="2026-04-26T00:47:17Z" 1777160805617436340
sensors,bucket=Set1,host=8a64927ac8a9,topic=/Set1 C1=1288,C2=1373,T1=19.9,R3=590,ts="2026-04-26T00:47:17Z" 1777160805945306595
sensors,bucket=Set2,host=8a64927ac8a9,topic=/Set2 C3=1760,C4=1578,W1=471,R1n=426,ts="2026-04-26T00:48:16Z" 1777160865419040352
sensors,bucket=Set1,host=8a64927ac8a9,topic=/Set1 C1=1289,C2=1375,T1=19.9,R3=618,ts="2026-04-26T00:48:17Z" 1777160865751984708
sensors,bucket=Set2,host=8a64927ac8a9,topic=/Set2 C3=1741,C4=1529,W1=410,R1n=364,ts="2026-04-26T00:49:16Z" 1777160925215356578
sensors,bucket=Set1,host=8a64927ac8a9,topic=/Set1 C1=1289,C2=1374,T1=19.9,R3=619,ts="2026-04-26T00:49:17Z" 1777160925546315805
sensors,bucket=Set2,host=8a64927ac8a9,topic=/Set2 C3=1755,C4=1576,W1=457,R1n=413,ts="2026-04-26T00:50:16Z" 1777160985018614108
sensors,bucket=Set1,host=8a64927ac8a9,topic=/Set1 C1=1289,C2=1374,T1=19.9,R3=636,ts="2026-04-26T00:50:16Z" 1777160985340937544
sensors,bucket=Set2,host=8a64927ac8a9,topic=/Set2 C3=1757,C4=1577,W1=477,R1n=430,ts="2026-04-26T00:51:16Z" 1777161044815764941
sensors,bucket=Set1,host=8a64927ac8a9,topic=/Set1 C1=1288,C2=1374,T1=19.9,R3=649,ts="2026-04-26T00:51:16Z" 1777161045142250232
sensors,bucket=Set2,host=8a64927ac8a9,topic=/Set2 C3=1760,C4=1563,W1=471,R1n=407,ts="2026-04-26T00:52:16Z" 1777161104618963688
sensors,bucket=Set1,host=8a64927ac8a9,topic=/Set1 C1=1289,C2=1374,T1=19.9,R3=650,ts="2026-04-26T00:52:16Z" 1777161104941610615
sensors,bucket=Set2,host=8a64927ac8a9,topic=/Set2 C3=1754,C4=1529,W1=427,R1n=361,ts="2026-04-26T00:53:15Z" 1777161164415194426
sensors,bucket=Set1,host=8a64927ac8a9,topic=/Set1 C1=1289,C2=1374,T1=19.9,R3=603,ts="2026-04-26T00:53:16Z" 1777161164741819976
sensors,bucket=Set2,host=8a64927ac8a9,topic=/Set2 C3=1708,C4=1485,W1=376,R1n=351,ts="2026-04-26T00:54:15Z" 1777161224217165615
sensors,bucket=Set1,host=8a64927ac8a9,topic=/Set1 C1=1289,C2=1374,T1=19.9,R3=616,ts="2026-04-26T00:54:16Z" 1777161224538935387
sensors,bucket=Set2,host=8a64927ac8a9,topic=/Set2 C3=1674,C4=1547,W1=477,R1n=461,ts="2026-04-26T00:55:15Z" 1777161284014715554
sensors,bucket=Set1,host=8a64927ac8a9,topic=/Set1 C1=1289,C2=1375,T1=19.9,R3=606,ts="2026-04-26T00:55:15Z" 1777161284343200258
sensors,bucket=Set2,host=8a64927ac8a9,topic=/Set2 C3=1659,C4=1449,W1=363,R1n=441,ts="2026-04-26T00:56:15Z" 1777161343815834833
sensors,bucket=Set1,host=8a64927ac8a9,topic=/Set1 C1=1289,C2=1374,T1=19.9,R3=639,ts="2026-04-26T00:56:15Z" 1777161344137947681
sensors,bucket=Set2,host=8a64927ac8a9,topic=/Set2 C3=1754,C4=1579,W1=488,R1n=416,ts="2026-04-26T00:57:15Z" 1777161403616466770
sensors,bucket=Set1,host=8a64927ac8a9,topic=/Set1 C1=1288,C2=1374,T1=19.9,R3=648,ts="2026-04-26T00:57:15Z" 1777161403941122147
sensors,bucket=Set2,host=8a64927ac8a9,topic=/Set2 C3=1645,C4=1536,W1=488,R1n=477,ts="2026-04-26T00:58:14Z" 1777161463411432165
sensors,bucket=Set1,host=8a64927ac8a9,topic=/Set1 C1=1288,C2=1374,T1=19.9,R3=635,ts="2026-04-26T00:58:15Z" 1777161463736571198
sensors,bucket=Set2,host=8a64927ac8a9,topic=/Set2 C3=1741,C4=1578,W1=476,R1n=430,ts="2026-04-26T00:59:14Z" 1777161523211373255
sensors,bucket=Set1,host=8a64927ac8a9,topic=/Set1 C1=1289,C2=1374,T1=19.9,R3=651,ts="2026-04-26T00:59:15Z" 1777161523538765254
sensors,bucket=Set2,host=8a64927ac8a9,topic=/Set2 C3=1755,C4=1560,W1=410,R1n=380,ts="2026-04-26T01:00:14Z" 1777161583024134170
sensors,bucket=Set1,host=8a64927ac8a9,topic=/Set1 C1=1289,C2=1374,T1=19.9,R3=631,ts="2026-04-26T01:00:14Z" 1777161583329478402
sensors,bucket=Set2,host=8a64927ac8a9,topic=/Set2 C3=1738,C4=1487,W1=406,R1n=347,ts="2026-04-26T01:01:14Z" 1777161642801363801
sensors,bucket=Set1,host=8a64927ac8a9,topic=/Set1 C1=1289,C2=1374,T1=19.9,R3=651,ts="2026-04-26T01:01:14Z" 1777161643128655644
sensors,bucket=Set2,host=8a64927ac8a9,topic=/Set2 C3=1658,C4=1454,W1=446,R1n=462,ts="2026-04-26T01:02:14Z" 1777161702598595305
sensors,bucket=Set1,host=8a64927ac8a9,topic=/Set1 C1=1289,C2=1374,T1=19.9,R3=634,ts="2026-04-26T01:02:14Z" 1777161702920401245
sensors,bucket=Set2,host=8a64927ac8a9,topic=/Set2 C3=1771,C4=1527,W1=398,R1n=352,ts="2026-04-26T01:03:13Z" 1777161762394234988
sensors,bucket=Set1,host=8a64927ac8a9,topic=/Set1 C1=1289,C2=1374,T1=19.9,R3=638,ts="2026-04-26T01:03:14Z" 1777161762719004697
sensors,bucket=Set2,host=8a64927ac8a9,topic=/Set2 C3=1661,C4=1467,W1=416,R1n=444,ts="2026-04-26T01:04:13Z" 1777161822194061216
sensors,bucket=Set1,host=8a64927ac8a9,topic=/Set1 C1=1290,C2=1375,T1=19.9,R3=616,ts="2026-04-26T01:04:14Z" 1777161822518330494
sensors,bucket=Set2,host=8a64927ac8a9,topic=/Set2 C3=1694,C4=1463,W1=363,R1n=414,ts="2026-04-26T01:05:13Z" 1777161881992364804
sensors,bucket=Set1,host=8a64927ac8a9,topic=/Set1 C1=1290,C2=1374,T1=19.9,R3=633,ts="2026-04-26T01:05:13Z" 1777161882317248835
sensors,bucket=Set2,host=8a64927ac8a9,topic=/Set2 C3=1752,C4=1576,W1=472,R1n=399,ts="2026-04-26T01:06:13Z" 1777161941796732159
sensors,bucket=Set1,host=8a64927ac8a9,topic=/Set1 C1=1289,C2=1374,T1=19.9,R3=636,ts="2026-04-26T01:06:13Z" 1777161942115671231
sensors,bucket=Set2,host=8a64927ac8a9,topic=/Set2 C3=1743,C4=1563,W1=445,R1n=410,ts="2026-04-26T01:07:13Z" 1777162001592209733
sensors,bucket=Set1,host=8a64927ac8a9,topic=/Set1 C1=1289,C2=1374,T1=19.9,R3=637,ts="2026-04-26T01:07:13Z" 1777162001917531651
sensors,bucket=Set2,host=8a64927ac8a9,topic=/Set2 C3=1693,C4=1465,W1=363,R1n=364,ts="2026-04-26T01:08:12Z" 1777162061394059872
sensors,bucket=Set1,host=8a64927ac8a9,topic=/Set1 C1=1289,C2=1374,T1=19.9,R3=633,ts="2026-04-26T01:08:13Z" 1777162061715402090
sensors,bucket=Set2,host=8a64927ac8a9,topic=/Set2 C3=1754,C4=1514,W1=393,R1n=348,ts="2026-04-26T01:09:12Z" 1777162121193325485
sensors,bucket=Set1,host=8a64927ac8a9,topic=/Set1 C1=1289,C2=1374,T1=19.9,R3=637,ts="2026-04-26T01:09:13Z" 1777162121517292797
sensors,bucket=Set2,host=8a64927ac8a9,topic=/Set2 C3=1727,C4=1578,W1=477,R1n=447,ts="2026-04-26T01:10:12Z" 1777162180995618707
sensors,bucket=Set1,host=8a64927ac8a9,topic=/Set1 C1=1288,C2=1375,T1=19.9,R3=648,ts="2026-04-26T01:10:12Z" 1777162181315079291
sensors,bucket=Set2,host=8a64927ac8a9,topic=/Set2 C3=1735,C4=1503,W1=382,R1n=347,ts="2026-04-26T01:11:12Z" 1777162240794109242
sensors,bucket=Set1,host=8a64927ac8a9,topic=/Set1 C1=1289,C2=1375,T1=19.9,R3=619,ts="2026-04-26T01:11:12Z" 1777162241117786354
sensors,bucket=Set2,host=8a64927ac8a9,topic=/Set2 C3=1646,C4=1451,W1=454,R1n=462,ts="2026-04-26T01:12:12Z" 1777162300599388933
sensors,bucket=Set1,host=8a64927ac8a9,topic=/Set1 C1=1289,C2=1374,T1=19.9,R3=650,ts="2026-04-26T01:12:12Z" 1777162300915855206
sensors,bucket=Set2,host=8a64927ac8a9,topic=/Set2 C3=1741,C4=1581,W1=491,R1n=445,ts="2026-04-26T01:13:11Z" 1777162360391984806
sensors,bucket=Set1,host=8a64927ac8a9,topic=/Set1 C1=1288,C2=1375,T1=19.9,R3=633,ts="2026-04-26T01:13:12Z" 1777162360725357714
sensors,bucket=Set2,host=8a64927ac8a9,topic=/Set2 C3=1753,C4=1551,W1=400,R1n=362,ts="2026-04-26T01:14:11Z" 1777162420194561577
sensors,bucket=Set1,host=8a64927ac8a9,topic=/Set1 C1=1289,C2=1375,T1=19.9,R3=634,ts="2026-04-26T01:14:12Z" 1777162420514121317
sensors,bucket=Set2,host=8a64927ac8a9,topic=/Set2 C3=1759,C4=1563,W1=444,R1n=410,ts="2026-04-26T01:15:11Z" 1777162479995653348
sensors,bucket=Set1,host=8a64927ac8a9,topic=/Set1 C1=1289,C2=1374,T1=19.9,R3=639,ts="2026-04-26T01:15:11Z" 1777162480315488749
sensors,bucket=Set2,host=8a64927ac8a9,topic=/Set2 C3=1655,C4=1451,W1=431,R1n=471,ts="2026-04-26T01:16:11Z" 1777162539795820044
sensors,bucket=Set1,host=8a64927ac8a9,topic=/Set1 C1=1290,C2=1374,T1=19.9,R3=623,ts="2026-04-26T01:16:11Z" 1777162540112381094
sensors,bucket=Set2,host=8a64927ac8a9,topic=/Set2 C3=1691,C4=1453,W1=351,R1n=440,ts="2026-04-26T01:17:11Z" 1777162599586334411
sensors,bucket=Set1,host=8a64927ac8a9,topic=/Set1 C1=1289,C2=1374,T1=19.9,R3=603,ts="2026-04-26T01:17:11Z" 1777162599909812085
sensors,bucket=Set2,host=8a64927ac8a9,topic=/Set2 C3=1647,C4=1453,W1=445,R1n=457,ts="2026-04-26T01:18:10Z" 1777162659387039931
sensors,bucket=Set1,host=8a64927ac8a9,topic=/Set1 C1=1288,C2=1374,T1=19.9,R3=618,ts="2026-04-26T01:18:11Z" 1777162659705743450
sensors,bucket=Set2,host=8a64927ac8a9,topic=/Set2 C3=1647,C4=1462,W1=455,R1n=476,ts="2026-04-26T01:19:10Z" 1777162719180444645
sensors,bucket=Set1,host=8a64927ac8a9,topic=/Set1 C1=1289,C2=1375,T1=19.9,R3=632,ts="2026-04-26T01:19:11Z" 1777162719501588847
sensors,bucket=Set2,host=8a64927ac8a9,topic=/Set2 C3=1743,C4=1496,W1=379,R1n=345,ts="2026-04-26T01:20:10Z" 1777162778975948383
sensors,bucket=Set1,host=8a64927ac8a9,topic=/Set1 C1=1289,C2=1374,T1=19.9,R3=633,ts="2026-04-26T01:20:10Z" 1777162779294971561
sensors,bucket=Set2,host=8a64927ac8a9,topic=/Set2 C3=1646,C4=1447,W1=470,R1n=472,ts="2026-04-26T01:21:10Z" 1777162838773133146
sensors,bucket=Set1,host=8a64927ac8a9,topic=/Set1 C1=1289,C2=1375,T1=19.9,R3=620,ts="2026-04-26T01:21:10Z" 1777162839096021301
sensors,bucket=Set2,host=8a64927ac8a9,topic=/Set2 C3=1644,C4=1512,W1=443,R1n=463,ts="2026-04-26T01:22:10Z" 1777162898573767493
sensors,bucket=Set1,host=8a64927ac8a9,topic=/Set1 C1=1289,C2=1374,T1=19.9,R3=648,ts="2026-04-26T01:22:10Z" 1777162898895322491
sensors,bucket=Set2,host=8a64927ac8a9,topic=/Set2 C3=1739,C4=1579,W1=477,R1n=463,ts="2026-04-26T01:23:09Z" 1777162958371202968
sensors,bucket=Set1,host=8a64927ac8a9,topic=/Set1 C1=1288,C2=1374,T1=19.9,R3=646,ts="2026-04-26T01:23:10Z" 1777162958722881384
sensors,bucket=Set2,host=8a64927ac8a9,topic=/Set2 C3=1742,C4=1513,W1=395,R1n=346,ts="2026-04-26T01:24:09Z" 1777163018177456367
sensors,bucket=Set1,host=8a64927ac8a9,topic=/Set1 C1=1289,C2=1374,T1=19.9,R3=604,ts="2026-04-26T01:24:10Z" 1777163018492221574
sensors,bucket=Set2,host=8a64927ac8a9,topic=/Set2 C3=1755,C4=1577,W1=446,R1n=413,ts="2026-04-26T01:25:09Z" 1777163077972237145
sensors,bucket=Set1,host=8a64927ac8a9,topic=/Set1 C1=1289,C2=1374,T1=19.9,R3=649,ts="2026-04-26T01:25:09Z" 1777163078294986265
sensors,bucket=Set2,host=8a64927ac8a9,topic=/Set2 C3=1759,C4=1566,W1=428,R1n=380,ts="2026-04-26T01:26:09Z" 1777163137773363978
sensors,bucket=Set1,host=8a64927ac8a9,topic=/Set1 C1=1289,C2=1374,T1=19.9,R3=630,ts="2026-04-26T01:26:09Z" 1777163138092252988
sensors,bucket=Set2,host=8a64927ac8a9,topic=/Set2 C3=1755,C4=1562,W1=416,R1n=379,ts="2026-04-26T01:27:09Z" 1777163197573867563
sensors,bucket=Set1,host=8a64927ac8a9,topic=/Set1 C1=1290,C2=1374,T1=19.9,R3=618,ts="2026-04-26T01:27:09Z" 1777163197894056846
sensors,bucket=Set2,host=8a64927ac8a9,topic=/Set2 C3=1757,C4=1566,W1=460,R1n=407,ts="2026-04-26T01:28:08Z" 1777163257373121238
sensors,bucket=Set1,host=8a64927ac8a9,topic=/Set1 C1=1288,C2=1373,T1=19.9,R3=648,ts="2026-04-26T01:28:09Z" 1777163257694358039
sensors,bucket=Set2,host=8a64927ac8a9,topic=/Set2 C3=1657,C4=1449,W1=441,R1n=447,ts="2026-04-26T01:29:08Z" 1777163317171603735
sensors,bucket=Set1,host=8a64927ac8a9,topic=/Set1 C1=1289,C2=1374,T1=19.9,R3=620,ts="2026-04-26T01:29:09Z" 1777163317493355204
sensors,bucket=Set2,host=8a64927ac8a9,topic=/Set2 C3=1707,C4=1548,W1=475,R1n=474,ts="2026-04-26T01:30:08Z" 1777163376977579007
sensors,bucket=Set1,host=8a64927ac8a9,topic=/Set1 C1=1289,C2=1374,T1=19.9,R3=635,ts="2026-04-26T01:30:08Z" 1777163377292249530
sensors,bucket=Set2,host=8a64927ac8a9,topic=/Set2 C3=1722,C4=1548,W1=489,R1n=464,ts="2026-04-26T01:31:08Z" 1777163436775102221
sensors,bucket=Set1,host=8a64927ac8a9,topic=/Set1 C1=1291,C2=1374,T1=19.9,R3=622,ts="2026-04-26T01:31:08Z" 1777163437094147490
sensors,bucket=Set2,host=8a64927ac8a9,topic=/Set2 C3=1709,C4=1579,W1=492,R1n=472,ts="2026-04-26T01:32:08Z" 1777163496573542931
sensors,bucket=Set1,host=8a64927ac8a9,topic=/Set1 C1=1289,C2=1374,T1=19.9,R3=633,ts="2026-04-26T01:32:08Z" 1777163496891895787
sensors,bucket=Set2,host=8a64927ac8a9,topic=/Set2 C3=1646,C4=1454,W1=440,R1n=473,ts="2026-04-26T01:33:07Z" 1777163556369704192
sensors,bucket=Set1,host=8a64927ac8a9,topic=/Set1 C1=1289,C2=1374,T1=19.9,R3=650,ts="2026-04-26T01:33:08Z" 1777163556692203799
sensors,bucket=Set2,host=8a64927ac8a9,topic=/Set2 C3=1660,C4=1531,W1=489,R1n=476,ts="2026-04-26T01:34:07Z" 1777163616166851720
sensors,bucket=Set1,host=8a64927ac8a9,topic=/Set1 C1=1289,C2=1374,T1=19.9,R3=616,ts="2026-04-26T01:34:08Z" 1777163616485782146
sensors,bucket=Set2,host=8a64927ac8a9,topic=/Set2 C3=1672,C4=1455,W1=361,R1n=428,ts="2026-04-26T01:35:07Z" 1777163675960582177
sensors,bucket=Set1,host=8a64927ac8a9,topic=/Set1 C1=1289,C2=1375,T1=19.9,R3=631,ts="2026-04-26T01:35:07Z" 1777163676282596614
sensors,bucket=Set2,host=8a64927ac8a9,topic=/Set2 C3=1643,C4=1497,W1=462,R1n=472,ts="2026-04-26T01:36:07Z" 1777163735760128292
sensors,bucket=Set1,host=8a64927ac8a9,topic=/Set1 C1=1289,C2=1375,T1=19.9,R3=632,ts="2026-04-26T01:36:07Z" 1777163736077463024
sensors,bucket=Set2,host=8a64927ac8a9,topic=/Set2 C3=1689,C4=1451,W1=359,R1n=440,ts="2026-04-26T01:37:07Z" 1777163795554101782
sensors,bucket=Set1,host=8a64927ac8a9,topic=/Set1 C1=1289,C2=1374,T1=19.9,R3=617,ts="2026-04-26T01:37:07Z" 1777163795874905603
sensors,bucket=Set2,host=8a64927ac8a9,topic=/Set2 C3=1656,C4=1545,W1=477,R1n=478,ts="2026-04-26T01:38:06Z" 1777163855352621953
sensors,bucket=Set1,host=8a64927ac8a9,topic=/Set1 C1=1288,C2=1374,T1=19.9,R3=619,ts="2026-04-26T01:38:07Z" 1777163855670673549
sensors,bucket=Set2,host=8a64927ac8a9,topic=/Set2 C3=1727,C4=1527,W1=376,R1n=346,ts="2026-04-26T01:39:06Z" 1777163915152243391
sensors,bucket=Set1,host=8a64927ac8a9,topic=/Set1 C1=1288,C2=1373,T1=19.9,R3=650,ts="2026-04-26T01:39:07Z" 1777163915470674010
sensors,bucket=Set2,host=8a64927ac8a9,topic=/Set2 C3=1740,C4=1504,W1=399,R1n=345,ts="2026-04-26T01:40:06Z" 1777163974952586156
sensors,bucket=Set1,host=8a64927ac8a9,topic=/Set1 C1=1288,C2=1374,T1=19.9,R3=607,ts="2026-04-26T01:40:06Z" 1777163975270591835
sensors,bucket=Set2,host=8a64927ac8a9,topic=/Set2 C3=1646,C4=1450,W1=446,R1n=478,ts="2026-04-26T01:41:06Z" 1777164034754264001
sensors,bucket=Set1,host=8a64927ac8a9,topic=/Set1 C1=1288,C2=1375,T1=19.9,R3=648,ts="2026-04-26T01:41:06Z" 1777164035072328722
sensors,bucket=Set2,host=8a64927ac8a9,topic=/Set2 C3=1767,C4=1580,W1=472,R1n=400,ts="2026-04-26T01:42:06Z" 1777164094554232904
sensors,bucket=Set1,host=8a64927ac8a9,topic=/Set1 C1=1289,C2=1374,T1=19.9,R3=633,ts="2026-04-26T01:42:06Z" 1777164094870274152
sensors,bucket=Set2,host=8a64927ac8a9,topic=/Set2 C3=1753,C4=1560,W1=430,R1n=410,ts="2026-04-26T01:43:05Z" 1777164154350849883
sensors,bucket=Set1,host=8a64927ac8a9,topic=/Set1 C1=1290,C2=1375,T1=19.9,R3=649,ts="2026-04-26T01:43:06Z" 1777164154672419199
sensors,bucket=Set2,host=8a64927ac8a9,topic=/Set2 C3=1752,C4=1576,W1=477,R1n=441,ts="2026-04-26T01:44:05Z" 1777164214152704240
sensors,bucket=Set1,host=8a64927ac8a9,topic=/Set1 C1=1289,C2=1374,T1=19.9,R3=648,ts="2026-04-26T01:44:06Z" 1777164214467759383
sensors,bucket=Set2,host=8a64927ac8a9,topic=/Set2 C3=1754,C4=1546,W1=393,R1n=375,ts="2026-04-26T01:45:05Z" 1777164273951271013
sensors,bucket=Set1,host=8a64927ac8a9,topic=/Set1 C1=1289,C2=1375,T1=19.9,R3=662,ts="2026-04-26T01:45:05Z" 1777164274270779378
sensors,bucket=Set2,host=8a64927ac8a9,topic=/Set2 C3=1739,C4=1565,W1=478,R1n=478,ts="2026-04-26T01:46:05Z" 1777164333752873650
sensors,bucket=Set1,host=8a64927ac8a9,topic=/Set1 C1=1288,C2=1374,T1=19.9,R3=635,ts="2026-04-26T01:46:05Z" 1777164334070032324
sensors,bucket=Set2,host=8a64927ac8a9,topic=/Set2 C3=1755,C4=1547,W1=425,R1n=376,ts="2026-04-26T01:47:05Z" 1777164393550382586
sensors,bucket=Set1,host=8a64927ac8a9,topic=/Set1 C1=1288,C2=1374,T1=19.8,R3=605,ts="2026-04-26T01:47:05Z" 1777164393869641575
sensors,bucket=Set2,host=8a64927ac8a9,topic=/Set2 C3=1724,C4=1560,W1=480,R1n=470,ts="2026-04-26T01:48:04Z" 1777164453352574400
sensors,bucket=Set1,host=8a64927ac8a9,topic=/Set1 C1=1288,C2=1375,T1=19.9,R3=635,ts="2026-04-26T01:48:05Z" 1777164453667967140
sensors,bucket=Set2,host=8a64927ac8a9,topic=/Set2 C3=1753,C4=1577,W1=476,R1n=427,ts="2026-04-26T01:49:04Z" 1777164513150525576
sensors,bucket=Set1,host=8a64927ac8a9,topic=/Set1 C1=1288,C2=1374,T1=19.9,R3=632,ts="2026-04-26T01:49:05Z" 1777164513470002913
sensors,bucket=Set2,host=8a64927ac8a9,topic=/Set2 C3=1756,C4=1564,W1=444,R1n=408,ts="2026-04-26T01:50:04Z" 1777164572951471098
sensors,bucket=Set1,host=8a64927ac8a9,topic=/Set1 C1=1290,C2=1375,T1=19.9,R3=617,ts="2026-04-26T01:50:04Z" 1777164573266413757
sensors,bucket=Set2,host=8a64927ac8a9,topic=/Set2 C3=1741,C4=1485,W1=384,R1n=359,ts="2026-04-26T01:51:04Z" 1777164632745882889
sensors,bucket=Set1,host=8a64927ac8a9,topic=/Set1 C1=1289,C2=1374,T1=19.8,R3=616,ts="2026-04-26T01:51:04Z" 1777164633066418299
sensors,bucket=Set2,host=8a64927ac8a9,topic=/Set2 C3=1736,C4=1483,W1=378,R1n=346,ts="2026-04-26T01:52:04Z" 1777164692544388641
sensors,bucket=Set1,host=8a64927ac8a9,topic=/Set1 C1=1288,C2=1374,T1=19.8,R3=603,ts="2026-04-26T01:52:04Z" 1777164692860168586
sensors,bucket=Set2,host=8a64927ac8a9,topic=/Set2 C3=1660,C4=1454,W1=460,R1n=462,ts="2026-04-26T01:53:03Z" 1777164752336378285
sensors,bucket=Set1,host=8a64927ac8a9,topic=/Set1 C1=1289,C2=1375,T1=19.9,R3=598,ts="2026-04-26T01:53:04Z" 1777164752656025100
sensors,bucket=Set2,host=8a64927ac8a9,topic=/Set2 C3=1646,C4=1533,W1=489,R1n=477,ts="2026-04-26T01:54:03Z" 1777164812139260772
sensors,bucket=Set1,host=8a64927ac8a9,topic=/Set1 C1=1289,C2=1374,T1=19.9,R3=615,ts="2026-04-26T01:54:04Z" 1777164812453743467
sensors,bucket=Set2,host=8a64927ac8a9,topic=/Set2 C3=1755,C4=1579,W1=487,R1n=411,ts="2026-04-26T01:55:03Z" 1777164871932972025
sensors,bucket=Set1,host=8a64927ac8a9,topic=/Set1 C1=1289,C2=1375,T1=19.9,R3=649,ts="2026-04-26T01:55:03Z" 1777164872251683183
sensors,bucket=Set2,host=8a64927ac8a9,topic=/Set2 C3=1646,C4=1530,W1=489,R1n=478,ts="2026-04-26T01:56:03Z" 1777164931733819865
sensors,bucket=Set1,host=8a64927ac8a9,topic=/Set1 C1=1289,C2=1375,T1=19.9,R3=654,ts="2026-04-26T01:56:03Z" 1777164932048751629
sensors,bucket=Set2,host=8a64927ac8a9,topic=/Set2 C3=1752,C4=1529,W1=394,R1n=347,ts="2026-04-26T01:57:03Z" 1777164991533398126
sensors,bucket=Set1,host=8a64927ac8a9,topic=/Set1 C1=1289,C2=1375,T1=19.8,R3=640,ts="2026-04-26T01:57:03Z" 1777164991851957706
sensors,bucket=Set2,host=8a64927ac8a9,topic=/Set2 C3=1711,C4=1560,W1=488,R1n=460,ts="2026-04-26T01:58:02Z" 1777165051333588817
sensors,bucket=Set1,host=8a64927ac8a9,topic=/Set1 C1=1289,C2=1374,T1=19.9,R3=631,ts="2026-04-26T01:58:03Z" 1777165051648837456
sensors,bucket=Set2,host=8a64927ac8a9,topic=/Set2 C3=1770,C4=1548,W1=398,R1n=375,ts="2026-04-26T01:59:02Z" 1777165111133483487
sensors,bucket=Set1,host=8a64927ac8a9,topic=/Set1 C1=1289,C2=1374,T1=19.8,R3=650,ts="2026-04-26T01:59:02Z" 1777165111450489478
sensors,bucket=Set1,host=8a64927ac8a9,topic=/Set1 C1=1288,C2=1375,T1=19.9,R3=634,ts="2026-04-26T02:00:02Z" 1777165171418084084
sensors,bucket=Set2,host=8a64927ac8a9,topic=/Set2 C3=1757,C4=1567,W1=476,R1n=396,ts="2026-04-26T02:00:02Z" 1777165171418271259
sensors,bucket=Set2,host=8a64927ac8a9,topic=/Set2 C3=1656,C4=1449,W1=457,R1n=480,ts="2026-04-26T02:01:02Z" 1777165230731900234
sensors,bucket=Set1,host=8a64927ac8a9,topic=/Set1 C1=1289,C2=1375,T1=19.9,R3=607,ts="2026-04-26T02:01:02Z" 1777165231053334644
sensors,bucket=Set2,host=8a64927ac8a9,topic=/Set2 C3=1722,C4=1549,W1=491,R1n=489,ts="2026-04-26T02:02:02Z" 1777165290538084853
sensors,bucket=Set1,host=8a64927ac8a9,topic=/Set1 C1=1289,C2=1374,T1=19.9,R3=636,ts="2026-04-26T02:02:02Z" 1777165290847206939
sensors,bucket=Set2,host=8a64927ac8a9,topic=/Set2 C3=1742,C4=1577,W1=479,R1n=445,ts="2026-04-26T02:03:01Z" 1777165350331549522
sensors,bucket=Set1,host=8a64927ac8a9,topic=/Set1 C1=1289,C2=1374,T1=19.9,R3=616,ts="2026-04-26T02:03:02Z" 1777165350649796713
sensors,bucket=Set2,host=8a64927ac8a9,topic=/Set2 C3=1742,C4=1499,W1=396,R1n=344,ts="2026-04-26T02:04:01Z" 1777165410133425481
sensors,bucket=Set1,host=8a64927ac8a9,topic=/Set1 C1=1288,C2=1375,T1=19.9,R3=634,ts="2026-04-26T02:04:01Z" 1777165410445970013
sensors,bucket=Set2,host=8a64927ac8a9,topic=/Set2 C3=1751,C4=1583,W1=488,R1n=457,ts="2026-04-26T02:05:01Z" 1777165469934528218
sensors,bucket=Set1,host=8a64927ac8a9,topic=/Set1 C1=1289,C2=1375,T1=19.9,R3=616,ts="2026-04-26T02:05:01Z" 1777165470253536811
sensors,bucket=Set2,host=8a64927ac8a9,topic=/Set2 C3=1753,C4=1546,W1=426,R1n=375,ts="2026-04-26T02:06:01Z" 1777165529733675462
sensors,bucket=Set1,host=8a64927ac8a9,topic=/Set1 C1=1288,C2=1374,T1=19.9,R3=635,ts="2026-04-26T02:06:01Z" 1777165530062413324
sensors,bucket=Set2,host=8a64927ac8a9,topic=/Set2 C3=1758,C4=1578,W1=487,R1n=416,ts="2026-04-26T02:07:01Z" 1777165589531305358
sensors,bucket=Set1,host=8a64927ac8a9,topic=/Set1 C1=1289,C2=1375,T1=19.8,R3=634,ts="2026-04-26T02:07:01Z" 1777165589847400441
sensors,bucket=Set2,host=8a64927ac8a9,topic=/Set2 C3=1758,C4=1568,W1=447,R1n=407,ts="2026-04-26T02:08:00Z" 1777165649331585359
sensors,bucket=Set1,host=8a64927ac8a9,topic=/Set1 C1=1289,C2=1374,T1=19.9,R3=636,ts="2026-04-26T02:08:01Z" 1777165649643337372
sensors,bucket=Set2,host=8a64927ac8a9,topic=/Set2 C3=1662,C4=1451,W1=393,R1n=444,ts="2026-04-26T02:09:00Z" 1777165709126361309
sensors,bucket=Set1,host=8a64927ac8a9,topic=/Set1 C1=1289,C2=1374,T1=19.9,R3=636,ts="2026-04-26T02:09:00Z" 1777165709443756392
sensors,bucket=Set2,host=8a64927ac8a9,topic=/Set2 C3=1754,C4=1518,W1=428,R1n=360,ts="2026-04-26T02:10:00Z" 1777165768926979227
sensors,bucket=Set1,host=8a64927ac8a9,topic=/Set1 C1=1289,C2=1374,T1=19.9,R3=616,ts="2026-04-26T02:10:00Z" 1777165769237638911
sensors,bucket=Set2,host=8a64927ac8a9,topic=/Set2 C3=1756,C4=1568,W1=447,R1n=393,ts="2026-04-26T02:11:00Z" 1777165828723622390
sensors,bucket=Set1,host=8a64927ac8a9,topic=/Set1 C1=1289,C2=1375,T1=19.8,R3=635,ts="2026-04-26T02:11:00Z" 1777165829037453285
sensors,bucket=Set2,host=8a64927ac8a9,topic=/Set2 C3=1756,C4=1530,W1=424,R1n=350,ts="2026-04-26T02:12:00Z" 1777165888535551048
sensors,bucket=Set1,host=8a64927ac8a9,topic=/Set1 C1=1289,C2=1382,T1=19.9,R3=635,ts="2026-04-26T02:12:00Z" 1777165888839918068
sensors,bucket=Set2,host=8a64927ac8a9,topic=/Set2 C3=1658,C4=1517,W1=475,R1n=473,ts="2026-04-26T02:12:59Z" 1777165948319023227
sensors,bucket=Set1,host=8a64927ac8a9,topic=/Set1 C1=1289,C2=1375,T1=19.8,R3=622,ts="2026-04-26T02:13:00Z" 1777165948634817996
sensors,bucket=Set2,host=8a64927ac8a9,topic=/Set2 C3=1725,C4=1512,W1=367,R1n=348,ts="2026-04-26T02:13:59Z" 1777166008128350506
sensors,bucket=Set1,host=8a64927ac8a9,topic=/Set1 C1=1289,C2=1383,T1=19.9,R3=650,ts="2026-04-26T02:13:59Z" 1777166008431258091
sensors,bucket=Set2,host=8a64927ac8a9,topic=/Set2 C3=1645,C4=1454,W1=460,R1n=487,ts="2026-04-26T02:14:59Z" 1777166067916700420
sensors,bucket=Set1,host=8a64927ac8a9,topic=/Set1 C1=1288,C2=1375,T1=19.8,R3=633,ts="2026-04-26T02:14:59Z" 1777166068234192006
sensors,bucket=Set2,host=8a64927ac8a9,topic=/Set2 C3=1655,C4=1466,W1=454,R1n=479,ts="2026-04-26T02:15:59Z" 1777166127719640560
sensors,bucket=Set1,host=8a64927ac8a9,topic=/Set1 C1=1289,C2=1374,T1=19.9,R3=638,ts="2026-04-26T02:15:59Z" 1777166128029734066
sensors,bucket=Set2,host=8a64927ac8a9,topic=/Set2 C3=1646,C4=1480,W1=462,R1n=472,ts="2026-04-26T02:16:59Z" 1777166187528279722
sensors,bucket=Set1,host=8a64927ac8a9,topic=/Set1 C1=1289,C2=1375,T1=19.9,R3=651,ts="2026-04-26T02:16:59Z" 1777166187829813915
sensors,bucket=Set2,host=8a64927ac8a9,topic=/Set2 C3=1740,C4=1575,W1=488,R1n=455,ts="2026-04-26T02:17:58Z" 1777166247316619267
sensors,bucket=Set1,host=8a64927ac8a9,topic=/Set1 C1=1289,C2=1375,T1=19.9,R3=639,ts="2026-04-26T02:17:59Z" 1777166247631280361
sensors,bucket=Set2,host=8a64927ac8a9,topic=/Set2 C3=1656,C4=1515,W1=475,R1n=474,ts="2026-04-26T02:18:58Z" 1777166307113766401
sensors,bucket=Set1,host=8a64927ac8a9,topic=/Set1 C1=1289,C2=1376,T1=19.8,R3=637,ts="2026-04-26T02:18:58Z" 1777166307428795113
sensors,bucket=Set2,host=8a64927ac8a9,topic=/Set2 C3=1754,C4=1576,W1=474,R1n=428,ts="2026-04-26T02:19:58Z" 1777166366915663708
sensors,bucket=Set1,host=8a64927ac8a9,topic=/Set1 C1=1290,C2=1383,T1=19.9,R3=636,ts="2026-04-26T02:19:58Z" 1777166367226267382
sensors,bucket=Set2,host=8a64927ac8a9,topic=/Set2 C3=1726,C4=1577,W1=488,R1n=473,ts="2026-04-26T02:20:58Z" 1777166426712897725
sensors,bucket=Set1,host=8a64927ac8a9,topic=/Set1 C1=1288,C2=1374,T1=19.8,R3=636,ts="2026-04-26T02:20:58Z" 1777166427032204018
sensors,bucket=Set2,host=8a64927ac8a9,topic=/Set2 C3=1720,C4=1579,W1=471,R1n=456,ts="2026-04-26T02:21:58Z" 1777166486513441335
sensors,bucket=Set1,host=8a64927ac8a9,topic=/Set1 C1=1288,C2=1375,T1=19.9,R3=604,ts="2026-04-26T02:21:58Z" 1777166486823318238
sensors,bucket=Set2,host=8a64927ac8a9,topic=/Set2 C3=1656,C4=1451,W1=446,R1n=477,ts="2026-04-26T02:22:57Z" 1777166546312625884
sensors,bucket=Set1,host=8a64927ac8a9,topic=/Set1 C1=1289,C2=1376,T1=19.9,R3=606,ts="2026-04-26T02:22:58Z" 1777166546624503239
sensors,bucket=Set2,host=8a64927ac8a9,topic=/Set2 C3=1689,C4=1439,W1=367,R1n=430,ts="2026-04-26T02:23:57Z" 1777166606113428726
sensors,bucket=Set1,host=8a64927ac8a9,topic=/Set1 C1=1289,C2=1376,T1=19.8,R3=636,ts="2026-04-26T02:23:57Z" 1777166606424362061
sensors,bucket=Set2,host=8a64927ac8a9,topic=/Set2 C3=1742,C4=1479,W1=366,R1n=361,ts="2026-04-26T02:24:57Z" 1777166665909427363
sensors,bucket=Set1,host=8a64927ac8a9,topic=/Set1 C1=1289,C2=1384,T1=19.9,R3=632,ts="2026-04-26T02:24:57Z" 1777166666222751446
sensors,bucket=Set2,host=8a64927ac8a9,topic=/Set2 C3=1757,C4=1563,W1=424,R1n=395,ts="2026-04-26T02:25:57Z" 1777166725709704112
sensors,bucket=Set1,host=8a64927ac8a9,topic=/Set1 C1=1289,C2=1375,T1=19.8,R3=620,ts="2026-04-26T02:25:57Z" 1777166726018868815
sensors,bucket=Set2,host=8a64927ac8a9,topic=/Set2 C3=1751,C4=1487,W1=383,R1n=346,ts="2026-04-26T02:26:57Z" 1777166785505000736
sensors,bucket=Set1,host=8a64927ac8a9,topic=/Set1 C1=1289,C2=1383,T1=19.8,R3=622,ts="2026-04-26T02:26:57Z" 1777166785820337244
sensors,bucket=Set2,host=8a64927ac8a9,topic=/Set2 C3=1752,C4=1566,W1=480,R1n=456,ts="2026-04-26T02:27:56Z" 1777166845305660360
sensors,bucket=Set1,host=8a64927ac8a9,topic=/Set1 C1=1290,C2=1375,T1=19.9,R3=638,ts="2026-04-26T02:27:57Z" 1777166845614881914
sensors,bucket=Set2,host=8a64927ac8a9,topic=/Set2 C3=1767,C4=1545,W1=393,R1n=390,ts="2026-04-26T02:28:56Z" 1777166905100977319
sensors,bucket=Set1,host=8a64927ac8a9,topic=/Set1 C1=1289,C2=1375,T1=19.8,R3=634,ts="2026-04-26T02:28:56Z" 1777166905415388813
sensors,bucket=Set2,host=8a64927ac8a9,topic=/Set2 C3=1757,C4=1564,W1=429,R1n=392,ts="2026-04-26T02:29:56Z" 1777166964900320758
sensors,bucket=Set1,host=8a64927ac8a9,topic=/Set1 C1=1288,C2=1375,T1=19.8,R3=632,ts="2026-04-26T02:29:56Z" 1777166965212129910
sensors,bucket=Set2,host=8a64927ac8a9,topic=/Set2 C3=1722,C4=1501,W1=366,R1n=348,ts="2026-04-26T02:30:56Z" 1777167024697710184
sensors,bucket=Set1,host=8a64927ac8a9,topic=/Set1 C1=1289,C2=1376,T1=19.8,R3=602,ts="2026-04-26T02:30:56Z" 1777167025009830332
sensors,bucket=Set2,host=8a64927ac8a9,topic=/Set2 C3=1679,C4=1536,W1=478,R1n=475,ts="2026-04-26T02:31:56Z" 1777167084500793205
sensors,bucket=Set1,host=8a64927ac8a9,topic=/Set1 C1=1290,C2=1375,T1=19.8,R3=632,ts="2026-04-26T02:31:56Z" 1777167084807171674
sensors,bucket=Set2,host=8a64927ac8a9,topic=/Set2 C3=1758,C4=1549,W1=423,R1n=381,ts="2026-04-26T02:32:55Z" 1777167144295344112
sensors,bucket=Set1,host=8a64927ac8a9,topic=/Set1 C1=1289,C2=1376,T1=19.9,R3=620,ts="2026-04-26T02:32:56Z" 1777167144610735387
sensors,bucket=Set2,host=8a64927ac8a9,topic=/Set2 C3=1646,C4=1449,W1=427,R1n=476,ts="2026-04-26T02:33:55Z" 1777167204097992305
sensors,bucket=Set1,host=8a64927ac8a9,topic=/Set1 C1=1289,C2=1374,T1=19.9,R3=622,ts="2026-04-26T02:33:55Z" 1777167204404542578
sensors,bucket=Set2,host=8a64927ac8a9,topic=/Set2 C3=1693,C4=1463,W1=361,R1n=416,ts="2026-04-26T02:34:55Z" 1777167263897281230
sensors,bucket=Set1,host=8a64927ac8a9,topic=/Set1 C1=1289,C2=1375,T1=19.8,R3=636,ts="2026-04-26T02:34:55Z" 1777167264205173439
sensors,bucket=Set2,host=8a64927ac8a9,topic=/Set2 C3=1757,C4=1564,W1=413,R1n=375,ts="2026-04-26T02:35:55Z" 1777167323696209544
sensors,bucket=Set1,host=8a64927ac8a9,topic=/Set1 C1=1289,C2=1376,T1=19.8,R3=623,ts="2026-04-26T02:35:55Z" 1777167324004357639
sensors,bucket=Set2,host=8a64927ac8a9,topic=/Set2 C3=1660,C4=1448,W1=409,R1n=443,ts="2026-04-26T02:36:55Z" 1777167383492141470
sensors,bucket=Set1,host=8a64927ac8a9,topic=/Set1 C1=1290,C2=1376,T1=19.8,R3=636,ts="2026-04-26T02:36:55Z" 1777167386066964476
sensors,bucket=Set2,host=8a64927ac8a9,topic=/Set2 C3=1743,C4=1578,W1=488,R1n=442,ts="2026-04-26T02:37:54Z" 1777167443293932937
sensors,bucket=Set1,host=8a64927ac8a9,topic=/Set1 C1=1289,C2=1376,T1=19.9,R3=651,ts="2026-04-26T02:37:55Z" 1777167443602574212
sensors,bucket=Set2,host=8a64927ac8a9,topic=/Set2 C3=1692,C4=1468,W1=359,R1n=410,ts="2026-04-26T02:38:54Z" 1777167503092607889
sensors,bucket=Set1,host=8a64927ac8a9,topic=/Set1 C1=1289,C2=1375,T1=19.8,R3=637,ts="2026-04-26T02:38:54Z" 1777167503403607601
sensors,bucket=Set2,host=8a64927ac8a9,topic=/Set2 C3=1758,C4=1568,W1=444,R1n=397,ts="2026-04-26T02:39:54Z" 1777167562893097367
sensors,bucket=Set1,host=8a64927ac8a9,topic=/Set1 C1=1289,C2=1382,T1=19.9,R3=621,ts="2026-04-26T02:39:54Z" 1777167563219719265
sensors,bucket=Set2,host=8a64927ac8a9,topic=/Set2 C3=1737,C4=1514,W1=373,R1n=345,ts="2026-04-26T02:40:54Z" 1777167622691592808
sensors,bucket=Set1,host=8a64927ac8a9,topic=/Set1 C1=1289,C2=1383,T1=19.8,R3=617,ts="2026-04-26T02:40:54Z" 1777167623001818653
sensors,bucket=Set2,host=8a64927ac8a9,topic=/Set2 C3=1767,C4=1576,W1=461,R1n=394,ts="2026-04-26T02:41:54Z" 1777167682491716651
sensors,bucket=Set1,host=8a64927ac8a9,topic=/Set1 C1=1289,C2=1376,T1=19.8,R3=621,ts="2026-04-26T02:41:54Z" 1777167682797867263
sensors,bucket=Set2,host=8a64927ac8a9,topic=/Set2 C3=1708,C4=1498,W1=375,R1n=359,ts="2026-04-26T02:42:53Z" 1777167742286284704
sensors,bucket=Set1,host=8a64927ac8a9,topic=/Set1 C1=1289,C2=1382,T1=19.8,R3=633,ts="2026-04-26T02:42:54Z" 1777167742598428955
sensors,bucket=Set2,host=8a64927ac8a9,topic=/Set2 C3=1694,C4=1452,W1=363,R1n=458,ts="2026-04-26T02:43:53Z" 1777167802085597194
sensors,bucket=Set1,host=8a64927ac8a9,topic=/Set1 C1=1288,C2=1383,T1=19.8,R3=635,ts="2026-04-26T02:43:53Z" 1777167802393384768
sensors,bucket=Set2,host=8a64927ac8a9,topic=/Set2 C3=1647,C4=1464,W1=455,R1n=461,ts="2026-04-26T02:44:53Z" 1777167861882902900
sensors,bucket=Set1,host=8a64927ac8a9,topic=/Set1 C1=1289,C2=1376,T1=19.8,R3=606,ts="2026-04-26T02:44:53Z" 1777167862192159942
sensors,bucket=Set2,host=8a64927ac8a9,topic=/Set2 C3=1767,C4=1546,W1=427,R1n=366,ts="2026-04-26T02:45:53Z" 1777167921682613758
sensors,bucket=Set1,host=8a64927ac8a9,topic=/Set1 C1=1289,C2=1375,T1=19.8,R3=651,ts="2026-04-26T02:45:53Z" 1777167921989576503
sensors,bucket=Set2,host=8a64927ac8a9,topic=/Set2 C3=1768,C4=1533,W1=415,R1n=359,ts="2026-04-26T02:46:53Z" 1777167981481085428
sensors,bucket=Set1,host=8a64927ac8a9,topic=/Set1 C1=1290,C2=1375,T1=19.9,R3=634,ts="2026-04-26T02:46:53Z" 1777167981789001347
sensors,bucket=Set2,host=8a64927ac8a9,topic=/Set2 C3=1693,C4=1450,W1=365,R1n=423,ts="2026-04-26T02:47:52Z" 1777168041280085968
sensors,bucket=Set1,host=8a64927ac8a9,topic=/Set1 C1=1289,C2=1375,T1=19.8,R3=614,ts="2026-04-26T02:47:53Z" 1777168041586941092
sensors,bucket=Set2,host=8a64927ac8a9,topic=/Set2 C3=1656,C4=1533,W1=474,R1n=472,ts="2026-04-26T02:48:52Z" 1777168101076120925
sensors,bucket=Set1,host=8a64927ac8a9,topic=/Set1 C1=1289,C2=1382,T1=19.8,R3=637,ts="2026-04-26T02:48:52Z" 1777168101386971934
sensors,bucket=Set2,host=8a64927ac8a9,topic=/Set2 C3=1759,C4=1562,W1=428,R1n=396,ts="2026-04-26T02:49:52Z" 1777168160883705526
sensors,bucket=Set1,host=8a64927ac8a9,topic=/Set1 C1=1289,C2=1383,T1=19.8,R3=622,ts="2026-04-26T02:49:52Z" 1777168161182763445
sensors,bucket=Set2,host=8a64927ac8a9,topic=/Set2 C3=1735,C4=1499,W1=381,R1n=363,ts="2026-04-26T02:50:52Z" 1777168220675107957
sensors,bucket=Set1,host=8a64927ac8a9,topic=/Set1 C1=1289,C2=1383,T1=19.8,R3=636,ts="2026-04-26T02:50:52Z" 1777168220983683581
sensors,bucket=Set2,host=8a64927ac8a9,topic=/Set2 C3=1736,C4=1483,W1=368,R1n=348,ts="2026-04-26T02:51:52Z" 1777168280475652367
sensors,bucket=Set1,host=8a64927ac8a9,topic=/Set1 C1=1288,C2=1374,T1=19.8,R3=616,ts="2026-04-26T02:51:52Z" 1777168280781977530
sensors,bucket=Set2,host=8a64927ac8a9,topic=/Set2 C3=1736,C4=1566,W1=490,R1n=472,ts="2026-04-26T02:52:51Z" 1777168340273213020
sensors,bucket=Set1,host=8a64927ac8a9,topic=/Set1 C1=1289,C2=1375,T1=19.8,R3=635,ts="2026-04-26T02:52:52Z" 1777168340582465209
sensors,bucket=Set2,host=8a64927ac8a9,topic=/Set2 C3=1676,C4=1481,W1=374,R1n=400,ts="2026-04-26T02:53:51Z" 1777168400075244491
sensors,bucket=Set1,host=8a64927ac8a9,topic=/Set1 C1=1289,C2=1382,T1=19.9,R3=616,ts="2026-04-26T02:53:51Z" 1777168400379531295
sensors,bucket=Set2,host=8a64927ac8a9,topic=/Set2 C3=1720,C4=1565,W1=489,R1n=478,ts="2026-04-26T02:54:51Z" 1777168459872271326
sensors,bucket=Set1,host=8a64927ac8a9,topic=/Set1 C1=1289,C2=1375,T1=19.8,R3=619,ts="2026-04-26T02:54:51Z" 1777168460185499480
sensors,bucket=Set2,host=8a64927ac8a9,topic=/Set2 C3=1677,C4=1448,W1=359,R1n=423,ts="2026-04-26T02:55:51Z" 1777168519679121641
sensors,bucket=Set1,host=8a64927ac8a9,topic=/Set1 C1=1289,C2=1382,T1=19.8,R3=622,ts="2026-04-26T02:55:51Z" 1777168519982042498
sensors,bucket=Set2,host=8a64927ac8a9,topic=/Set2 C3=1722,C4=1548,W1=491,R1n=470,ts="2026-04-26T02:56:51Z" 1777168579474942352
sensors,bucket=Set1,host=8a64927ac8a9,topic=/Set1 C1=1289,C2=1375,T1=19.8,R3=633,ts="2026-04-26T02:56:51Z" 1777168579782031029
sensors,bucket=Set1,host=8a64927ac8a9,topic=/Set1 C1=1289,C2=1376,T1=19.8,R3=635,ts="2026-04-26T02:57:51Z" 1777168639579792690
sensors,bucket=Set2,host=8a64927ac8a9,topic=/Set2 C3=1755,C4=1504,W1=410,R1n=375,ts="2026-04-26T02:57:50Z" 1777168640926917687
sensors,bucket=Set2,host=8a64927ac8a9,topic=/Set2 C3=1656,C4=1466,W1=460,R1n=464,ts="2026-04-26T02:58:50Z" 1777168699068878379
sensors,bucket=Set1,host=8a64927ac8a9,topic=/Set1 C1=1289,C2=1375,T1=19.8,R3=651,ts="2026-04-26T02:58:50Z" 1777168699378795663
sensors,bucket=Set2,host=8a64927ac8a9,topic=/Set2 C3=1711,C4=1550,W1=491,R1n=488,ts="2026-04-26T02:59:50Z" 1777168758873535001
sensors,bucket=Set1,host=8a64927ac8a9,topic=/Set1 C1=1289,C2=1383,T1=19.8,R3=634,ts="2026-04-26T02:59:50Z" 1777168759173770484
sensors,bucket=Set2,host=8a64927ac8a9,topic=/Set2 C3=1720,C4=1480,W1=379,R1n=347,ts="2026-04-26T03:00:50Z" 1777168818664291574
sensors,bucket=Set1,host=8a64927ac8a9,topic=/Set1 C1=1289,C2=1375,T1=19.8,R3=633,ts="2026-04-26T03:00:50Z" 1777168818974570614
sensors,bucket=Set2,host=8a64927ac8a9,topic=/Set2 C3=1689,C4=1465,W1=359,R1n=350,ts="2026-04-26T03:01:50Z" 1777168878465279683
sensors,bucket=Set1,host=8a64927ac8a9,topic=/Set1 C1=1289,C2=1383,T1=19.8,R3=605,ts="2026-04-26T03:01:50Z" 1777168878769220598
sensors,bucket=Set2,host=8a64927ac8a9,topic=/Set2 C3=1660,C4=1448,W1=457,R1n=474,ts="2026-04-26T03:02:49Z" 1777168938261059680
sensors,bucket=Set1,host=8a64927ac8a9,topic=/Set1 C1=1289,C2=1382,T1=19.8,R3=632,ts="2026-04-26T03:02:50Z" 1777168938568737365
sensors,bucket=Set2,host=8a64927ac8a9,topic=/Set2 C3=1673,C4=1450,W1=408,R1n=460,ts="2026-04-26T03:03:49Z" 1777168998059657607
sensors,bucket=Set1,host=8a64927ac8a9,topic=/Set1 C1=1289,C2=1383,T1=19.8,R3=620,ts="2026-04-26T03:03:49Z" 1777168998366162959
sensors,bucket=Set2,host=8a64927ac8a9,topic=/Set2 C3=1767,C4=1529,W1=391,R1n=361,ts="2026-04-26T03:04:49Z" 1777169057857191012
sensors,bucket=Set1,host=8a64927ac8a9,topic=/Set1 C1=1289,C2=1383,T1=19.8,R3=630,ts="2026-04-26T03:04:49Z" 1777169058166054091
sensors,bucket=Set2,host=8a64927ac8a9,topic=/Set2 C3=1720,C4=1466,W1=363,R1n=412,ts="2026-04-26T03:05:49Z" 1777169117659588549
sensors,bucket=Set1,host=8a64927ac8a9,topic=/Set1 C1=1289,C2=1376,T1=19.8,R3=622,ts="2026-04-26T03:05:49Z" 1777169117962376244
sensors,bucket=Set2,host=8a64927ac8a9,topic=/Set2 C3=1755,C4=1503,W1=383,R1n=347,ts="2026-04-26T03:06:49Z" 1777169177454892333
sensors,bucket=Set1,host=8a64927ac8a9,topic=/Set1 C1=1290,C2=1383,T1=19.8,R3=616,ts="2026-04-26T03:06:49Z" 1777169177762705135
sensors,bucket=Set2,host=8a64927ac8a9,topic=/Set2 C3=1758,C4=1575,W1=471,R1n=441,ts="2026-04-26T03:07:48Z" 1777169237258495464
sensors,bucket=Set1,host=8a64927ac8a9,topic=/Set1 C1=1288,C2=1383,T1=19.9,R3=638,ts="2026-04-26T03:07:49Z" 1777169237558753211
sensors,bucket=Set2,host=8a64927ac8a9,topic=/Set2 C3=1687,C4=1468,W1=365,R1n=360,ts="2026-04-26T03:08:48Z" 1777169297055078239
sensors,bucket=Set1,host=8a64927ac8a9,topic=/Set1 C1=1288,C2=1375,T1=19.8,R3=621,ts="2026-04-26T03:08:48Z" 1777169297370781628
sensors,bucket=Set2,host=8a64927ac8a9,topic=/Set2 C3=1737,C4=1576,W1=478,R1n=463,ts="2026-04-26T03:09:48Z" 1777169356855355559
sensors,bucket=Set1,host=8a64927ac8a9,topic=/Set1 C1=1289,C2=1376,T1=19.8,R3=636,ts="2026-04-26T03:09:48Z" 1777169357159565999
sensors,bucket=Set2,host=8a64927ac8a9,topic=/Set2 C3=1720,C4=1562,W1=478,R1n=463,ts="2026-04-26T03:10:48Z" 1777169416653847128
sensors,bucket=Set1,host=8a64927ac8a9,topic=/Set1 C1=1288,C2=1375,T1=19.8,R3=654,ts="2026-04-26T03:10:48Z" 1777169416958344177
sensors,bucket=Set2,host=8a64927ac8a9,topic=/Set2 C3=1673,C4=1546,W1=491,R1n=474,ts="2026-04-26T03:11:48Z" 1777169476454530397
sensors,bucket=Set1,host=8a64927ac8a9,topic=/Set1 C1=1289,C2=1375,T1=19.8,R3=649,ts="2026-04-26T03:11:48Z" 1777169476755381269
sensors,bucket=Set2,host=8a64927ac8a9,topic=/Set2 C3=1744,C4=1578,W1=488,R1n=455,ts="2026-04-26T03:12:47Z" 1777169536254403014
sensors,bucket=Set1,host=8a64927ac8a9,topic=/Set1 C1=1289,C2=1383,T1=19.8,R3=616,ts="2026-04-26T03:12:48Z" 1777169536559593267
sensors,bucket=Set2,host=8a64927ac8a9,topic=/Set2 C3=1661,C4=1533,W1=491,R1n=471,ts="2026-04-26T03:13:47Z" 1777169596051730170
sensors,bucket=Set1,host=8a64927ac8a9,topic=/Set1 C1=1289,C2=1376,T1=19.8,R3=616,ts="2026-04-26T03:13:47Z" 1777169596354875079
sensors,bucket=Set2,host=8a64927ac8a9,topic=/Set2 C3=1759,C4=1560,W1=398,R1n=381,ts="2026-04-26T03:14:47Z" 1777169655850984685
sensors,bucket=Set1,host=8a64927ac8a9,topic=/Set1 C1=1288,C2=1376,T1=19.8,R3=637,ts="2026-04-26T03:14:47Z" 1777169656156835395
sensors,bucket=Set2,host=8a64927ac8a9,topic=/Set2 C3=1742,C4=1567,W1=486,R1n=459,ts="2026-04-26T03:15:47Z" 1777169715648893283
sensors,bucket=Set1,host=8a64927ac8a9,topic=/Set1 C1=1289,C2=1383,T1=19.8,R3=637,ts="2026-04-26T03:15:47Z" 1777169715953172641
sensors,bucket=Set2,host=8a64927ac8a9,topic=/Set2 C3=1693,C4=1464,W1=350,R1n=454,ts="2026-04-26T03:16:47Z" 1777169775445691526
sensors,bucket=Set1,host=8a64927ac8a9,topic=/Set1 C1=1289,C2=1375,T1=19.8,R3=638,ts="2026-04-26T03:16:47Z" 1777169775750869135
sensors,bucket=Set2,host=8a64927ac8a9,topic=/Set2 C3=1664,C4=1448,W1=362,R1n=432,ts="2026-04-26T03:17:46Z" 1777169835245957416
sensors,bucket=Set1,host=8a64927ac8a9,topic=/Set1 C1=1289,C2=1383,T1=19.8,R3=599,ts="2026-04-26T03:17:47Z" 1777169835547912653
sensors,bucket=Set2,host=8a64927ac8a9,topic=/Set2 C3=1674,C4=1449,W1=424,R1n=429,ts="2026-04-26T03:18:46Z" 1777169895044695067
sensors,bucket=Set1,host=8a64927ac8a9,topic=/Set1 C1=1289,C2=1384,T1=19.8,R3=637,ts="2026-04-26T03:18:46Z" 1777169895347359903
sensors,bucket=Set2,host=8a64927ac8a9,topic=/Set2 C3=1674,C4=1449,W1=424,R1n=445,ts="2026-04-26T03:19:46Z" 1777169954841967661
sensors,bucket=Set1,host=8a64927ac8a9,topic=/Set1 C1=1289,C2=1376,T1=19.8,R3=636,ts="2026-04-26T03:19:46Z" 1777169955141819352
sensors,bucket=Set2,host=8a64927ac8a9,topic=/Set2 C3=1704,C4=1534,W1=488,R1n=478,ts="2026-04-26T03:20:46Z" 1777170014642878375
sensors,bucket=Set1,host=8a64927ac8a9,topic=/Set1 C1=1288,C2=1383,T1=19.8,R3=618,ts="2026-04-26T03:20:46Z" 1777170014941725253
sensors,bucket=Set2,host=8a64927ac8a9,topic=/Set2 C3=1739,C4=1478,W1=364,R1n=347,ts="2026-04-26T03:21:46Z" 1777170074437589485
sensors,bucket=Set1,host=8a64927ac8a9,topic=/Set1 C1=1289,C2=1375,T1=19.8,R3=617,ts="2026-04-26T03:21:46Z" 1777170074743290684
sensors,bucket=Set2,host=8a64927ac8a9,topic=/Set2 C3=1725,C4=1565,W1=489,R1n=477,ts="2026-04-26T03:22:45Z" 1777170134236039431
sensors,bucket=Set1,host=8a64927ac8a9,topic=/Set1 C1=1288,C2=1375,T1=19.8,R3=648,ts="2026-04-26T03:22:46Z" 1777170134542080130
sensors,bucket=Set2,host=8a64927ac8a9,topic=/Set2 C3=1768,C4=1563,W1=428,R1n=397,ts="2026-04-26T03:23:45Z" 1777170194036151281
sensors,bucket=Set1,host=8a64927ac8a9,topic=/Set1 C1=1288,C2=1383,T1=19.8,R3=622,ts="2026-04-26T03:23:45Z" 1777170194336269800
sensors,bucket=Set2,host=8a64927ac8a9,topic=/Set2 C3=1754,C4=1565,W1=444,R1n=413,ts="2026-04-26T03:24:45Z" 1777170253832463724
sensors,bucket=Set1,host=8a64927ac8a9,topic=/Set1 C1=1290,C2=1384,T1=19.8,R3=620,ts="2026-04-26T03:24:45Z" 1777170254137960606
sensors,bucket=Set2,host=8a64927ac8a9,topic=/Set2 C3=1690,C4=1455,W1=363,R1n=408,ts="2026-04-26T03:25:45Z" 1777170313632921083
sensors,bucket=Set1,host=8a64927ac8a9,topic=/Set1 C1=1288,C2=1383,T1=19.8,R3=650,ts="2026-04-26T03:25:45Z" 1777170313933898655
sensors,bucket=Set2,host=8a64927ac8a9,topic=/Set2 C3=1692,C4=1450,W1=367,R1n=448,ts="2026-04-26T03:26:45Z" 1777170373436552314
sensors,bucket=Set1,host=8a64927ac8a9,topic=/Set1 C1=1289,C2=1375,T1=19.8,R3=617,ts="2026-04-26T03:26:45Z" 1777170373735691519
sensors,bucket=Set2,host=8a64927ac8a9,topic=/Set2 C3=1706,C4=1466,W1=362,R1n=398,ts="2026-04-26T03:27:44Z" 1777170433232752385
sensors,bucket=Set1,host=8a64927ac8a9,topic=/Set1 C1=1288,C2=1383,T1=19.8,R3=616,ts="2026-04-26T03:27:45Z" 1777170433537387667
sensors,bucket=Set2,host=8a64927ac8a9,topic=/Set2 C3=1756,C4=1528,W1=396,R1n=359,ts="2026-04-26T03:28:44Z" 1777170493030341683
sensors,bucket=Set1,host=8a64927ac8a9,topic=/Set1 C1=1288,C2=1376,T1=19.8,R3=647,ts="2026-04-26T03:28:44Z" 1777170493334523046
sensors,bucket=Set2,host=8a64927ac8a9,topic=/Set2 C3=1755,C4=1534,W1=394,R1n=350,ts="2026-04-26T03:29:44Z" 1777170552838627844
sensors,bucket=Set1,host=8a64927ac8a9,topic=/Set1 C1=1289,C2=1375,T1=19.8,R3=639,ts="2026-04-26T03:29:44Z" 1777170553133059564
sensors,bucket=Set2,host=8a64927ac8a9,topic=/Set2 C3=1691,C4=1451,W1=364,R1n=442,ts="2026-04-26T03:30:44Z" 1777170612630769287
sensors,bucket=Set1,host=8a64927ac8a9,topic=/Set1 C1=1288,C2=1374,T1=19.8,R3=621,ts="2026-04-26T03:30:44Z" 1777170612933928860
sensors,bucket=Set2,host=8a64927ac8a9,topic=/Set2 C3=1725,C4=1496,W1=363,R1n=345,ts="2026-04-26T03:31:44Z" 1777170672431911398
sensors,bucket=Set1,host=8a64927ac8a9,topic=/Set1 C1=1290,C2=1376,T1=19.8,R3=639,ts="2026-04-26T03:31:44Z" 1777170672733042925
sensors,bucket=Set2,host=8a64927ac8a9,topic=/Set2 C3=1720,C4=1546,W1=477,R1n=476,ts="2026-04-26T03:32:43Z" 1777170732229397872
sensors,bucket=Set1,host=8a64927ac8a9,topic=/Set1 C1=1289,C2=1375,T1=19.8,R3=631,ts="2026-04-26T03:32:44Z" 1777170732533327380
sensors,bucket=Set2,host=8a64927ac8a9,topic=/Set2 C3=1771,C4=1568,W1=461,R1n=392,ts="2026-04-26T03:33:43Z" 1777170792027340217
sensors,bucket=Set1,host=8a64927ac8a9,topic=/Set1 C1=1290,C2=1383,T1=19.8,R3=638,ts="2026-04-26T03:33:43Z" 1777170792328902988
sensors,bucket=Set2,host=8a64927ac8a9,topic=/Set2 C3=1677,C4=1530,W1=488,R1n=470,ts="2026-04-26T03:34:43Z" 1777170851824680390
sensors,bucket=Set1,host=8a64927ac8a9,topic=/Set1 C1=1289,C2=1375,T1=19.8,R3=649,ts="2026-04-26T03:34:43Z" 1777170852126576187
sensors,bucket=Set2,host=8a64927ac8a9,topic=/Set2 C3=1656,C4=1449,W1=444,R1n=478,ts="2026-04-26T03:35:43Z" 1777170911623870517
sensors,bucket=Set1,host=8a64927ac8a9,topic=/Set1 C1=1289,C2=1384,T1=19.8,R3=649,ts="2026-04-26T03:35:43Z" 1777170911921377012
sensors,bucket=Set2,host=8a64927ac8a9,topic=/Set2 C3=1725,C4=1560,W1=474,R1n=490,ts="2026-04-26T03:36:43Z" 1777170971418393144
sensors,bucket=Set1,host=8a64927ac8a9,topic=/Set1 C1=1289,C2=1374,T1=19.8,R3=654,ts="2026-04-26T03:36:43Z" 1777170971722990320
sensors,bucket=Set2,host=8a64927ac8a9,topic=/Set2 C3=1725,C4=1466,W1=360,R1n=360,ts="2026-04-26T03:37:42Z" 1777171031219916417
sensors,bucket=Set1,host=8a64927ac8a9,topic=/Set1 C1=1289,C2=1383,T1=19.8,R3=634,ts="2026-04-26T03:37:43Z" 1777171031521003708
sensors,bucket=Set2,host=8a64927ac8a9,topic=/Set2 C3=1661,C4=1517,W1=455,R1n=475,ts="2026-04-26T03:38:42Z" 1777171091016464544
sensors,bucket=Set1,host=8a64927ac8a9,topic=/Set1 C1=1290,C2=1384,T1=19.8,R3=648,ts="2026-04-26T03:38:42Z" 1777171091319330471
sensors,bucket=Set2,host=8a64927ac8a9,topic=/Set2 C3=1757,C4=1562,W1=430,R1n=394,ts="2026-04-26T03:39:42Z" 1777171150816134587
sensors,bucket=Set1,host=8a64927ac8a9,topic=/Set1 C1=1289,C2=1384,T1=19.8,R3=636,ts="2026-04-26T03:39:42Z" 1777171151119914409
sensors,bucket=Set2,host=8a64927ac8a9,topic=/Set2 C3=1758,C4=1519,W1=429,R1n=377,ts="2026-04-26T03:40:42Z" 1777171210613944781
sensors,bucket=Set1,host=8a64927ac8a9,topic=/Set1 C1=1288,C2=1376,T1=19.8,R3=622,ts="2026-04-26T03:40:42Z" 1777171210915585416
sensors,bucket=Set2,host=8a64927ac8a9,topic=/Set2 C3=1741,C4=1561,W1=479,R1n=455,ts="2026-04-26T03:41:42Z" 1777171270417327996
sensors,bucket=Set1,host=8a64927ac8a9,topic=/Set1 C1=1289,C2=1383,T1=19.8,R3=618,ts="2026-04-26T03:41:42Z" 1777171270714497644
sensors,bucket=Set2,host=8a64927ac8a9,topic=/Set2 C3=1676,C4=1447,W1=363,R1n=439,ts="2026-04-26T03:42:41Z" 1777171330213044005
sensors,bucket=Set1,host=8a64927ac8a9,topic=/Set1 C1=1290,C2=1384,T1=19.8,R3=635,ts="2026-04-26T03:42:42Z" 1777171330516469183
sensors,bucket=Set2,host=8a64927ac8a9,topic=/Set2 C3=1769,C4=1516,W1=398,R1n=350,ts="2026-04-26T03:43:41Z" 1777171390014167812
sensors,bucket=Set1,host=8a64927ac8a9,topic=/Set1 C1=1289,C2=1383,T1=19.8,R3=636,ts="2026-04-26T03:43:41Z" 1777171390313866476
sensors,bucket=Set2,host=8a64927ac8a9,topic=/Set2 C3=1756,C4=1567,W1=471,R1n=444,ts="2026-04-26T03:44:41Z" 1777171449812454652
sensors,bucket=Set1,host=8a64927ac8a9,topic=/Set1 C1=1288,C2=1383,T1=19.8,R3=653,ts="2026-04-26T03:44:41Z" 1777171450113914034
sensors,bucket=Set2,host=8a64927ac8a9,topic=/Set2 C3=1692,C4=1480,W1=361,R1n=398,ts="2026-04-26T03:45:41Z" 1777171509613551924
sensors,bucket=Set1,host=8a64927ac8a9,topic=/Set1 C1=1289,C2=1383,T1=19.8,R3=620,ts="2026-04-26T03:45:41Z" 1777171509912578256
sensors,bucket=Set2,host=8a64927ac8a9,topic=/Set2 C3=1752,C4=1497,W1=379,R1n=378,ts="2026-04-26T03:46:41Z" 1777171569409799882
sensors,bucket=Set1,host=8a64927ac8a9,topic=/Set1 C1=1289,C2=1384,T1=19.8,R3=635,ts="2026-04-26T03:46:41Z" 1777171569714531924
sensors,bucket=Set2,host=8a64927ac8a9,topic=/Set2 C3=1688,C4=1448,W1=374,R1n=444,ts="2026-04-26T03:47:40Z" 1777171629211875318
sensors,bucket=Set1,host=8a64927ac8a9,topic=/Set1 C1=1289,C2=1376,T1=19.8,R3=638,ts="2026-04-26T03:47:41Z" 1777171629511118348
sensors,bucket=Set2,host=8a64927ac8a9,topic=/Set2 C3=1690,C4=1547,W1=490,R1n=489,ts="2026-04-26T03:48:40Z" 1777171689009416327
sensors,bucket=Set1,host=8a64927ac8a9,topic=/Set1 C1=1289,C2=1383,T1=19.8,R3=639,ts="2026-04-26T03:48:40Z" 1777171689317435205
sensors,bucket=Set2,host=8a64927ac8a9,topic=/Set2 C3=1663,C4=1528,W1=488,R1n=476,ts="2026-04-26T03:49:40Z" 1777171748810142904
sensors,bucket=Set1,host=8a64927ac8a9,topic=/Set1 C1=1288,C2=1374,T1=19.8,R3=621,ts="2026-04-26T03:49:40Z" 1777171749107696477
sensors,bucket=Set2,host=8a64927ac8a9,topic=/Set2 C3=1743,C4=1499,W1=376,R1n=347,ts="2026-04-26T03:50:40Z" 1777171808614350331
sensors,bucket=Set1,host=8a64927ac8a9,topic=/Set1 C1=1288,C2=1375,T1=19.8,R3=606,ts="2026-04-26T03:50:40Z" 1777171808911692988
sensors,bucket=Set2,host=8a64927ac8a9,topic=/Set2 C3=1723,C4=1516,W1=367,R1n=349,ts="2026-04-26T03:51:40Z" 1777171868413845157
sensors,bucket=Set1,host=8a64927ac8a9,topic=/Set1 C1=1290,C2=1376,T1=19.8,R3=633,ts="2026-04-26T03:51:40Z" 1777171868710434053
sensors,bucket=Set2,host=8a64927ac8a9,topic=/Set2 C3=1657,C4=1469,W1=456,R1n=488,ts="2026-04-26T03:52:39Z" 1777171928208708815
sensors,bucket=Set1,host=8a64927ac8a9,topic=/Set1 C1=1289,C2=1376,T1=19.8,R3=607,ts="2026-04-26T03:52:40Z" 1777171928508710940
sensors,bucket=Set2,host=8a64927ac8a9,topic=/Set2 C3=1758,C4=1565,W1=493,R1n=442,ts="2026-04-26T03:53:39Z" 1777171988009570195
sensors,bucket=Set1,host=8a64927ac8a9,topic=/Set1 C1=1289,C2=1383,T1=19.8,R3=648,ts="2026-04-26T03:53:39Z" 1777171988304966228
sensors,bucket=Set2,host=8a64927ac8a9,topic=/Set2 C3=1767,C4=1536,W1=427,R1n=366,ts="2026-04-26T03:54:39Z" 1777172047808491228
sensors,bucket=Set1,host=8a64927ac8a9,topic=/Set1 C1=1288,C2=1383,T1=19.8,R3=606,ts="2026-04-26T03:54:39Z" 1777172048108085498
sensors,bucket=Set2,host=8a64927ac8a9,topic=/Set2 C3=1768,C4=1577,W1=460,R1n=398,ts="2026-04-26T03:55:39Z" 1777172107609708721
sensors,bucket=Set1,host=8a64927ac8a9,topic=/Set1 C1=1289,C2=1383,T1=19.8,R3=632,ts="2026-04-26T03:55:39Z" 1777172107904552028
sensors,bucket=Set2,host=8a64927ac8a9,topic=/Set2 C3=1735,C4=1566,W1=476,R1n=477,ts="2026-04-26T03:56:39Z" 1777172167408115282
sensors,bucket=Set1,host=8a64927ac8a9,topic=/Set1 C1=1289,C2=1383,T1=19.8,R3=647,ts="2026-04-26T03:56:39Z" 1777172167707565049
sensors,bucket=Set2,host=8a64927ac8a9,topic=/Set2 C3=1708,C4=1544,W1=473,R1n=475,ts="2026-04-26T03:57:38Z" 1777172227210275992
sensors,bucket=Set1,host=8a64927ac8a9,topic=/Set1 C1=1289,C2=1383,T1=19.8,R3=621,ts="2026-04-26T03:57:39Z" 1777172227506288049
sensors,bucket=Set2,host=8a64927ac8a9,topic=/Set2 C3=1769,C4=1577,W1=441,R1n=396,ts="2026-04-26T03:58:38Z" 1777172287008782372
sensors,bucket=Set1,host=8a64927ac8a9,topic=/Set1 C1=1289,C2=1375,T1=19.8,R3=637,ts="2026-04-26T03:58:38Z" 1777172287307467192
sensors,bucket=Set2,host=8a64927ac8a9,topic=/Set2 C3=1660,C4=1450,W1=438,R1n=460,ts="2026-04-26T03:59:38Z" 1777172346808300469
sensors,bucket=Set1,host=8a64927ac8a9,topic=/Set1 C1=1290,C2=1382,T1=19.8,R3=650,ts="2026-04-26T03:59:38Z" 1777172347107279750
sensors,bucket=Set2,host=8a64927ac8a9,topic=/Set2 C3=1769,C4=1512,W1=393,R1n=349,ts="2026-04-26T04:00:38Z" 1777172406605618591
sensors,bucket=Set1,host=8a64927ac8a9,topic=/Set1 C1=1288,C2=1382,T1=19.8,R3=618,ts="2026-04-26T04:00:38Z" 1777172406906305541
sensors,bucket=Set2,host=8a64927ac8a9,topic=/Set2 C3=1760,C4=1552,W1=445,R1n=398,ts="2026-04-26T04:01:38Z" 1777172466407151103
sensors,bucket=Set1,host=8a64927ac8a9,topic=/Set1 C1=1289,C2=1375,T1=19.8,R3=638,ts="2026-04-26T04:01:38Z" 1777172466704532673
sensors,bucket=Set2,host=8a64927ac8a9,topic=/Set2 C3=1738,C4=1481,W1=364,R1n=360,ts="2026-04-26T04:02:37Z" 1777172526208696181
sensors,bucket=Set1,host=8a64927ac8a9,topic=/Set1 C1=1288,C2=1374,T1=19.8,R3=620,ts="2026-04-26T04:02:38Z" 1777172526507047627
sensors,bucket=Set2,host=8a64927ac8a9,topic=/Set2 C3=1661,C4=1464,W1=432,R1n=486,ts="2026-04-26T04:03:37Z" 1777172586005039114
sensors,bucket=Set1,host=8a64927ac8a9,topic=/Set1 C1=1289,C2=1375,T1=19.8,R3=650,ts="2026-04-26T04:03:37Z" 1777172586303610641
sensors,bucket=Set2,host=8a64927ac8a9,topic=/Set2 C3=1770,C4=1551,W1=444,R1n=399,ts="2026-04-26T04:04:37Z" 1777172645807393332
sensors,bucket=Set1,host=8a64927ac8a9,topic=/Set1 C1=1289,C2=1382,T1=19.8,R3=650,ts="2026-04-26T04:04:37Z" 1777172646105425944
sensors,bucket=Set2,host=8a64927ac8a9,topic=/Set2 C3=1759,C4=1528,W1=430,R1n=378,ts="2026-04-26T04:05:37Z" 1777172705609002502
sensors,bucket=Set1,host=8a64927ac8a9,topic=/Set1 C1=1289,C2=1383,T1=19.8,R3=637,ts="2026-04-26T04:05:37Z" 1777172705902983097
sensors,bucket=Set2,host=8a64927ac8a9,topic=/Set2 C3=1739,C4=1455,W1=360,R1n=347,ts="2026-04-26T04:06:37Z" 1777172765406100596
sensors,bucket=Set1,host=8a64927ac8a9,topic=/Set1 C1=1289,C2=1375,T1=19.8,R3=637,ts="2026-04-26T04:06:37Z" 1777172765703547710
sensors,bucket=Set2,host=8a64927ac8a9,topic=/Set2 C3=1769,C4=1575,W1=472,R1n=425,ts="2026-04-26T04:07:36Z" 1777172825200907114
sensors,bucket=Set1,host=8a64927ac8a9,topic=/Set1 C1=1288,C2=1383,T1=19.8,R3=617,ts="2026-04-26T04:07:37Z" 1777172825497933776
sensors,bucket=Set2,host=8a64927ac8a9,topic=/Set2 C3=1757,C4=1563,W1=478,R1n=430,ts="2026-04-26T04:08:36Z" 1777172884995259373
sensors,bucket=Set1,host=8a64927ac8a9,topic=/Set1 C1=1288,C2=1376,T1=19.8,R3=607,ts="2026-04-26T04:08:36Z" 1777172885293364155
sensors,bucket=Set2,host=8a64927ac8a9,topic=/Set2 C3=1753,C4=1577,W1=475,R1n=476,ts="2026-04-26T04:09:36Z" 1777172944794993538
sensors,bucket=Set1,host=8a64927ac8a9,topic=/Set1 C1=1288,C2=1382,T1=19.8,R3=616,ts="2026-04-26T04:09:36Z" 1777172945087947995
sensors,bucket=Set2,host=8a64927ac8a9,topic=/Set2 C3=1768,C4=1581,W1=475,R1n=430,ts="2026-04-26T04:10:36Z" 1777173004583899549
sensors,bucket=Set1,host=8a64927ac8a9,topic=/Set1 C1=1288,C2=1376,T1=19.8,R3=630,ts="2026-04-26T04:10:36Z" 1777173004883552510
sensors,bucket=Set2,host=8a64927ac8a9,topic=/Set2 C3=1768,C4=1565,W1=455,R1n=428,ts="2026-04-26T04:11:36Z" 1777173064390932245
sensors,bucket=Set1,host=8a64927ac8a9,topic=/Set1 C1=1288,C2=1375,T1=19.8,R3=621,ts="2026-04-26T04:11:36Z" 1777173064679924145
sensors,bucket=Set2,host=8a64927ac8a9,topic=/Set2 C3=1707,C4=1470,W1=365,R1n=363,ts="2026-04-26T04:12:35Z" 1777173124182496004
sensors,bucket=Set1,host=8a64927ac8a9,topic=/Set1 C1=1289,C2=1376,T1=19.8,R3=646,ts="2026-04-26T04:12:36Z" 1777173124478545650
sensors,bucket=Set2,host=8a64927ac8a9,topic=/Set2 C3=1705,C4=1466,W1=360,R1n=442,ts="2026-04-26T04:13:35Z" 1777173183985194428
sensors,bucket=Set1,host=8a64927ac8a9,topic=/Set1 C1=1289,C2=1376,T1=19.8,R3=633,ts="2026-04-26T04:13:35Z" 1777173184277037300
sensors,bucket=Set2,host=8a64927ac8a9,topic=/Set2 C3=1660,C4=1449,W1=441,R1n=457,ts="2026-04-26T04:14:35Z" 1777173243780984658
sensors,bucket=Set1,host=8a64927ac8a9,topic=/Set1 C1=1289,C2=1375,T1=19.8,R3=631,ts="2026-04-26T04:14:35Z" 1777173244076481634
sensors,bucket=Set2,host=8a64927ac8a9,topic=/Set2 C3=1709,C4=1548,W1=479,R1n=472,ts="2026-04-26T04:15:35Z" 1777173303579394080
sensors,bucket=Set1,host=8a64927ac8a9,topic=/Set1 C1=1289,C2=1376,T1=19.8,R3=653,ts="2026-04-26T04:15:35Z" 1777173303874507995
sensors,bucket=Set2,host=8a64927ac8a9,topic=/Set2 C3=1678,C4=1448,W1=363,R1n=460,ts="2026-04-26T04:16:35Z" 1777173363375833942
sensors,bucket=Set1,host=8a64927ac8a9,topic=/Set1 C1=1288,C2=1383,T1=19.8,R3=606,ts="2026-04-26T04:16:35Z" 1777173363673779789
sensors,bucket=Set2,host=8a64927ac8a9,topic=/Set2 C3=1769,C4=1548,W1=407,R1n=362,ts="2026-04-26T04:17:34Z" 1777173423181447174
sensors,bucket=Set1,host=8a64927ac8a9,topic=/Set1 C1=1289,C2=1382,T1=19.8,R3=651,ts="2026-04-26T04:17:35Z" 1777173423472197595
sensors,bucket=Set2,host=8a64927ac8a9,topic=/Set2 C3=1688,C4=1452,W1=375,R1n=457,ts="2026-04-26T04:18:34Z" 1777173482978638911
sensors,bucket=Set1,host=8a64927ac8a9,topic=/Set1 C1=1289,C2=1383,T1=19.8,R3=608,ts="2026-04-26T04:18:34Z" 1777173483274229347
sensors,bucket=Set2,host=8a64927ac8a9,topic=/Set2 C3=1769,C4=1561,W1=464,R1n=395,ts="2026-04-26T04:19:34Z" 1777173542778417543
sensors,bucket=Set1,host=8a64927ac8a9,topic=/Set1 C1=1289,C2=1383,T1=19.8,R3=615,ts="2026-04-26T04:19:34Z" 1777173543066577113
sensors,bucket=Set2,host=8a64927ac8a9,topic=/Set2 C3=1722,C4=1481,W1=359,R1n=440,ts="2026-04-26T04:20:34Z" 1777173602578889121
sensors,bucket=Set1,host=8a64927ac8a9,topic=/Set1 C1=1289,C2=1376,T1=19.8,R3=653,ts="2026-04-26T04:20:34Z" 1777173602867285027
sensors,bucket=Set2,host=8a64927ac8a9,topic=/Set2 C3=1768,C4=1577,W1=475,R1n=423,ts="2026-04-26T04:21:34Z" 1777173662377201261
sensors,bucket=Set1,host=8a64927ac8a9,topic=/Set1 C1=1289,C2=1382,T1=19.8,R3=604,ts="2026-04-26T04:21:34Z" 1777173662689302912
sensors,bucket=Set2,host=8a64927ac8a9,topic=/Set2 C3=1662,C4=1450,W1=455,R1n=488,ts="2026-04-26T04:22:33Z" 1777173722177042421
sensors,bucket=Set1,host=8a64927ac8a9,topic=/Set1 C1=1290,C2=1383,T1=19.8,R3=634,ts="2026-04-26T04:22:34Z" 1777173722471872762
sensors,bucket=Set2,host=8a64927ac8a9,topic=/Set2 C3=1757,C4=1577,W1=443,R1n=410,ts="2026-04-26T04:23:33Z" 1777173781977409458
sensors,bucket=Set1,host=8a64927ac8a9,topic=/Set1 C1=1289,C2=1384,T1=19.8,R3=647,ts="2026-04-26T04:23:33Z" 1777173782268242036
sensors,bucket=Set2,host=8a64927ac8a9,topic=/Set2 C3=1676,C4=1450,W1=360,R1n=447,ts="2026-04-26T04:24:33Z" 1777173841773639200
sensors,bucket=Set1,host=8a64927ac8a9,topic=/Set1 C1=1288,C2=1376,T1=19.8,R3=621,ts="2026-04-26T04:24:33Z" 1777173842923782197
sensors,bucket=Set2,host=8a64927ac8a9,topic=/Set2 C3=1739,C4=1565,W1=479,R1n=463,ts="2026-04-26T04:25:33Z" 1777173901577371270
sensors,bucket=Set1,host=8a64927ac8a9,topic=/Set1 C1=1289,C2=1375,T1=19.8,R3=618,ts="2026-04-26T04:25:33Z" 1777173901869611905
sensors,bucket=Set2,host=8a64927ac8a9,topic=/Set2 C3=1723,C4=1482,W1=362,R1n=360,ts="2026-04-26T04:26:33Z" 1777173961374375180
sensors,bucket=Set1,host=8a64927ac8a9,topic=/Set1 C1=1289,C2=1382,T1=19.8,R3=638,ts="2026-04-26T04:26:33Z" 1777173961666704990
sensors,bucket=Set2,host=8a64927ac8a9,topic=/Set2 C3=1755,C4=1575,W1=489,R1n=444,ts="2026-04-26T04:27:32Z" 1777174021174999101
sensors,bucket=Set1,host=8a64927ac8a9,topic=/Set1 C1=1288,C2=1376,T1=19.8,R3=638,ts="2026-04-26T04:27:33Z" 1777174021466552020
sensors,bucket=Set2,host=8a64927ac8a9,topic=/Set2 C3=1753,C4=1520,W1=406,R1n=362,ts="2026-04-26T04:28:32Z" 1777174080972269159
sensors,bucket=Set1,host=8a64927ac8a9,topic=/Set1 C1=1289,C2=1374,T1=19.8,R3=663,ts="2026-04-26T04:28:32Z" 1777174081268103495
sensors,bucket=Set2,host=8a64927ac8a9,topic=/Set2 C3=1687,C4=1448,W1=427,R1n=444,ts="2026-04-26T04:29:32Z" 1777174140775829291
sensors,bucket=Set1,host=8a64927ac8a9,topic=/Set1 C1=1288,C2=1375,T1=19.8,R3=623,ts="2026-04-26T04:29:32Z" 1777174141064254213
sensors,bucket=Set2,host=8a64927ac8a9,topic=/Set2 C3=1660,C4=1533,W1=478,R1n=492,ts="2026-04-26T04:30:32Z" 1777174200571973474
sensors,bucket=Set1,host=8a64927ac8a9,topic=/Set1 C1=1288,C2=1375,T1=19.8,R3=636,ts="2026-04-26T04:30:32Z" 1777174200866277192
sensors,bucket=Set2,host=8a64927ac8a9,topic=/Set2 C3=1753,C4=1565,W1=472,R1n=453,ts="2026-04-26T04:31:32Z" 1777174260370054961
sensors,bucket=Set1,host=8a64927ac8a9,topic=/Set1 C1=1289,C2=1383,T1=19.8,R3=634,ts="2026-04-26T04:31:32Z" 1777174260662910091
sensors,bucket=Set2,host=8a64927ac8a9,topic=/Set2 C3=1768,C4=1560,W1=430,R1n=381,ts="2026-04-26T04:32:31Z" 1777174320172273327
sensors,bucket=Set1,host=8a64927ac8a9,topic=/Set1 C1=1289,C2=1383,T1=19.8,R3=636,ts="2026-04-26T04:32:32Z" 1777174320463298894
sensors,bucket=Set2,host=8a64927ac8a9,topic=/Set2 C3=1679,C4=1528,W1=478,R1n=476,ts="2026-04-26T04:33:31Z" 1777174379973104759
sensors,bucket=Set1,host=8a64927ac8a9,topic=/Set1 C1=1289,C2=1383,T1=19.8,R3=637,ts="2026-04-26T04:33:31Z" 1777174380269157321
sensors,bucket=Set2,host=8a64927ac8a9,topic=/Set2 C3=1769,C4=1562,W1=441,R1n=399,ts="2026-04-26T04:34:31Z" 1777174439769472796
sensors,bucket=Set1,host=8a64927ac8a9,topic=/Set1 C1=1289,C2=1383,T1=19.8,R3=647,ts="2026-04-26T04:34:31Z" 1777174440061655723
sensors,bucket=Set2,host=8a64927ac8a9,topic=/Set2 C3=1692,C4=1451,W1=366,R1n=439,ts="2026-04-26T04:35:31Z" 1777174499572164767
sensors,bucket=Set1,host=8a64927ac8a9,topic=/Set1 C1=1289,C2=1382,T1=19.8,R3=652,ts="2026-04-26T04:35:31Z" 1777174499859067202
sensors,bucket=Set2,host=8a64927ac8a9,topic=/Set2 C3=1721,C4=1482,W1=360,R1n=363,ts="2026-04-26T04:36:31Z" 1777174559366945253
sensors,bucket=Set1,host=8a64927ac8a9,topic=/Set1 C1=1289,C2=1383,T1=19.8,R3=637,ts="2026-04-26T04:36:31Z" 1777174559661542738
sensors,bucket=Set2,host=8a64927ac8a9,topic=/Set2 C3=1738,C4=1562,W1=477,R1n=475,ts="2026-04-26T04:37:30Z" 1777174619169230011
sensors,bucket=Set1,host=8a64927ac8a9,topic=/Set1 C1=1289,C2=1375,T1=19.8,R3=622,ts="2026-04-26T04:37:31Z" 1777174619458085602
sensors,bucket=Set2,host=8a64927ac8a9,topic=/Set2 C3=1720,C4=1516,W1=365,R1n=347,ts="2026-04-26T04:38:30Z" 1777174678969564109
sensors,bucket=Set1,host=8a64927ac8a9,topic=/Set1 C1=1289,C2=1383,T1=19.8,R3=647,ts="2026-04-26T04:38:30Z" 1777174679258530115
sensors,bucket=Set2,host=8a64927ac8a9,topic=/Set2 C3=1752,C4=1567,W1=478,R1n=460,ts="2026-04-26T04:39:30Z" 1777174738768423765
sensors,bucket=Set1,host=8a64927ac8a9,topic=/Set1 C1=1288,C2=1383,T1=19.8,R3=616,ts="2026-04-26T04:39:30Z" 1777174739058183925
sensors,bucket=Set2,host=8a64927ac8a9,topic=/Set2 C3=1759,C4=1562,W1=426,R1n=414,ts="2026-04-26T04:40:30Z" 1777174798569880182
sensors,bucket=Set1,host=8a64927ac8a9,topic=/Set1 C1=1289,C2=1376,T1=19.8,R3=634,ts="2026-04-26T04:40:30Z" 1777174798859216165
sensors,bucket=Set2,host=8a64927ac8a9,topic=/Set2 C3=1736,C4=1576,W1=488,R1n=473,ts="2026-04-26T04:41:30Z" 1777174858366746629
sensors,bucket=Set1,host=8a64927ac8a9,topic=/Set1 C1=1288,C2=1383,T1=19.8,R3=616,ts="2026-04-26T04:41:30Z" 1777174858653806413
sensors,bucket=Set2,host=8a64927ac8a9,topic=/Set2 C3=1753,C4=1575,W1=490,R1n=461,ts="2026-04-26T04:42:29Z" 1777174918163899486
sensors,bucket=Set1,host=8a64927ac8a9,topic=/Set1 C1=1290,C2=1383,T1=19.8,R3=620,ts="2026-04-26T04:42:30Z" 1777174918461507264
sensors,bucket=Set2,host=8a64927ac8a9,topic=/Set2 C3=1693,C4=1562,W1=490,R1n=477,ts="2026-04-26T04:43:29Z" 1777174977961673132
sensors,bucket=Set1,host=8a64927ac8a9,topic=/Set1 C1=1289,C2=1382,T1=19.8,R3=617,ts="2026-04-26T04:43:29Z" 1777174978248638409
sensors,bucket=Set2,host=8a64927ac8a9,topic=/Set2 C3=1724,C4=1567,W1=475,R1n=474,ts="2026-04-26T04:44:29Z" 1777175037759310510
sensors,bucket=Set1,host=8a64927ac8a9,topic=/Set1 C1=1288,C2=1375,T1=19.8,R3=638,ts="2026-04-26T04:44:29Z" 1777175038055467837
sensors,bucket=Set2,host=8a64927ac8a9,topic=/Set2 C3=1656,C4=1450,W1=441,R1n=473,ts="2026-04-26T04:45:29Z" 1777175097556983037
sensors,bucket=Set1,host=8a64927ac8a9,topic=/Set1 C1=1289,C2=1376,T1=19.8,R3=636,ts="2026-04-26T04:45:29Z" 1777175097857037428
sensors,bucket=Set2,host=8a64927ac8a9,topic=/Set2 C3=1660,C4=1514,W1=447,R1n=474,ts="2026-04-26T04:46:29Z" 1777175157353656002
sensors,bucket=Set1,host=8a64927ac8a9,topic=/Set1 C1=1289,C2=1376,T1=19.8,R3=637,ts="2026-04-26T04:46:29Z" 1777175157647027391
sensors,bucket=Set2,host=8a64927ac8a9,topic=/Set2 C3=1770,C4=1527,W1=414,R1n=363,ts="2026-04-26T04:47:28Z" 1777175217152394826
sensors,bucket=Set1,host=8a64927ac8a9,topic=/Set1 C1=1289,C2=1375,T1=19.8,R3=618,ts="2026-04-26T04:47:29Z" 1777175217443310098
sensors,bucket=Set2,host=8a64927ac8a9,topic=/Set2 C3=1656,C4=1496,W1=445,R1n=477,ts="2026-04-26T04:48:28Z" 1777175276951440447
sensors,bucket=Set1,host=8a64927ac8a9,topic=/Set1 C1=1289,C2=1376,T1=19.8,R3=618,ts="2026-04-26T04:48:28Z" 1777175277241916256
sensors,bucket=Set2,host=8a64927ac8a9,topic=/Set2 C3=1737,C4=1576,W1=489,R1n=464,ts="2026-04-26T04:49:28Z" 1777175336750268628
sensors,bucket=Set1,host=8a64927ac8a9,topic=/Set1 C1=1288,C2=1376,T1=19.8,R3=655,ts="2026-04-26T04:49:28Z" 1777175337035965621
sensors,bucket=Set2,host=8a64927ac8a9,topic=/Set2 C3=1675,C4=1447,W1=357,R1n=443,ts="2026-04-26T04:50:28Z" 1777175396550516712
sensors,bucket=Set1,host=8a64927ac8a9,topic=/Set1 C1=1289,C2=1384,T1=19.8,R3=654,ts="2026-04-26T04:50:28Z" 1777175396839318263
sensors,bucket=Set2,host=8a64927ac8a9,topic=/Set2 C3=1687,C4=1448,W1=380,R1n=443,ts="2026-04-26T04:51:28Z" 1777175456347374023
sensors,bucket=Set1,host=8a64927ac8a9,topic=/Set1 C1=1288,C2=1383,T1=19.8,R3=619,ts="2026-04-26T04:51:28Z" 1777175456634568853
sensors,bucket=Set2,host=8a64927ac8a9,topic=/Set2 C3=1676,C4=1439,W1=427,R1n=459,ts="2026-04-26T04:52:27Z" 1777175516142618437
sensors,bucket=Set1,host=8a64927ac8a9,topic=/Set1 C1=1289,C2=1384,T1=19.8,R3=623,ts="2026-04-26T04:52:28Z" 1777175516434017669
sensors,bucket=Set2,host=8a64927ac8a9,topic=/Set2 C3=1741,C4=1518,W1=378,R1n=349,ts="2026-04-26T04:53:27Z" 1777175575945505301
sensors,bucket=Set1,host=8a64927ac8a9,topic=/Set1 C1=1289,C2=1384,T1=19.8,R3=662,ts="2026-04-26T04:53:27Z" 1777175576230301997
sensors,bucket=Set2,host=8a64927ac8a9,topic=/Set2 C3=1756,C4=1560,W1=411,R1n=367,ts="2026-04-26T04:54:27Z" 1777175635744712842
sensors,bucket=Set1,host=8a64927ac8a9,topic=/Set1 C1=1288,C2=1384,T1=19.8,R3=647,ts="2026-04-26T04:54:27Z" 1777175636034445980
sensors,bucket=Set2,host=8a64927ac8a9,topic=/Set2 C3=1709,C4=1456,W1=361,R1n=424,ts="2026-04-26T04:55:27Z" 1777175695547598672
sensors,bucket=Set1,host=8a64927ac8a9,topic=/Set1 C1=1289,C2=1382,T1=19.8,R3=623,ts="2026-04-26T04:55:27Z" 1777175695830461445
sensors,bucket=Set2,host=8a64927ac8a9,topic=/Set2 C3=1758,C4=1579,W1=489,R1n=446,ts="2026-04-26T04:56:27Z" 1777175755341465406
sensors,bucket=Set1,host=8a64927ac8a9,topic=/Set1 C1=1289,C2=1383,T1=19.8,R3=638,ts="2026-04-26T04:56:27Z" 1777175755633787933
sensors,bucket=Set2,host=8a64927ac8a9,topic=/Set2 C3=1660,C4=1449,W1=439,R1n=477,ts="2026-04-26T04:57:26Z" 1777175815141377056
sensors,bucket=Set1,host=8a64927ac8a9,topic=/Set1 C1=1289,C2=1384,T1=19.8,R3=617,ts="2026-04-26T04:57:27Z" 1777175815429732339
sensors,bucket=Set2,host=8a64927ac8a9,topic=/Set2 C3=1673,C4=1448,W1=376,R1n=431,ts="2026-04-26T04:58:26Z" 1777175874938870455
sensors,bucket=Set1,host=8a64927ac8a9,topic=/Set1 C1=1288,C2=1376,T1=19.8,R3=636,ts="2026-04-26T04:58:26Z" 1777175875228294335
sensors,bucket=Set2,host=8a64927ac8a9,topic=/Set2 C3=1753,C4=1515,W1=379,R1n=349,ts="2026-04-26T04:59:26Z" 1777175934740738548
sensors,bucket=Set1,host=8a64927ac8a9,topic=/Set1 C1=1289,C2=1375,T1=19.8,R3=640,ts="2026-04-26T04:59:26Z" 1777175935025539424
sensors,bucket=Set2,host=8a64927ac8a9,topic=/Set2 C3=1711,C4=1468,W1=364,R1n=391,ts="2026-04-26T05:00:26Z" 1777175994536394092
sensors,bucket=Set1,host=8a64927ac8a9,topic=/Set1 C1=1288,C2=1375,T1=19.8,R3=603,ts="2026-04-26T05:00:26Z" 1777175994825881739
sensors,bucket=Set2,host=8a64927ac8a9,topic=/Set2 C3=1663,C4=1528,W1=464,R1n=488,ts="2026-04-26T05:01:25Z" 1777176054336743603
sensors,bucket=Set1,host=8a64927ac8a9,topic=/Set1 C1=1289,C2=1376,T1=19.8,R3=634,ts="2026-04-26T05:01:26Z" 1777176054622688396
sensors,bucket=Set2,host=8a64927ac8a9,topic=/Set2 C3=1662,C4=1535,W1=480,R1n=475,ts="2026-04-26T05:02:25Z" 1777176114137981045
sensors,bucket=Set1,host=8a64927ac8a9,topic=/Set1 C1=1289,C2=1376,T1=19.8,R3=621,ts="2026-04-26T05:02:26Z" 1777176114423804180
sensors,bucket=Set2,host=8a64927ac8a9,topic=/Set2 C3=1673,C4=1533,W1=476,R1n=472,ts="2026-04-26T05:03:25Z" 1777176173934762036
sensors,bucket=Set1,host=8a64927ac8a9,topic=/Set1 C1=1289,C2=1376,T1=19.8,R3=654,ts="2026-04-26T05:03:25Z" 1777176174221573017
sensors,bucket=Set2,host=8a64927ac8a9,topic=/Set2 C3=1707,C4=1455,W1=359,R1n=364,ts="2026-04-26T05:04:25Z" 1777176233733681659
sensors,bucket=Set1,host=8a64927ac8a9,topic=/Set1 C1=1289,C2=1383,T1=19.8,R3=638,ts="2026-04-26T05:04:25Z" 1777176234022851231
sensors,bucket=Set2,host=8a64927ac8a9,topic=/Set2 C3=1758,C4=1566,W1=411,R1n=411,ts="2026-04-26T05:05:25Z" 1777176293534974447
sensors,bucket=Set1,host=8a64927ac8a9,topic=/Set1 C1=1290,C2=1375,T1=19.8,R3=636,ts="2026-04-26T05:05:25Z" 1777176293819342074
sensors,bucket=Set2,host=8a64927ac8a9,topic=/Set2 C3=1674,C4=1448,W1=408,R1n=447,ts="2026-04-26T05:06:24Z" 1777176353333791693
sensors,bucket=Set1,host=8a64927ac8a9,topic=/Set1 C1=1289,C2=1376,T1=19.8,R3=648,ts="2026-04-26T05:06:25Z" 1777176353623742736
sensors,bucket=Set2,host=8a64927ac8a9,topic=/Set2 C3=1656,C4=1451,W1=443,R1n=463,ts="2026-04-26T05:07:24Z" 1777176413132642098
sensors,bucket=Set1,host=8a64927ac8a9,topic=/Set1 C1=1288,C2=1375,T1=19.8,R3=618,ts="2026-04-26T05:07:25Z" 1777176413418236270
sensors,bucket=Set2,host=8a64927ac8a9,topic=/Set2 C3=1691,C4=1512,W1=475,R1n=479,ts="2026-04-26T05:08:24Z" 1777176472932954978
sensors,bucket=Set1,host=8a64927ac8a9,topic=/Set1 C1=1289,C2=1375,T1=19.8,R3=647,ts="2026-04-26T05:08:24Z" 1777176473220228626
sensors,bucket=Set2,host=8a64927ac8a9,topic=/Set2 C3=1767,C4=1528,W1=398,R1n=364,ts="2026-04-26T05:09:24Z" 1777176532735272067
sensors,bucket=Set1,host=8a64927ac8a9,topic=/Set1 C1=1289,C2=1376,T1=19.8,R3=639,ts="2026-04-26T05:09:24Z" 1777176533018117350
sensors,bucket=Set2,host=8a64927ac8a9,topic=/Set2 C3=1737,C4=1562,W1=479,R1n=463,ts="2026-04-26T05:10:24Z" 1777176592529929813
sensors,bucket=Set1,host=8a64927ac8a9,topic=/Set1 C1=1289,C2=1375,T1=19.8,R3=639,ts="2026-04-26T05:10:24Z" 1777176592818026400
sensors,bucket=Set2,host=8a64927ac8a9,topic=/Set2 C3=1771,C4=1580,W1=473,R1n=440,ts="2026-04-26T05:11:23Z" 1777176652335017148
sensors,bucket=Set1,host=8a64927ac8a9,topic=/Set1 C1=1288,C2=1375,T1=19.8,R3=649,ts="2026-04-26T05:11:24Z" 1777176652617675743
sensors,bucket=Set2,host=8a64927ac8a9,topic=/Set2 C3=1672,C4=1456,W1=441,R1n=476,ts="2026-04-26T05:12:23Z" 1777176712131938324
sensors,bucket=Set1,host=8a64927ac8a9,topic=/Set1 C1=1289,C2=1383,T1=19.8,R3=637,ts="2026-04-26T05:12:24Z" 1777176712418553478
sensors,bucket=Set2,host=8a64927ac8a9,topic=/Set2 C3=1757,C4=1502,W1=397,R1n=352,ts="2026-04-26T05:13:23Z" 1777176771931494373
sensors,bucket=Set1,host=8a64927ac8a9,topic=/Set1 C1=1289,C2=1375,T1=19.8,R3=631,ts="2026-04-26T05:13:23Z" 1777176772215834415
sensors,bucket=Set2,host=8a64927ac8a9,topic=/Set2 C3=1755,C4=1576,W1=473,R1n=455,ts="2026-04-26T05:14:23Z" 1777176831733224655
sensors,bucket=Set1,host=8a64927ac8a9,topic=/Set1 C1=1289,C2=1376,T1=19.8,R3=619,ts="2026-04-26T05:14:23Z" 1777176832018400363
sensors,bucket=Set2,host=8a64927ac8a9,topic=/Set2 C3=1678,C4=1534,W1=479,R1n=488,ts="2026-04-26T05:15:23Z" 1777176891527672580
sensors,bucket=Set1,host=8a64927ac8a9,topic=/Set1 C1=1289,C2=1376,T1=19.8,R3=633,ts="2026-04-26T05:15:23Z" 1777176891814745863
sensors,bucket=Set2,host=8a64927ac8a9,topic=/Set2 C3=1754,C4=1577,W1=486,R1n=441,ts="2026-04-26T05:16:22Z" 1777176951325389674
sensors,bucket=Set1,host=8a64927ac8a9,topic=/Set1 C1=1289,C2=1375,T1=19.8,R3=634,ts="2026-04-26T05:16:23Z" 1777176951619155961
sensors,bucket=Set2,host=8a64927ac8a9,topic=/Set2 C3=1706,C4=1464,W1=362,R1n=430,ts="2026-04-26T05:17:22Z" 1777177011131483940
sensors,bucket=Set1,host=8a64927ac8a9,topic=/Set1 C1=1288,C2=1375,T1=19.8,R3=619,ts="2026-04-26T05:17:23Z" 1777177011409089813
sensors,bucket=Set2,host=8a64927ac8a9,topic=/Set2 C3=1769,C4=1561,W1=414,R1n=396,ts="2026-04-26T05:18:22Z" 1777177070920368141
sensors,bucket=Set1,host=8a64927ac8a9,topic=/Set1 C1=1288,C2=1382,T1=19.8,R3=649,ts="2026-04-26T05:18:22Z" 1777177071216354898
sensors,bucket=Set2,host=8a64927ac8a9,topic=/Set2 C3=1662,C4=1469,W1=461,R1n=494,ts="2026-04-26T05:19:22Z" 1777177130716431026
sensors,bucket=Set1,host=8a64927ac8a9,topic=/Set1 C1=1289,C2=1383,T1=19.8,R3=637,ts="2026-04-26T05:19:22Z" 1777177131003783723
sensors,bucket=Set2,host=8a64927ac8a9,topic=/Set2 C3=1688,C4=1451,W1=380,R1n=444,ts="2026-04-26T05:20:22Z" 1777177190515851632
sensors,bucket=Set1,host=8a64927ac8a9,topic=/Set1 C1=1288,C2=1376,T1=19.8,R3=617,ts="2026-04-26T05:20:22Z" 1777177190802896503
sensors,bucket=Set2,host=8a64927ac8a9,topic=/Set2 C3=1757,C4=1580,W1=480,R1n=446,ts="2026-04-26T05:21:21Z" 1777177250315475344
sensors,bucket=Set1,host=8a64927ac8a9,topic=/Set1 C1=1289,C2=1375,T1=19.8,R3=635,ts="2026-04-26T05:21:22Z" 1777177250597783780
sensors,bucket=Set2,host=8a64927ac8a9,topic=/Set2 C3=1677,C4=1448,W1=362,R1n=462,ts="2026-04-26T05:22:21Z" 1777177310118647009
sensors,bucket=Set1,host=8a64927ac8a9,topic=/Set1 C1=1289,C2=1376,T1=19.8,R3=619,ts="2026-04-26T05:22:22Z" 1777177310398473265
sensors,bucket=Set2,host=8a64927ac8a9,topic=/Set2 C3=1737,C4=1465,W1=377,R1n=362,ts="2026-04-26T05:23:21Z" 1777177369924887237
sensors,bucket=Set1,host=8a64927ac8a9,topic=/Set1 C1=1289,C2=1376,T1=19.8,R3=616,ts="2026-04-26T05:23:21Z" 1777177370194148335
sensors,bucket=Set2,host=8a64927ac8a9,topic=/Set2 C3=1724,C4=1484,W1=363,R1n=361,ts="2026-04-26T05:24:21Z" 1777177429709435891
sensors,bucket=Set1,host=8a64927ac8a9,topic=/Set1 C1=1289,C2=1375,T1=19.8,R3=616,ts="2026-04-26T05:24:21Z" 1777177429995747330
sensors,bucket=Set2,host=8a64927ac8a9,topic=/Set2 C3=1660,C4=1532,W1=462,R1n=478,ts="2026-04-26T05:25:21Z" 1777177489512257127
sensors,bucket=Set1,host=8a64927ac8a9,topic=/Set1 C1=1289,C2=1383,T1=19.8,R3=633,ts="2026-04-26T05:25:21Z" 1777177489791612567
sensors,bucket=Set2,host=8a64927ac8a9,topic=/Set2 C3=1740,C4=1567,W1=475,R1n=474,ts="2026-04-26T05:26:20Z" 1777177549309381293
sensors,bucket=Set1,host=8a64927ac8a9,topic=/Set1 C1=1288,C2=1376,T1=19.8,R3=638,ts="2026-04-26T05:26:21Z" 1777177549591293732
sensors,bucket=Set2,host=8a64927ac8a9,topic=/Set2 C3=1744,C4=1530,W1=395,R1n=364,ts="2026-04-26T05:27:20Z" 1777177609107907516
sensors,bucket=Set1,host=8a64927ac8a9,topic=/Set1 C1=1288,C2=1376,T1=19.8,R3=619,ts="2026-04-26T05:27:21Z" 1777177609390282092
sensors,bucket=Set2,host=8a64927ac8a9,topic=/Set2 C3=1663,C4=1452,W1=425,R1n=460,ts="2026-04-26T05:28:20Z" 1777177668904515238
sensors,bucket=Set1,host=8a64927ac8a9,topic=/Set1 C1=1289,C2=1383,T1=19.8,R3=605,ts="2026-04-26T05:28:20Z" 1777177669194262261
sensors,bucket=Set2,host=8a64927ac8a9,topic=/Set2 C3=1758,C4=1549,W1=413,R1n=376,ts="2026-04-26T05:29:20Z" 1777177728704894825
sensors,bucket=Set1,host=8a64927ac8a9,topic=/Set1 C1=1288,C2=1375,T1=19.8,R3=651,ts="2026-04-26T05:29:20Z" 1777177728992498476
sensors,bucket=Set2,host=8a64927ac8a9,topic=/Set2 C3=1738,C4=1577,W1=475,R1n=475,ts="2026-04-26T05:30:20Z" 1777177788500435988
sensors,bucket=Set1,host=8a64927ac8a9,topic=/Set1 C1=1289,C2=1375,T1=19.8,R3=652,ts="2026-04-26T05:30:20Z" 1777177788803763414
sensors,bucket=Set2,host=8a64927ac8a9,topic=/Set2 C3=1686,C4=1466,W1=380,R1n=408,ts="2026-04-26T05:31:19Z" 1777177848307064238
sensors,bucket=Set1,host=8a64927ac8a9,topic=/Set1 C1=1288,C2=1376,T1=19.8,R3=622,ts="2026-04-26T05:31:20Z" 1777177848583403581
sensors,bucket=Set2,host=8a64927ac8a9,topic=/Set2 C3=1676,C4=1545,W1=490,R1n=479,ts="2026-04-26T05:32:19Z" 1777177908110763311
sensors,bucket=Set1,host=8a64927ac8a9,topic=/Set1 C1=1288,C2=1375,T1=19.8,R3=650,ts="2026-04-26T05:32:20Z" 1777177908383678350
sensors,bucket=Set2,host=8a64927ac8a9,topic=/Set2 C3=1743,C4=1578,W1=477,R1n=476,ts="2026-04-26T05:33:19Z" 1777177967905672182
sensors,bucket=Set1,host=8a64927ac8a9,topic=/Set1 C1=1288,C2=1383,T1=19.8,R3=649,ts="2026-04-26T05:33:19Z" 1777177968180964777
sensors,bucket=Set2,host=8a64927ac8a9,topic=/Set2 C3=1769,C4=1564,W1=456,R1n=426,ts="2026-04-26T05:34:19Z" 1777178027698986699
sensors,bucket=Set1,host=8a64927ac8a9,topic=/Set1 C1=1289,C2=1375,T1=19.8,R3=663,ts="2026-04-26T05:34:19Z" 1777178027980023721
sensors,bucket=Set2,host=8a64927ac8a9,topic=/Set2 C3=1677,C4=1446,W1=375,R1n=445,ts="2026-04-26T05:35:19Z" 1777178087500882487
sensors,bucket=Set1,host=8a64927ac8a9,topic=/Set1 C1=1289,C2=1383,T1=19.8,R3=607,ts="2026-04-26T05:35:19Z" 1777178087778813306
sensors,bucket=Set2,host=8a64927ac8a9,topic=/Set2 C3=1759,C4=1567,W1=473,R1n=423,ts="2026-04-26T05:36:18Z" 1777178147296238119
sensors,bucket=Set1,host=8a64927ac8a9,topic=/Set1 C1=1288,C2=1375,T1=19.8,R3=651,ts="2026-04-26T05:36:19Z" 1777178147581600063
sensors,bucket=Set2,host=8a64927ac8a9,topic=/Set2 C3=1695,C4=1467,W1=362,R1n=361,ts="2026-04-26T05:37:18Z" 1777178207095915329
sensors,bucket=Set1,host=8a64927ac8a9,topic=/Set1 C1=1288,C2=1376,T1=19.8,R3=636,ts="2026-04-26T05:37:19Z" 1777178207375956309
sensors,bucket=Set2,host=8a64927ac8a9,topic=/Set2 C3=1758,C4=1563,W1=492,R1n=429,ts="2026-04-26T05:38:18Z" 1777178266895848261
sensors,bucket=Set1,host=8a64927ac8a9,topic=/Set1 C1=1288,C2=1375,T1=19.8,R3=632,ts="2026-04-26T05:38:18Z" 1777178267175767514
sensors,bucket=Set2,host=8a64927ac8a9,topic=/Set2 C3=1647,C4=1450,W1=462,R1n=478,ts="2026-04-26T05:39:18Z" 1777178326696217551
sensors,bucket=Set1,host=8a64927ac8a9,topic=/Set1 C1=1288,C2=1375,T1=19.8,R3=632,ts="2026-04-26T05:39:18Z" 1777178326977143892
sensors,bucket=Set2,host=8a64927ac8a9,topic=/Set2 C3=1769,C4=1575,W1=457,R1n=414,ts="2026-04-26T05:40:18Z" 1777178386495313640
sensors,bucket=Set1,host=8a64927ac8a9,topic=/Set1 C1=1289,C2=1383,T1=19.8,R3=632,ts="2026-04-26T05:40:18Z" 1777178386774874816
sensors,bucket=Set2,host=8a64927ac8a9,topic=/Set2 C3=1736,C4=1496,W1=365,R1n=350,ts="2026-04-26T05:41:17Z" 1777178446356889769
sensors,bucket=Set1,host=8a64927ac8a9,topic=/Set1 C1=1288,C2=1375,T1=19.8,R3=648,ts="2026-04-26T05:41:18Z" 1777178446571412583
sensors,bucket=Set2,host=8a64927ac8a9,topic=/Set2 C3=1661,C4=1518,W1=474,R1n=478,ts="2026-04-26T05:42:17Z" 1777178506094007080
sensors,bucket=Set1,host=8a64927ac8a9,topic=/Set1 C1=1289,C2=1376,T1=19.8,R3=616,ts="2026-04-26T05:42:18Z" 1777178506379810635
sensors,bucket=Set2,host=8a64927ac8a9,topic=/Set2 C3=1741,C4=1496,W1=394,R1n=359,ts="2026-04-26T05:43:17Z" 1777178565899901012
sensors,bucket=Set1,host=8a64927ac8a9,topic=/Set1 C1=1288,C2=1383,T1=19.8,R3=638,ts="2026-04-26T05:43:17Z" 1777178566171889454
sensors,bucket=Set2,host=8a64927ac8a9,topic=/Set2 C3=1756,C4=1576,W1=457,R1n=407,ts="2026-04-26T05:44:17Z" 1777178625692725638
sensors,bucket=Set1,host=8a64927ac8a9,topic=/Set1 C1=1288,C2=1383,T1=19.8,R3=650,ts="2026-04-26T05:44:17Z" 1777178625972914228
sensors,bucket=Set2,host=8a64927ac8a9,topic=/Set2 C3=1758,C4=1562,W1=447,R1n=440,ts="2026-04-26T05:45:17Z" 1777178685490355659
sensors,bucket=Set1,host=8a64927ac8a9,topic=/Set1 C1=1288,C2=1376,T1=19.8,R3=650,ts="2026-04-26T05:45:17Z" 1777178685772286775
sensors,bucket=Set2,host=8a64927ac8a9,topic=/Set2 C3=1768,C4=1577,W1=473,R1n=425,ts="2026-04-26T05:46:16Z" 1777178745288664450
sensors,bucket=Set1,host=8a64927ac8a9,topic=/Set1 C1=1288,C2=1376,T1=19.8,R3=646,ts="2026-04-26T05:46:17Z" 1777178745570121488
sensors,bucket=Set2,host=8a64927ac8a9,topic=/Set2 C3=1755,C4=1575,W1=446,R1n=411,ts="2026-04-26T05:47:16Z" 1777178805090379149
sensors,bucket=Set1,host=8a64927ac8a9,topic=/Set1 C1=1289,C2=1382,T1=19.8,R3=640,ts="2026-04-26T05:47:17Z" 1777178805371014356
sensors,bucket=Set2,host=8a64927ac8a9,topic=/Set2 C3=1674,C4=1454,W1=365,R1n=444,ts="2026-04-26T05:48:16Z" 1777178864888530235
sensors,bucket=Set1,host=8a64927ac8a9,topic=/Set1 C1=1289,C2=1383,T1=19.8,R3=648,ts="2026-04-26T05:48:16Z" 1777178865172378535
sensors,bucket=Set2,host=8a64927ac8a9,topic=/Set2 C3=1660,C4=1448,W1=432,R1n=462,ts="2026-04-26T05:49:16Z" 1777178924687439365
sensors,bucket=Set1,host=8a64927ac8a9,topic=/Set1 C1=1288,C2=1375,T1=19.8,R3=618,ts="2026-04-26T05:49:16Z" 1777178924968223494
sensors,bucket=Set2,host=8a64927ac8a9,topic=/Set2 C3=1738,C4=1563,W1=487,R1n=490,ts="2026-04-26T05:50:16Z" 1777178984485667522
sensors,bucket=Set1,host=8a64927ac8a9,topic=/Set1 C1=1289,C2=1375,T1=19.8,R3=651,ts="2026-04-26T05:50:16Z" 1777178984765506507
sensors,bucket=Set2,host=8a64927ac8a9,topic=/Set2 C3=1727,C4=1484,W1=366,R1n=364,ts="2026-04-26T05:51:15Z" 1777179044284085358
sensors,bucket=Set1,host=8a64927ac8a9,topic=/Set1 C1=1289,C2=1376,T1=19.8,R3=620,ts="2026-04-26T05:51:16Z" 1777179044562278406
sensors,bucket=Set2,host=8a64927ac8a9,topic=/Set2 C3=1751,C4=1482,W1=379,R1n=361,ts="2026-04-26T05:52:15Z" 1777179104079265583
sensors,bucket=Set1,host=8a64927ac8a9,topic=/Set1 C1=1288,C2=1375,T1=19.8,R3=603,ts="2026-04-26T05:52:16Z" 1777179104368960428
sensors,bucket=Set2,host=8a64927ac8a9,topic=/Set2 C3=1672,C4=1534,W1=476,R1n=477,ts="2026-04-26T05:53:15Z" 1777179163879093161
sensors,bucket=Set1,host=8a64927ac8a9,topic=/Set1 C1=1289,C2=1375,T1=19.8,R3=638,ts="2026-04-26T05:53:15Z" 1777179164156714088
sensors,bucket=Set2,host=8a64927ac8a9,topic=/Set2 C3=1707,C4=1470,W1=362,R1n=362,ts="2026-04-26T05:54:15Z" 1777179223691155324
sensors,bucket=Set1,host=8a64927ac8a9,topic=/Set1 C1=1288,C2=1375,T1=19.8,R3=638,ts="2026-04-26T05:54:15Z" 1777179223956006242
sensors,bucket=Set2,host=8a64927ac8a9,topic=/Set2 C3=1673,C4=1498,W1=461,R1n=476,ts="2026-04-26T05:55:15Z" 1777179283476847252
sensors,bucket=Set1,host=8a64927ac8a9,topic=/Set1 C1=1289,C2=1376,T1=19.8,R3=648,ts="2026-04-26T05:55:15Z" 1777179283758308312
sensors,bucket=Set2,host=8a64927ac8a9,topic=/Set2 C3=1759,C4=1577,W1=458,R1n=411,ts="2026-04-26T05:56:14Z" 1777179343277059001
sensors,bucket=Set1,host=8a64927ac8a9,topic=/Set1 C1=1289,C2=1382,T1=19.8,R3=638,ts="2026-04-26T05:56:15Z" 1777179343553559776
sensors,bucket=Set2,host=8a64927ac8a9,topic=/Set2 C3=1707,C4=1564,W1=478,R1n=476,ts="2026-04-26T05:57:14Z" 1777179403070111733
sensors,bucket=Set1,host=8a64927ac8a9,topic=/Set1 C1=1288,C2=1376,T1=19.8,R3=636,ts="2026-04-26T05:57:15Z" 1777179403350464066
sensors,bucket=Set2,host=8a64927ac8a9,topic=/Set2 C3=1768,C4=1566,W1=442,R1n=428,ts="2026-04-26T05:58:14Z" 1777179462868915258
sensors,bucket=Set1,host=8a64927ac8a9,topic=/Set1 C1=1289,C2=1376,T1=19.8,R3=618,ts="2026-04-26T05:58:14Z" 1777179463150374277
sensors,bucket=Set2,host=8a64927ac8a9,topic=/Set2 C3=1677,C4=1439,W1=376,R1n=446,ts="2026-04-26T05:59:14Z" 1777179522668963270
sensors,bucket=Set1,host=8a64927ac8a9,topic=/Set1 C1=1288,C2=1376,T1=19.8,R3=631,ts="2026-04-26T05:59:14Z" 1777179522945053696
sensors,bucket=Set2,host=8a64927ac8a9,topic=/Set2 C3=1767,C4=1536,W1=424,R1n=375,ts="2026-04-26T06:00:14Z" 1777179582468534523
sensors,bucket=Set1,host=8a64927ac8a9,topic=/Set1 C1=1288,C2=1376,T1=19.8,R3=639,ts="2026-04-26T06:00:14Z" 1777179582754906570
sensors,bucket=Set2,host=8a64927ac8a9,topic=/Set2 C3=1757,C4=1563,W1=459,R1n=408,ts="2026-04-26T06:01:13Z" 1777179642276529292
sensors,bucket=Set1,host=8a64927ac8a9,topic=/Set1 C1=1289,C2=1375,T1=19.8,R3=649,ts="2026-04-26T06:01:14Z" 1777179642540943099
sensors,bucket=Set2,host=8a64927ac8a9,topic=/Set2 C3=1656,C4=1516,W1=473,R1n=491,ts="2026-04-26T06:02:13Z" 1777179702063485854
sensors,bucket=Set1,host=8a64927ac8a9,topic=/Set1 C1=1289,C2=1376,T1=19.8,R3=640,ts="2026-04-26T06:02:14Z" 1777179702345145601
sensors,bucket=Set2,host=8a64927ac8a9,topic=/Set2 C3=1693,C4=1448,W1=364,R1n=442,ts="2026-04-26T06:03:13Z" 1777179761861180589
sensors,bucket=Set1,host=8a64927ac8a9,topic=/Set1 C1=1288,C2=1375,T1=19.8,R3=654,ts="2026-04-26T06:03:13Z" 1777179762139688620
sensors,bucket=Set2,host=8a64927ac8a9,topic=/Set2 C3=1756,C4=1527,W1=394,R1n=365,ts="2026-04-26T06:04:13Z" 1777179821661354022
sensors,bucket=Set1,host=8a64927ac8a9,topic=/Set1 C1=1289,C2=1383,T1=19.8,R3=650,ts="2026-04-26T06:04:13Z" 1777179821940364310
sensors,bucket=Set2,host=8a64927ac8a9,topic=/Set2 C3=1722,C4=1560,W1=488,R1n=470,ts="2026-04-26T06:05:13Z" 1777179881462871127
sensors,bucket=Set1,host=8a64927ac8a9,topic=/Set1 C1=1288,C2=1383,T1=19.8,R3=633,ts="2026-04-26T06:05:13Z" 1777179881740022685
sensors,bucket=Set2,host=8a64927ac8a9,topic=/Set2 C3=1769,C4=1563,W1=446,R1n=395,ts="2026-04-26T06:06:12Z" 1777179941255583483
sensors,bucket=Set1,host=8a64927ac8a9,topic=/Set1 C1=1289,C2=1375,T1=19.7,R3=634,ts="2026-04-26T06:06:13Z" 1777179941537663077
sensors,bucket=Set2,host=8a64927ac8a9,topic=/Set2 C3=1659,C4=1529,W1=458,R1n=480,ts="2026-04-26T06:07:12Z" 1777180001057810933
sensors,bucket=Set1,host=8a64927ac8a9,topic=/Set1 C1=1288,C2=1383,T1=19.8,R3=617,ts="2026-04-26T06:07:13Z" 1777180001332293404
sensors,bucket=Set2,host=8a64927ac8a9,topic=/Set2 C3=1768,C4=1551,W1=446,R1n=377,ts="2026-04-26T06:08:12Z" 1777180060854805561
sensors,bucket=Set1,host=8a64927ac8a9,topic=/Set1 C1=1288,C2=1383,T1=19.8,R3=638,ts="2026-04-26T06:08:12Z" 1777180061133236659
sensors,bucket=Set2,host=8a64927ac8a9,topic=/Set2 C3=1660,C4=1448,W1=424,R1n=458,ts="2026-04-26T06:09:12Z" 1777180120663693629
sensors,bucket=Set1,host=8a64927ac8a9,topic=/Set1 C1=1288,C2=1383,T1=19.7,R3=650,ts="2026-04-26T06:09:12Z" 1777180120933084033
sensors,bucket=Set2,host=8a64927ac8a9,topic=/Set2 C3=1737,C4=1512,W1=376,R1n=360,ts="2026-04-26T06:10:12Z" 1777180180462135730
sensors,bucket=Set1,host=8a64927ac8a9,topic=/Set1 C1=1289,C2=1383,T1=19.7,R3=617,ts="2026-04-26T06:10:12Z" 1777180180733263331
sensors,bucket=Set2,host=8a64927ac8a9,topic=/Set2 C3=1739,C4=1551,W1=471,R1n=461,ts="2026-04-26T06:11:11Z" 1777180240264767415
sensors,bucket=Set1,host=8a64927ac8a9,topic=/Set1 C1=1288,C2=1376,T1=19.8,R3=632,ts="2026-04-26T06:11:12Z" 1777180240528273132
sensors,bucket=Set2,host=8a64927ac8a9,topic=/Set2 C3=1757,C4=1512,W1=405,R1n=364,ts="2026-04-26T06:12:11Z" 1777180300057129903
sensors,bucket=Set1,host=8a64927ac8a9,topic=/Set1 C1=1288,C2=1383,T1=19.8,R3=640,ts="2026-04-26T06:12:12Z" 1777180300334924105
sensors,bucket=Set2,host=8a64927ac8a9,topic=/Set2 C3=1727,C4=1483,W1=364,R1n=363,ts="2026-04-26T06:13:11Z" 1777180359857013705
sensors,bucket=Set1,host=8a64927ac8a9,topic=/Set1 C1=1288,C2=1376,T1=19.8,R3=648,ts="2026-04-26T06:13:11Z" 1777180360154934187
sensors,bucket=Set2,host=8a64927ac8a9,topic=/Set2 C3=1696,C4=1533,W1=472,R1n=488,ts="2026-04-26T06:14:11Z" 1777180419652848319
sensors,bucket=Set1,host=8a64927ac8a9,topic=/Set1 C1=1289,C2=1375,T1=19.8,R3=621,ts="2026-04-26T06:14:11Z" 1777180419930142847
sensors,bucket=Set2,host=8a64927ac8a9,topic=/Set2 C3=1771,C4=1565,W1=462,R1n=441,ts="2026-04-26T06:15:11Z" 1777180479450049267
sensors,bucket=Set1,host=8a64927ac8a9,topic=/Set1 C1=1289,C2=1383,T1=19.8,R3=651,ts="2026-04-26T06:15:11Z" 1777180479729364356
sensors,bucket=Set2,host=8a64927ac8a9,topic=/Set2 C3=1754,C4=1527,W1=393,R1n=352,ts="2026-04-26T06:16:10Z" 1777180539253551084
sensors,bucket=Set1,host=8a64927ac8a9,topic=/Set1 C1=1289,C2=1383,T1=19.8,R3=620,ts="2026-04-26T06:16:11Z" 1777180539527349736
sensors,bucket=Set2,host=8a64927ac8a9,topic=/Set2 C3=1675,C4=1448,W1=443,R1n=487,ts="2026-04-26T06:17:10Z" 1777180599057192779
sensors,bucket=Set1,host=8a64927ac8a9,topic=/Set1 C1=1288,C2=1376,T1=19.8,R3=623,ts="2026-04-26T06:17:11Z" 1777180599325331832
sensors,bucket=Set2,host=8a64927ac8a9,topic=/Set2 C3=1770,C4=1591,W1=472,R1n=409,ts="2026-04-26T06:18:10Z" 1777180658848265064
sensors,bucket=Set1,host=8a64927ac8a9,topic=/Set1 C1=1289,C2=1376,T1=19.8,R3=618,ts="2026-04-26T06:18:10Z" 1777180659127858302
sensors,bucket=Set2,host=8a64927ac8a9,topic=/Set2 C3=1768,C4=1545,W1=413,R1n=410,ts="2026-04-26T06:19:10Z" 1777180718649792119
sensors,bucket=Set1,host=8a64927ac8a9,topic=/Set1 C1=1289,C2=1384,T1=19.8,R3=633,ts="2026-04-26T06:19:10Z" 1777180718924128491
sensors,bucket=Set2,host=8a64927ac8a9,topic=/Set2 C3=1672,C4=1533,W1=476,R1n=479,ts="2026-04-26T06:20:10Z" 1777180778451699365
sensors,bucket=Set1,host=8a64927ac8a9,topic=/Set1 C1=1288,C2=1383,T1=19.8,R3=639,ts="2026-04-26T06:20:10Z" 1777180778725943337
sensors,bucket=Set2,host=8a64927ac8a9,topic=/Set2 C3=1767,C4=1552,W1=457,R1n=396,ts="2026-04-26T06:21:09Z" 1777180838249087680
sensors,bucket=Set1,host=8a64927ac8a9,topic=/Set1 C1=1288,C2=1376,T1=19.8,R3=589,ts="2026-04-26T06:21:10Z" 1777180838524140540
sensors,bucket=Set2,host=8a64927ac8a9,topic=/Set2 C3=1678,C4=1449,W1=363,R1n=458,ts="2026-04-26T06:22:09Z" 1777180898047090392
sensors,bucket=Set1,host=8a64927ac8a9,topic=/Set1 C1=1289,C2=1382,T1=19.7,R3=651,ts="2026-04-26T06:22:10Z" 1777180898323021856
sensors,bucket=Set2,host=8a64927ac8a9,topic=/Set2 C3=1657,C4=1450,W1=441,R1n=489,ts="2026-04-26T06:23:09Z" 1777180957848779963
sensors,bucket=Set1,host=8a64927ac8a9,topic=/Set1 C1=1288,C2=1376,T1=19.8,R3=616,ts="2026-04-26T06:23:09Z" 1777180958120530662
sensors,bucket=Set2,host=8a64927ac8a9,topic=/Set2 C3=1769,C4=1561,W1=415,R1n=397,ts="2026-04-26T06:24:09Z" 1777181017646570166
sensors,bucket=Set1,host=8a64927ac8a9,topic=/Set1 C1=1288,C2=1376,T1=19.7,R3=618,ts="2026-04-26T06:24:09Z" 1777181017926067459
sensors,bucket=Set2,host=8a64927ac8a9,topic=/Set2 C3=1690,C4=1450,W1=378,R1n=459,ts="2026-04-26T06:25:09Z" 1777181077446842979
sensors,bucket=Set1,host=8a64927ac8a9,topic=/Set1 C1=1289,C2=1383,T1=19.7,R3=647,ts="2026-04-26T06:25:09Z" 1777181077719490556
sensors,bucket=Set2,host=8a64927ac8a9,topic=/Set2 C3=1673,C4=1465,W1=441,R1n=491,ts="2026-04-26T06:26:08Z" 1777181137250922090
sensors,bucket=Set1,host=8a64927ac8a9,topic=/Set1 C1=1288,C2=1383,T1=19.8,R3=648,ts="2026-04-26T06:26:09Z" 1777181137522333617
sensors,bucket=Set2,host=8a64927ac8a9,topic=/Set2 C3=1771,C4=1564,W1=412,R1n=442,ts="2026-04-26T06:27:08Z" 1777181197049721890
sensors,bucket=Set1,host=8a64927ac8a9,topic=/Set1 C1=1289,C2=1383,T1=19.8,R3=632,ts="2026-04-26T06:27:09Z" 1777181197321711920
sensors,bucket=Set2,host=8a64927ac8a9,topic=/Set2 C3=1720,C4=1480,W1=360,R1n=349,ts="2026-04-26T06:28:08Z" 1777181256846002845
sensors,bucket=Set1,host=8a64927ac8a9,topic=/Set1 C1=1288,C2=1376,T1=19.7,R3=620,ts="2026-04-26T06:28:08Z" 1777181257122998297
sensors,bucket=Set2,host=8a64927ac8a9,topic=/Set2 C3=1720,C4=1512,W1=360,R1n=364,ts="2026-04-26T06:29:08Z" 1777181316650291900
sensors,bucket=Set1,host=8a64927ac8a9,topic=/Set1 C1=1288,C2=1383,T1=19.8,R3=651,ts="2026-04-26T06:29:08Z" 1777181316922159349
sensors,bucket=Set2,host=8a64927ac8a9,topic=/Set2 C3=1670,C4=1455,W1=457,R1n=477,ts="2026-04-26T06:30:08Z" 1777181376442976211
sensors,bucket=Set1,host=8a64927ac8a9,topic=/Set1 C1=1289,C2=1384,T1=19.7,R3=653,ts="2026-04-26T06:30:08Z" 1777181376722943223
sensors,bucket=Set2,host=8a64927ac8a9,topic=/Set2 C3=1673,C4=1535,W1=460,R1n=463,ts="2026-04-26T06:31:07Z" 1777181436252211792
sensors,bucket=Set1,host=8a64927ac8a9,topic=/Set1 C1=1288,C2=1384,T1=19.8,R3=637,ts="2026-04-26T06:31:08Z" 1777181436519568508
sensors,bucket=Set2,host=8a64927ac8a9,topic=/Set2 C3=1770,C4=1565,W1=446,R1n=413,ts="2026-04-26T06:32:07Z" 1777181496046381656
sensors,bucket=Set1,host=8a64927ac8a9,topic=/Set1 C1=1288,C2=1383,T1=19.7,R3=633,ts="2026-04-26T06:32:08Z" 1777181496319505253
sensors,bucket=Set2,host=8a64927ac8a9,topic=/Set2 C3=1707,C4=1465,W1=365,R1n=362,ts="2026-04-26T06:33:07Z" 1777181555846691641
sensors,bucket=Set1,host=8a64927ac8a9,topic=/Set1 C1=1288,C2=1375,T1=19.7,R3=639,ts="2026-04-26T06:33:07Z" 1777181556128544758
sensors,bucket=Set2,host=8a64927ac8a9,topic=/Set2 C3=1660,C4=1531,W1=476,R1n=487,ts="2026-04-26T06:34:07Z" 1777181615643775066
sensors,bucket=Set1,host=8a64927ac8a9,topic=/Set1 C1=1288,C2=1376,T1=19.7,R3=638,ts="2026-04-26T06:34:07Z" 1777181615919322449
sensors,bucket=Set2,host=8a64927ac8a9,topic=/Set2 C3=1739,C4=1550,W1=463,R1n=475,ts="2026-04-26T06:35:07Z" 1777181675447469402
sensors,bucket=Set1,host=8a64927ac8a9,topic=/Set1 C1=1288,C2=1376,T1=19.7,R3=621,ts="2026-04-26T06:35:07Z" 1777181675716006212
sensors,bucket=Set2,host=8a64927ac8a9,topic=/Set2 C3=1710,C4=1485,W1=379,R1n=368,ts="2026-04-26T06:36:06Z" 1777181735242298572
sensors,bucket=Set1,host=8a64927ac8a9,topic=/Set1 C1=1288,C2=1376,T1=19.7,R3=647,ts="2026-04-26T06:36:07Z" 1777181735520057723
sensors,bucket=Set2,host=8a64927ac8a9,topic=/Set2 C3=1737,C4=1577,W1=477,R1n=478,ts="2026-04-26T06:37:06Z" 1777181795044776015
sensors,bucket=Set1,host=8a64927ac8a9,topic=/Set1 C1=1289,C2=1375,T1=19.7,R3=631,ts="2026-04-26T06:37:07Z" 1777181795316156081
sensors,bucket=Set2,host=8a64927ac8a9,topic=/Set2 C3=1772,C4=1565,W1=455,R1n=423,ts="2026-04-26T06:38:06Z" 1777181854843070503
sensors,bucket=Set1,host=8a64927ac8a9,topic=/Set1 C1=1288,C2=1376,T1=19.7,R3=651,ts="2026-04-26T06:38:06Z" 1777181855117072944
sensors,bucket=Set2,host=8a64927ac8a9,topic=/Set2 C3=1705,C4=1455,W1=363,R1n=363,ts="2026-04-26T06:39:06Z" 1777181914642458298
sensors,bucket=Set1,host=8a64927ac8a9,topic=/Set1 C1=1288,C2=1383,T1=19.8,R3=648,ts="2026-04-26T06:39:06Z" 1777181914920132368
sensors,bucket=Set2,host=8a64927ac8a9,topic=/Set2 C3=1658,C4=1512,W1=445,R1n=486,ts="2026-04-26T06:40:06Z" 1777181974440674092
sensors,bucket=Set1,host=8a64927ac8a9,topic=/Set1 C1=1288,C2=1375,T1=19.8,R3=664,ts="2026-04-26T06:40:06Z" 1777181974717264015
sensors,bucket=Set2,host=8a64927ac8a9,topic=/Set2 C3=1753,C4=1519,W1=393,R1n=350,ts="2026-04-26T06:41:05Z" 1777182034246482545
sensors,bucket=Set1,host=8a64927ac8a9,topic=/Set1 C1=1288,C2=1374,T1=19.8,R3=620,ts="2026-04-26T06:41:06Z" 1777182034516815912
sensors,bucket=Set2,host=8a64927ac8a9,topic=/Set2 C3=1772,C4=1567,W1=475,R1n=431,ts="2026-04-26T06:42:05Z" 1777182094040146876
sensors,bucket=Set1,host=8a64927ac8a9,topic=/Set1 C1=1288,C2=1375,T1=19.7,R3=634,ts="2026-04-26T06:42:06Z" 1777182094317216182
sensors,bucket=Set2,host=8a64927ac8a9,topic=/Set2 C3=1754,C4=1495,W1=409,R1n=361,ts="2026-04-26T06:43:05Z" 1777182153842551511
sensors,bucket=Set1,host=8a64927ac8a9,topic=/Set1 C1=1288,C2=1383,T1=19.7,R3=639,ts="2026-04-26T06:43:05Z" 1777182154114988208
sensors,bucket=Set2,host=8a64927ac8a9,topic=/Set2 C3=1677,C4=1455,W1=395,R1n=413,ts="2026-04-26T06:44:05Z" 1777182213645209671
sensors,bucket=Set1,host=8a64927ac8a9,topic=/Set1 C1=1288,C2=1383,T1=19.7,R3=650,ts="2026-04-26T06:44:05Z" 1777182213917196353
sensors,bucket=Set2,host=8a64927ac8a9,topic=/Set2 C3=1752,C4=1578,W1=472,R1n=461,ts="2026-04-26T06:45:05Z" 1777182273441617140
sensors,bucket=Set1,host=8a64927ac8a9,topic=/Set1 C1=1287,C2=1383,T1=19.7,R3=639,ts="2026-04-26T06:45:05Z" 1777182273714648163
sensors,bucket=Set2,host=8a64927ac8a9,topic=/Set2 C3=1677,C4=1532,W1=463,R1n=488,ts="2026-04-26T06:46:04Z" 1777182333241800447
sensors,bucket=Set1,host=8a64927ac8a9,topic=/Set1 C1=1289,C2=1383,T1=19.7,R3=635,ts="2026-04-26T06:46:05Z" 1777182333517350084
sensors,bucket=Set2,host=8a64927ac8a9,topic=/Set2 C3=1760,C4=1544,W1=439,R1n=367,ts="2026-04-26T06:47:04Z" 1777182393045601910
sensors,bucket=Set1,host=8a64927ac8a9,topic=/Set1 C1=1288,C2=1375,T1=19.7,R3=638,ts="2026-04-26T06:47:05Z" 1777182393314386538
sensors,bucket=Set2,host=8a64927ac8a9,topic=/Set2 C3=1772,C4=1531,W1=398,R1n=381,ts="2026-04-26T06:48:04Z" 1777182452842463115
sensors,bucket=Set1,host=8a64927ac8a9,topic=/Set1 C1=1288,C2=1375,T1=19.7,R3=607,ts="2026-04-26T06:48:04Z" 1777182453117904388
sensors,bucket=Set2,host=8a64927ac8a9,topic=/Set2 C3=1758,C4=1561,W1=413,R1n=400,ts="2026-04-26T06:49:04Z" 1777182512646655741
sensors,bucket=Set1,host=8a64927ac8a9,topic=/Set1 C1=1288,C2=1382,T1=19.7,R3=639,ts="2026-04-26T06:49:04Z" 1777182512914385083
sensors,bucket=Set2,host=8a64927ac8a9,topic=/Set2 C3=1771,C4=1575,W1=429,R1n=400,ts="2026-04-26T06:50:04Z" 1777182572443430846
sensors,bucket=Set1,host=8a64927ac8a9,topic=/Set1 C1=1288,C2=1376,T1=19.7,R3=647,ts="2026-04-26T06:50:04Z" 1777182572716007363
sensors,bucket=Set2,host=8a64927ac8a9,topic=/Set2 C3=1759,C4=1512,W1=381,R1n=362,ts="2026-04-26T06:51:03Z" 1777182632245059206
sensors,bucket=Set1,host=8a64927ac8a9,topic=/Set1 C1=1288,C2=1384,T1=19.8,R3=617,ts="2026-04-26T06:51:04Z" 1777182632514153049
sensors,bucket=Set2,host=8a64927ac8a9,topic=/Set2 C3=1660,C4=1449,W1=456,R1n=491,ts="2026-04-26T06:52:03Z" 1777182692039107599
sensors,bucket=Set1,host=8a64927ac8a9,topic=/Set1 C1=1287,C2=1382,T1=19.7,R3=637,ts="2026-04-26T06:52:04Z" 1777182692317045543
sensors,bucket=Set2,host=8a64927ac8a9,topic=/Set2 C3=1768,C4=1566,W1=463,R1n=394,ts="2026-04-26T06:53:03Z" 1777182751846687385
sensors,bucket=Set1,host=8a64927ac8a9,topic=/Set1 C1=1288,C2=1375,T1=19.7,R3=635,ts="2026-04-26T06:53:03Z" 1777182752112839196
sensors,bucket=Set2,host=8a64927ac8a9,topic=/Set2 C3=1659,C4=1467,W1=460,R1n=476,ts="2026-04-26T06:54:03Z" 1777182811643732688
sensors,bucket=Set1,host=8a64927ac8a9,topic=/Set1 C1=1288,C2=1383,T1=19.7,R3=648,ts="2026-04-26T06:54:03Z" 1777182811920130364
sensors,bucket=Set2,host=8a64927ac8a9,topic=/Set2 C3=1759,C4=1576,W1=430,R1n=427,ts="2026-04-26T06:55:03Z" 1777182871442477294
sensors,bucket=Set1,host=8a64927ac8a9,topic=/Set1 C1=1287,C2=1383,T1=19.7,R3=632,ts="2026-04-26T06:55:03Z" 1777182871711897943
sensors,bucket=Set2,host=8a64927ac8a9,topic=/Set2 C3=1662,C4=1450,W1=457,R1n=460,ts="2026-04-26T06:56:02Z" 1777182931241788071
sensors,bucket=Set1,host=8a64927ac8a9,topic=/Set1 C1=1287,C2=1376,T1=19.7,R3=636,ts="2026-04-26T06:56:03Z" 1777182931511865252
sensors,bucket=Set2,host=8a64927ac8a9,topic=/Set2 C3=1768,C4=1576,W1=456,R1n=396,ts="2026-04-26T06:57:02Z" 1777182991044678811
sensors,bucket=Set1,host=8a64927ac8a9,topic=/Set1 C1=1288,C2=1383,T1=19.7,R3=632,ts="2026-04-26T06:57:03Z" 1777182991311872346
sensors,bucket=Set2,host=8a64927ac8a9,topic=/Set2 C3=1656,C4=1514,W1=456,R1n=478,ts="2026-04-26T06:58:02Z" 1777183050837585168
sensors,bucket=Set1,host=8a64927ac8a9,topic=/Set1 C1=1288,C2=1383,T1=19.7,R3=649,ts="2026-04-26T06:58:02Z" 1777183051107794927
sensors,bucket=Set2,host=8a64927ac8a9,topic=/Set2 C3=1769,C4=1551,W1=409,R1n=383,ts="2026-04-26T06:59:02Z" 1777183110632897325
sensors,bucket=Set1,host=8a64927ac8a9,topic=/Set1 C1=1288,C2=1383,T1=19.7,R3=640,ts="2026-04-26T06:59:02Z" 1777183110902028138
sensors,bucket=Set2,host=8a64927ac8a9,topic=/Set2 C3=1674,C4=1530,W1=478,R1n=477,ts="2026-04-26T07:00:02Z" 1777183171496384173
sensors,bucket=Set1,host=8a64927ac8a9,topic=/Set1 C1=1288,C2=1375,T1=19.7,R3=616,ts="2026-04-26T07:00:02Z" 1777183171496641851
sensors,bucket=Set2,host=8a64927ac8a9,topic=/Set2 C3=1757,C4=1566,W1=439,R1n=426,ts="2026-04-26T07:01:01Z" 1777183230238353830
sensors,bucket=Set1,host=8a64927ac8a9,topic=/Set1 C1=1288,C2=1384,T1=19.7,R3=636,ts="2026-04-26T07:01:02Z" 1777183230490569738
sensors,bucket=Set2,host=8a64927ac8a9,topic=/Set2 C3=1753,C4=1567,W1=473,R1n=460,ts="2026-04-26T07:02:01Z" 1777183290035082290
sensors,bucket=Set1,host=8a64927ac8a9,topic=/Set1 C1=1288,C2=1383,T1=19.7,R3=633,ts="2026-04-26T07:02:02Z" 1777183290289664195
sensors,bucket=Set2,host=8a64927ac8a9,topic=/Set2 C3=1739,C4=1582,W1=490,R1n=472,ts="2026-04-26T07:03:01Z" 1777183349815643188
sensors,bucket=Set1,host=8a64927ac8a9,topic=/Set1 C1=1288,C2=1375,T1=19.7,R3=618,ts="2026-04-26T07:03:01Z" 1777183350083629322
sensors,bucket=Set2,host=8a64927ac8a9,topic=/Set2 C3=1675,C4=1448,W1=378,R1n=463,ts="2026-04-26T07:04:01Z" 1777183409610368561
sensors,bucket=Set1,host=8a64927ac8a9,topic=/Set1 C1=1287,C2=1383,T1=19.7,R3=635,ts="2026-04-26T07:04:01Z" 1777183409882631280
sensors,bucket=Set2,host=8a64927ac8a9,topic=/Set2 C3=1742,C4=1516,W1=396,R1n=358,ts="2026-04-26T07:05:01Z" 1777183469412728552
sensors,bucket=Set1,host=8a64927ac8a9,topic=/Set1 C1=1288,C2=1376,T1=19.7,R3=633,ts="2026-04-26T07:05:01Z" 1777183469677474878
sensors,bucket=Set2,host=8a64927ac8a9,topic=/Set2 C3=1673,C4=1547,W1=479,R1n=464,ts="2026-04-26T07:06:00Z" 1777183529205194459
sensors,bucket=Set1,host=8a64927ac8a9,topic=/Set1 C1=1288,C2=1382,T1=19.7,R3=637,ts="2026-04-26T07:06:01Z" 1777183529486050466
sensors,bucket=Set2,host=8a64927ac8a9,topic=/Set2 C3=1739,C4=1575,W1=488,R1n=474,ts="2026-04-26T07:07:00Z" 1777183589003874483
sensors,bucket=Set1,host=8a64927ac8a9,topic=/Set1 C1=1288,C2=1382,T1=19.7,R3=639,ts="2026-04-26T07:07:01Z" 1777183589269228676
sensors,bucket=Set2,host=8a64927ac8a9,topic=/Set2 C3=1655,C4=1483,W1=464,R1n=492,ts="2026-04-26T07:08:00Z" 1777183648803287129
sensors,bucket=Set1,host=8a64927ac8a9,topic=/Set1 C1=1288,C2=1384,T1=19.7,R3=652,ts="2026-04-26T07:08:00Z" 1777183649072852655
sensors,bucket=Set2,host=8a64927ac8a9,topic=/Set2 C3=1736,C4=1480,W1=374,R1n=360,ts="2026-04-26T07:09:00Z" 1777183708599289783
sensors,bucket=Set1,host=8a64927ac8a9,topic=/Set1 C1=1288,C2=1384,T1=19.7,R3=620,ts="2026-04-26T07:09:00Z" 1777183708865691833
sensors,bucket=Set2,host=8a64927ac8a9,topic=/Set2 C3=1756,C4=1512,W1=378,R1n=359,ts="2026-04-26T07:10:00Z" 1777183768404181293
sensors,bucket=Set1,host=8a64927ac8a9,topic=/Set1 C1=1288,C2=1384,T1=19.7,R3=654,ts="2026-04-26T07:10:00Z" 1777183768665134977
sensors,bucket=Set2,host=8a64927ac8a9,topic=/Set2 C3=1671,C4=1449,W1=374,R1n=471,ts="2026-04-26T07:10:59Z" 1777183828196320091
sensors,bucket=Set1,host=8a64927ac8a9,topic=/Set1 C1=1287,C2=1382,T1=19.7,R3=620,ts="2026-04-26T07:11:00Z" 1777183828464751099
sensors,bucket=Set2,host=8a64927ac8a9,topic=/Set2 C3=1742,C4=1501,W1=382,R1n=362,ts="2026-04-26T07:11:59Z" 1777183887990230570
sensors,bucket=Set1,host=8a64927ac8a9,topic=/Set1 C1=1288,C2=1376,T1=19.7,R3=640,ts="2026-04-26T07:12:00Z" 1777183888278612067
sensors,bucket=Set2,host=8a64927ac8a9,topic=/Set2 C3=1755,C4=1566,W1=472,R1n=461,ts="2026-04-26T07:12:59Z" 1777183947790051352
sensors,bucket=Set1,host=8a64927ac8a9,topic=/Set1 C1=1288,C2=1383,T1=19.7,R3=638,ts="2026-04-26T07:12:59Z" 1777183948055668869
sensors,bucket=Set2,host=8a64927ac8a9,topic=/Set2 C3=1758,C4=1566,W1=477,R1n=446,ts="2026-04-26T07:13:59Z" 1777184007587737297
sensors,bucket=Set1,host=8a64927ac8a9,topic=/Set1 C1=1287,C2=1383,T1=19.7,R3=648,ts="2026-04-26T07:13:59Z" 1777184007855664828
sensors,bucket=Set2,host=8a64927ac8a9,topic=/Set2 C3=1724,C4=1564,W1=491,R1n=476,ts="2026-04-26T07:14:59Z" 1777184067386981345
sensors,bucket=Set1,host=8a64927ac8a9,topic=/Set1 C1=1288,C2=1384,T1=19.7,R3=623,ts="2026-04-26T07:14:59Z" 1777184067653262672
sensors,bucket=Set2,host=8a64927ac8a9,topic=/Set2 C3=1739,C4=1560,W1=473,R1n=473,ts="2026-04-26T07:15:58Z" 1777184127182749748
sensors,bucket=Set1,host=8a64927ac8a9,topic=/Set1 C1=1288,C2=1382,T1=19.7,R3=617,ts="2026-04-26T07:15:59Z" 1777184127451010138
sensors,bucket=Set2,host=8a64927ac8a9,topic=/Set2 C3=1725,C4=1518,W1=462,R1n=486,ts="2026-04-26T07:16:58Z" 1777184186983152507
sensors,bucket=Set1,host=8a64927ac8a9,topic=/Set1 C1=1288,C2=1382,T1=19.7,R3=615,ts="2026-04-26T07:16:59Z" 1777184187250729364
sensors,bucket=Set2,host=8a64927ac8a9,topic=/Set2 C3=1663,C4=1449,W1=448,R1n=472,ts="2026-04-26T07:17:58Z" 1777184246781204836
sensors,bucket=Set1,host=8a64927ac8a9,topic=/Set1 C1=1288,C2=1383,T1=19.7,R3=637,ts="2026-04-26T07:17:58Z" 1777184247050499323
sensors,bucket=Set2,host=8a64927ac8a9,topic=/Set2 C3=1676,C4=1449,W1=377,R1n=447,ts="2026-04-26T07:18:58Z" 1777184306577709389
sensors,bucket=Set1,host=8a64927ac8a9,topic=/Set1 C1=1288,C2=1375,T1=19.7,R3=621,ts="2026-04-26T07:18:58Z" 1777184306844917003
sensors,bucket=Set2,host=8a64927ac8a9,topic=/Set2 C3=1720,C4=1481,W1=363,R1n=360,ts="2026-04-26T07:19:58Z" 1777184366377964371
sensors,bucket=Set1,host=8a64927ac8a9,topic=/Set1 C1=1288,C2=1383,T1=19.7,R3=637,ts="2026-04-26T07:19:58Z" 1777184366645175877
sensors,bucket=Set2,host=8a64927ac8a9,topic=/Set2 C3=1756,C4=1495,W1=393,R1n=365,ts="2026-04-26T07:20:57Z" 1777184426177288012
sensors,bucket=Set1,host=8a64927ac8a9,topic=/Set1 C1=1288,C2=1375,T1=19.7,R3=648,ts="2026-04-26T07:20:58Z" 1777184426443438093
sensors,bucket=Set2,host=8a64927ac8a9,topic=/Set2 C3=1675,C4=1448,W1=428,R1n=472,ts="2026-04-26T07:21:57Z" 1777184485974615106
sensors,bucket=Set1,host=8a64927ac8a9,topic=/Set1 C1=1287,C2=1376,T1=19.7,R3=633,ts="2026-04-26T07:21:58Z" 1777184486244197101
sensors,bucket=Set2,host=8a64927ac8a9,topic=/Set2 C3=1757,C4=1566,W1=479,R1n=445,ts="2026-04-26T07:22:57Z" 1777184545777860308
sensors,bucket=Set1,host=8a64927ac8a9,topic=/Set1 C1=1287,C2=1376,T1=19.7,R3=603,ts="2026-04-26T07:22:57Z" 1777184546042596649
sensors,bucket=Set2,host=8a64927ac8a9,topic=/Set2 C3=1774,C4=1576,W1=446,R1n=425,ts="2026-04-26T07:23:57Z" 1777184605573275593
sensors,bucket=Set1,host=8a64927ac8a9,topic=/Set1 C1=1288,C2=1382,T1=19.7,R3=620,ts="2026-04-26T07:23:57Z" 1777184605841300132
sensors,bucket=Set2,host=8a64927ac8a9,topic=/Set2 C3=1753,C4=1499,W1=398,R1n=358,ts="2026-04-26T07:24:57Z" 1777184665373417982
sensors,bucket=Set1,host=8a64927ac8a9,topic=/Set1 C1=1288,C2=1375,T1=19.7,R3=631,ts="2026-04-26T07:24:57Z" 1777184665638556843
sensors,bucket=Set2,host=8a64927ac8a9,topic=/Set2 C3=1723,C4=1486,W1=378,R1n=380,ts="2026-04-26T07:25:56Z" 1777184725174864272
sensors,bucket=Set1,host=8a64927ac8a9,topic=/Set1 C1=1288,C2=1376,T1=19.7,R3=621,ts="2026-04-26T07:25:57Z" 1777184725439793434
sensors,bucket=Set2,host=8a64927ac8a9,topic=/Set2 C3=1772,C4=1564,W1=473,R1n=438,ts="2026-04-26T07:26:56Z" 1777184784974460780
sensors,bucket=Set1,host=8a64927ac8a9,topic=/Set1 C1=1288,C2=1383,T1=19.7,R3=635,ts="2026-04-26T07:26:57Z" 1777184785241100274
sensors,bucket=Set2,host=8a64927ac8a9,topic=/Set2 C3=1675,C4=1439,W1=396,R1n=441,ts="2026-04-26T07:27:56Z" 1777184844769991810
sensors,bucket=Set1,host=8a64927ac8a9,topic=/Set1 C1=1288,C2=1384,T1=19.7,R3=647,ts="2026-04-26T07:27:56Z" 1777184845039728197
sensors,bucket=Set2,host=8a64927ac8a9,topic=/Set2 C3=1753,C4=1567,W1=476,R1n=463,ts="2026-04-26T07:28:56Z" 1777184904572009433
sensors,bucket=Set1,host=8a64927ac8a9,topic=/Set1 C1=1288,C2=1382,T1=19.7,R3=637,ts="2026-04-26T07:28:56Z" 1777184904836264751
sensors,bucket=Set2,host=8a64927ac8a9,topic=/Set2 C3=1724,C4=1480,W1=366,R1n=362,ts="2026-04-26T07:29:56Z" 1777184964368647838
sensors,bucket=Set1,host=8a64927ac8a9,topic=/Set1 C1=1288,C2=1375,T1=19.7,R3=637,ts="2026-04-26T07:29:56Z" 1777184964638772093
sensors,bucket=Set2,host=8a64927ac8a9,topic=/Set2 C3=1735,C4=1560,W1=475,R1n=479,ts="2026-04-26T07:30:55Z" 1777185024183799360
sensors,bucket=Set1,host=8a64927ac8a9,topic=/Set1 C1=1288,C2=1383,T1=19.7,R3=647,ts="2026-04-26T07:30:56Z" 1777185024434445512
sensors,bucket=Set2,host=8a64927ac8a9,topic=/Set2 C3=1758,C4=1563,W1=430,R1n=406,ts="2026-04-26T07:31:55Z" 1777185083970191790
sensors,bucket=Set1,host=8a64927ac8a9,topic=/Set1 C1=1288,C2=1382,T1=19.7,R3=647,ts="2026-04-26T07:31:56Z" 1777185084252361528
sensors,bucket=Set2,host=8a64927ac8a9,topic=/Set2 C3=1758,C4=1519,W1=408,R1n=364,ts="2026-04-26T07:32:55Z" 1777185143767814697
sensors,bucket=Set1,host=8a64927ac8a9,topic=/Set1 C1=1289,C2=1382,T1=19.7,R3=652,ts="2026-04-26T07:32:55Z" 1777185144041718544
sensors,bucket=Set2,host=8a64927ac8a9,topic=/Set2 C3=1680,C4=1450,W1=362,R1n=441,ts="2026-04-26T07:33:55Z" 1777185203567632968
sensors,bucket=Set1,host=8a64927ac8a9,topic=/Set1 C1=1288,C2=1375,T1=19.7,R3=634,ts="2026-04-26T07:33:55Z" 1777185203833246652
sensors,bucket=Set2,host=8a64927ac8a9,topic=/Set2 C3=1756,C4=1566,W1=475,R1n=472,ts="2026-04-26T07:34:55Z" 1777185263369579009
sensors,bucket=Set1,host=8a64927ac8a9,topic=/Set1 C1=1288,C2=1382,T1=19.7,R3=638,ts="2026-04-26T07:34:55Z" 1777185263631935180
sensors,bucket=Set2,host=8a64927ac8a9,topic=/Set2 C3=1720,C4=1469,W1=360,R1n=361,ts="2026-04-26T07:35:54Z" 1777185323164572973
sensors,bucket=Set1,host=8a64927ac8a9,topic=/Set1 C1=1288,C2=1383,T1=19.7,R3=621,ts="2026-04-26T07:35:55Z" 1777185323432776985
sensors,bucket=Set2,host=8a64927ac8a9,topic=/Set2 C3=1675,C4=1546,W1=474,R1n=476,ts="2026-04-26T07:36:54Z" 1777185382963943693
sensors,bucket=Set1,host=8a64927ac8a9,topic=/Set1 C1=1288,C2=1383,T1=19.7,R3=646,ts="2026-04-26T07:36:55Z" 1777185383226302697
sensors,bucket=Set2,host=8a64927ac8a9,topic=/Set2 C3=1773,C4=1550,W1=409,R1n=398,ts="2026-04-26T07:37:54Z" 1777185442767995926
sensors,bucket=Set1,host=8a64927ac8a9,topic=/Set1 C1=1288,C2=1375,T1=19.7,R3=650,ts="2026-04-26T07:37:54Z" 1777185443030761835
sensors,bucket=Set2,host=8a64927ac8a9,topic=/Set2 C3=1709,C4=1548,W1=489,R1n=488,ts="2026-04-26T07:38:54Z" 1777185502563931412
sensors,bucket=Set1,host=8a64927ac8a9,topic=/Set1 C1=1287,C2=1375,T1=19.7,R3=622,ts="2026-04-26T07:38:54Z" 1777185502829308948
sensors,bucket=Set2,host=8a64927ac8a9,topic=/Set2 C3=1773,C4=1579,W1=456,R1n=412,ts="2026-04-26T07:39:54Z" 1777185562363510614
sensors,bucket=Set1,host=8a64927ac8a9,topic=/Set1 C1=1288,C2=1384,T1=19.7,R3=652,ts="2026-04-26T07:39:54Z" 1777185562629233810
sensors,bucket=Set2,host=8a64927ac8a9,topic=/Set2 C3=1710,C4=1575,W1=491,R1n=477,ts="2026-04-26T07:40:53Z" 1777185622167043617
sensors,bucket=Set1,host=8a64927ac8a9,topic=/Set1 C1=1288,C2=1383,T1=19.7,R3=648,ts="2026-04-26T07:40:54Z" 1777185622430960172
sensors,bucket=Set2,host=8a64927ac8a9,topic=/Set2 C3=1689,C4=1549,W1=477,R1n=480,ts="2026-04-26T07:41:53Z" 1777185681964283145
sensors,bucket=Set1,host=8a64927ac8a9,topic=/Set1 C1=1288,C2=1384,T1=19.7,R3=648,ts="2026-04-26T07:41:54Z" 1777185682229005287
sensors,bucket=Set2,host=8a64927ac8a9,topic=/Set2 C3=1773,C4=1577,W1=471,R1n=429,ts="2026-04-26T07:42:53Z" 1777185741763568345
sensors,bucket=Set1,host=8a64927ac8a9,topic=/Set1 C1=1289,C2=1384,T1=19.7,R3=616,ts="2026-04-26T07:42:53Z" 1777185742026113456
sensors,bucket=Set2,host=8a64927ac8a9,topic=/Set2 C3=1758,C4=1544,W1=414,R1n=379,ts="2026-04-26T07:43:53Z" 1777185801565044507
sensors,bucket=Set1,host=8a64927ac8a9,topic=/Set1 C1=1288,C2=1384,T1=19.7,R3=605,ts="2026-04-26T07:43:53Z" 1777185801826086082
sensors,bucket=Set2,host=8a64927ac8a9,topic=/Set2 C3=1759,C4=1578,W1=476,R1n=446,ts="2026-04-26T07:44:53Z" 1777185861362335715
sensors,bucket=Set1,host=8a64927ac8a9,topic=/Set1 C1=1287,C2=1382,T1=19.7,R3=650,ts="2026-04-26T07:44:53Z" 1777185861625123086
sensors,bucket=Set2,host=8a64927ac8a9,topic=/Set2 C3=1773,C4=1547,W1=427,R1n=390,ts="2026-04-26T07:45:52Z" 1777185921162429721
sensors,bucket=Set1,host=8a64927ac8a9,topic=/Set1 C1=1288,C2=1383,T1=19.7,R3=621,ts="2026-04-26T07:45:53Z" 1777185921427042484
sensors,bucket=Set2,host=8a64927ac8a9,topic=/Set2 C3=1737,C4=1581,W1=476,R1n=487,ts="2026-04-26T07:46:52Z" 1777185980967657203
sensors,bucket=Set1,host=8a64927ac8a9,topic=/Set1 C1=1288,C2=1384,T1=19.7,R3=632,ts="2026-04-26T07:46:53Z" 1777185981225242424
sensors,bucket=Set2,host=8a64927ac8a9,topic=/Set2 C3=1678,C4=1453,W1=432,R1n=488,ts="2026-04-26T07:47:52Z" 1777186040759668538
sensors,bucket=Set1,host=8a64927ac8a9,topic=/Set1 C1=1288,C2=1384,T1=19.6,R3=634,ts="2026-04-26T07:47:52Z" 1777186041027351674
sensors,bucket=Set2,host=8a64927ac8a9,topic=/Set2 C3=1707,C4=1470,W1=362,R1n=367,ts="2026-04-26T07:48:52Z" 1777186100559698438
sensors,bucket=Set1,host=8a64927ac8a9,topic=/Set1 C1=1288,C2=1384,T1=19.7,R3=607,ts="2026-04-26T07:48:52Z" 1777186100873254926
sensors,bucket=Set2,host=8a64927ac8a9,topic=/Set2 C3=1741,C4=1566,W1=474,R1n=479,ts="2026-04-26T07:49:52Z" 1777186160361362147
sensors,bucket=Set1,host=8a64927ac8a9,topic=/Set1 C1=1288,C2=1384,T1=19.7,R3=638,ts="2026-04-26T07:49:52Z" 1777186160622998958
sensors,bucket=Set2,host=8a64927ac8a9,topic=/Set2 C3=1769,C4=1566,W1=432,R1n=439,ts="2026-04-26T07:50:51Z" 1777186220158596400
sensors,bucket=Set1,host=8a64927ac8a9,topic=/Set1 C1=1286,C2=1383,T1=19.7,R3=617,ts="2026-04-26T07:50:52Z" 1777186220420134772
sensors,bucket=Set2,host=8a64927ac8a9,topic=/Set2 C3=1737,C4=1564,W1=490,R1n=489,ts="2026-04-26T07:51:51Z" 1777186279958486541
sensors,bucket=Set1,host=8a64927ac8a9,topic=/Set1 C1=1287,C2=1383,T1=19.6,R3=650,ts="2026-04-26T07:51:52Z" 1777186280261072439
sensors,bucket=Set2,host=8a64927ac8a9,topic=/Set2 C3=1771,C4=1568,W1=426,R1n=409,ts="2026-04-26T07:52:51Z" 1777186339762914323
sensors,bucket=Set1,host=8a64927ac8a9,topic=/Set1 C1=1287,C2=1383,T1=19.6,R3=624,ts="2026-04-26T07:52:51Z" 1777186340021749138
sensors,bucket=Set2,host=8a64927ac8a9,topic=/Set2 C3=1728,C4=1485,W1=361,R1n=365,ts="2026-04-26T07:53:51Z" 1777186399557026142
sensors,bucket=Set1,host=8a64927ac8a9,topic=/Set1 C1=1288,C2=1383,T1=19.7,R3=649,ts="2026-04-26T07:53:51Z" 1777186399824192504
sensors,bucket=Set2,host=8a64927ac8a9,topic=/Set2 C3=1675,C4=1447,W1=366,R1n=442,ts="2026-04-26T07:54:51Z" 1777186459357593406
sensors,bucket=Set1,host=8a64927ac8a9,topic=/Set1 C1=1288,C2=1382,T1=19.7,R3=605,ts="2026-04-26T07:54:51Z" 1777186459617334939
sensors,bucket=Set2,host=8a64927ac8a9,topic=/Set2 C3=1759,C4=1565,W1=443,R1n=445,ts="2026-04-26T07:55:50Z" 1777186519158822276
sensors,bucket=Set1,host=8a64927ac8a9,topic=/Set1 C1=1288,C2=1383,T1=19.7,R3=604,ts="2026-04-26T07:55:51Z" 1777186519430657460
sensors,bucket=Set2,host=8a64927ac8a9,topic=/Set2 C3=1768,C4=1533,W1=413,R1n=367,ts="2026-04-26T07:56:50Z" 1777186578960368022
sensors,bucket=Set1,host=8a64927ac8a9,topic=/Set1 C1=1288,C2=1382,T1=19.7,R3=634,ts="2026-04-26T07:56:51Z" 1777186579221160691
sensors,bucket=Set2,host=8a64927ac8a9,topic=/Set2 C3=1741,C4=1566,W1=477,R1n=470,ts="2026-04-26T07:57:50Z" 1777186638757969067
sensors,bucket=Set1,host=8a64927ac8a9,topic=/Set1 C1=1288,C2=1376,T1=19.6,R3=614,ts="2026-04-26T07:57:50Z" 1777186639019329673
sensors,bucket=Set2,host=8a64927ac8a9,topic=/Set2 C3=1662,C4=1467,W1=413,R1n=472,ts="2026-04-26T07:58:50Z" 1777186698557801768
sensors,bucket=Set1,host=8a64927ac8a9,topic=/Set1 C1=1288,C2=1383,T1=19.7,R3=637,ts="2026-04-26T07:58:50Z" 1777186698817533773
sensors,bucket=Set2,host=8a64927ac8a9,topic=/Set2 C3=1758,C4=1534,W1=409,R1n=377,ts="2026-04-26T07:59:50Z" 1777186758359149561
sensors,bucket=Set1,host=8a64927ac8a9,topic=/Set1 C1=1288,C2=1375,T1=19.7,R3=618,ts="2026-04-26T07:59:50Z" 1777186758619402928
sensors,bucket=Set2,host=8a64927ac8a9,topic=/Set2 C3=1725,C4=1549,W1=476,R1n=463,ts="2026-04-26T08:00:49Z" 1777186818158684250
sensors,bucket=Set1,host=8a64927ac8a9,topic=/Set1 C1=1288,C2=1383,T1=19.6,R3=637,ts="2026-04-26T08:00:50Z" 1777186818416021319
sensors,bucket=Set2,host=8a64927ac8a9,topic=/Set2 C3=1719,C4=1549,W1=491,R1n=502,ts="2026-04-26T08:01:49Z" 1777186877963800360
sensors,bucket=Set1,host=8a64927ac8a9,topic=/Set1 C1=1288,C2=1383,T1=19.6,R3=636,ts="2026-04-26T08:01:49Z" 1777186878223454138
sensors,bucket=Set2,host=8a64927ac8a9,topic=/Set2 C3=1758,C4=1574,W1=440,R1n=396,ts="2026-04-26T08:02:49Z" 1777186937767806485
sensors,bucket=Set1,host=8a64927ac8a9,topic=/Set1 C1=1288,C2=1383,T1=19.6,R3=655,ts="2026-04-26T08:02:49Z" 1777186938017475414
sensors,bucket=Set2,host=8a64927ac8a9,topic=/Set2 C3=1657,C4=1463,W1=457,R1n=494,ts="2026-04-26T08:03:49Z" 1777186997555845712
sensors,bucket=Set1,host=8a64927ac8a9,topic=/Set1 C1=1288,C2=1383,T1=19.6,R3=638,ts="2026-04-26T08:03:49Z" 1777186997815991120
sensors,bucket=Set2,host=8a64927ac8a9,topic=/Set2 C3=1736,C4=1479,W1=377,R1n=361,ts="2026-04-26T08:04:49Z" 1777187057357934176
sensors,bucket=Set1,host=8a64927ac8a9,topic=/Set1 C1=1287,C2=1383,T1=19.7,R3=615,ts="2026-04-26T08:04:49Z" 1777187057617904077
sensors,bucket=Set2,host=8a64927ac8a9,topic=/Set2 C3=1705,C4=1560,W1=487,R1n=477,ts="2026-04-26T08:05:48Z" 1777187117155357157
sensors,bucket=Set1,host=8a64927ac8a9,topic=/Set1 C1=1288,C2=1383,T1=19.7,R3=634,ts="2026-04-26T08:05:49Z" 1777187117450453852
sensors,bucket=Set2,host=8a64927ac8a9,topic=/Set2 C3=1736,C4=1567,W1=479,R1n=477,ts="2026-04-26T08:06:48Z" 1777187176958754339
sensors,bucket=Set1,host=8a64927ac8a9,topic=/Set1 C1=1288,C2=1376,T1=19.7,R3=631,ts="2026-04-26T08:06:48Z" 1777187177214454753
sensors,bucket=Set2,host=8a64927ac8a9,topic=/Set2 C3=1658,C4=1514,W1=455,R1n=478,ts="2026-04-26T08:07:48Z" 1777187236763213168
sensors,bucket=Set1,host=8a64927ac8a9,topic=/Set1 C1=1288,C2=1384,T1=19.7,R3=638,ts="2026-04-26T08:07:48Z" 1777187237015963226
sensors,bucket=Set2,host=8a64927ac8a9,topic=/Set2 C3=1719,C4=1470,W1=362,R1n=360,ts="2026-04-26T08:08:48Z" 1777187296556673447
sensors,bucket=Set1,host=8a64927ac8a9,topic=/Set1 C1=1288,C2=1383,T1=19.7,R3=617,ts="2026-04-26T08:08:48Z" 1777187296815089505
sensors,bucket=Set2,host=8a64927ac8a9,topic=/Set2 C3=1741,C4=1562,W1=477,R1n=457,ts="2026-04-26T08:09:48Z" 1777187356353483597
sensors,bucket=Set1,host=8a64927ac8a9,topic=/Set1 C1=1287,C2=1384,T1=19.6,R3=653,ts="2026-04-26T08:09:48Z" 1777187356616267088
sensors,bucket=Set2,host=8a64927ac8a9,topic=/Set2 C3=1753,C4=1563,W1=456,R1n=408,ts="2026-04-26T08:10:47Z" 1777187416157620528
sensors,bucket=Set1,host=8a64927ac8a9,topic=/Set1 C1=1288,C2=1376,T1=19.6,R3=636,ts="2026-04-26T08:10:48Z" 1777187419179597677
sensors,bucket=Set2,host=8a64927ac8a9,topic=/Set2 C3=1708,C4=1452,W1=366,R1n=410,ts="2026-04-26T08:11:47Z" 1777187475953266148
sensors,bucket=Set1,host=8a64927ac8a9,topic=/Set1 C1=1287,C2=1383,T1=19.7,R3=620,ts="2026-04-26T08:11:47Z" 1777187476214469698
sensors,bucket=Set2,host=8a64927ac8a9,topic=/Set2 C3=1661,C4=1503,W1=475,R1n=487,ts="2026-04-26T08:12:47Z" 1777187535755597266
sensors,bucket=Set1,host=8a64927ac8a9,topic=/Set1 C1=1288,C2=1384,T1=19.7,R3=635,ts="2026-04-26T08:12:47Z" 1777187536016485512
sensors,bucket=Set2,host=8a64927ac8a9,topic=/Set2 C3=1765,C4=1534,W1=398,R1n=394,ts="2026-04-26T08:13:47Z" 1777187595559690812
sensors,bucket=Set1,host=8a64927ac8a9,topic=/Set1 C1=1288,C2=1383,T1=19.7,R3=636,ts="2026-04-26T08:13:47Z" 1777187595819678791
sensors,bucket=Set2,host=8a64927ac8a9,topic=/Set2 C3=1758,C4=1535,W1=411,R1n=379,ts="2026-04-26T08:14:47Z" 1777187655353970790
sensors,bucket=Set1,host=8a64927ac8a9,topic=/Set1 C1=1288,C2=1383,T1=19.7,R3=638,ts="2026-04-26T08:14:47Z" 1777187655617235523
sensors,bucket=Set2,host=8a64927ac8a9,topic=/Set2 C3=1772,C4=1550,W1=447,R1n=456,ts="2026-04-26T08:15:46Z" 1777187715156114961
sensors,bucket=Set1,host=8a64927ac8a9,topic=/Set1 C1=1288,C2=1382,T1=19.6,R3=622,ts="2026-04-26T08:15:47Z" 1777187715413227228
sensors,bucket=Set2,host=8a64927ac8a9,topic=/Set2 C3=1693,C4=1531,W1=475,R1n=494,ts="2026-04-26T08:16:46Z" 1777187774957514973
sensors,bucket=Set1,host=8a64927ac8a9,topic=/Set1 C1=1288,C2=1383,T1=19.7,R3=637,ts="2026-04-26T08:16:46Z" 1777187775214150543
sensors,bucket=Set2,host=8a64927ac8a9,topic=/Set2 C3=1660,C4=1452,W1=444,R1n=476,ts="2026-04-26T08:17:46Z" 1777187834757009202
sensors,bucket=Set1,host=8a64927ac8a9,topic=/Set1 C1=1288,C2=1376,T1=19.6,R3=650,ts="2026-04-26T08:17:46Z" 1777187835012533421
sensors,bucket=Set2,host=8a64927ac8a9,topic=/Set2 C3=1773,C4=1536,W1=392,R1n=382,ts="2026-04-26T08:18:46Z" 1777187894553591741
sensors,bucket=Set1,host=8a64927ac8a9,topic=/Set1 C1=1288,C2=1376,T1=19.6,R3=664,ts="2026-04-26T08:18:46Z" 1777187894812434669
sensors,bucket=Set2,host=8a64927ac8a9,topic=/Set2 C3=1659,C4=1547,W1=478,R1n=462,ts="2026-04-26T08:19:46Z" 1777187954353740474
sensors,bucket=Set1,host=8a64927ac8a9,topic=/Set1 C1=1288,C2=1384,T1=19.7,R3=639,ts="2026-04-26T08:19:46Z" 1777187954610499782
sensors,bucket=Set2,host=8a64927ac8a9,topic=/Set2 C3=1738,C4=1512,W1=368,R1n=359,ts="2026-04-26T08:20:45Z" 1777188014154101734
sensors,bucket=Set1,host=8a64927ac8a9,topic=/Set1 C1=1288,C2=1384,T1=19.6,R3=651,ts="2026-04-26T08:20:46Z" 1777188014412243476
sensors,bucket=Set2,host=8a64927ac8a9,topic=/Set2 C3=1726,C4=1467,W1=352,R1n=365,ts="2026-04-26T08:21:45Z" 1777188073952195271
sensors,bucket=Set1,host=8a64927ac8a9,topic=/Set1 C1=1288,C2=1383,T1=19.6,R3=634,ts="2026-04-26T08:21:45Z" 1777188074211627210
sensors,bucket=Set2,host=8a64927ac8a9,topic=/Set2 C3=1686,C4=1440,W1=412,R1n=454,ts="2026-04-26T08:22:45Z" 1777188133755330835
sensors,bucket=Set1,host=8a64927ac8a9,topic=/Set1 C1=1289,C2=1384,T1=19.6,R3=633,ts="2026-04-26T08:22:45Z" 1777188134012275645
sensors,bucket=Set2,host=8a64927ac8a9,topic=/Set2 C3=1705,C4=1563,W1=478,R1n=494,ts="2026-04-26T08:23:45Z" 1777188193555106372
sensors,bucket=Set1,host=8a64927ac8a9,topic=/Set1 C1=1288,C2=1383,T1=19.6,R3=638,ts="2026-04-26T08:23:45Z" 1777188193809970247
sensors,bucket=Set2,host=8a64927ac8a9,topic=/Set2 C3=1663,C4=1469,W1=415,R1n=480,ts="2026-04-26T08:24:45Z" 1777188253361774064
sensors,bucket=Set1,host=8a64927ac8a9,topic=/Set1 C1=1288,C2=1383,T1=19.6,R3=634,ts="2026-04-26T08:24:45Z" 1777188253613483629
sensors,bucket=Set2,host=8a64927ac8a9,topic=/Set2 C3=1657,C4=1455,W1=430,R1n=475,ts="2026-04-26T08:25:44Z" 1777188313154861645
sensors,bucket=Set1,host=8a64927ac8a9,topic=/Set1 C1=1287,C2=1383,T1=19.6,R3=635,ts="2026-04-26T08:25:45Z" 1777188313409081089
sensors,bucket=Set2,host=8a64927ac8a9,topic=/Set2 C3=1660,C4=1518,W1=455,R1n=487,ts="2026-04-26T08:26:44Z" 1777188372955135105
sensors,bucket=Set1,host=8a64927ac8a9,topic=/Set1 C1=1288,C2=1383,T1=19.6,R3=651,ts="2026-04-26T08:26:44Z" 1777188373209576678
sensors,bucket=Set2,host=8a64927ac8a9,topic=/Set2 C3=1752,C4=1576,W1=471,R1n=463,ts="2026-04-26T08:27:44Z" 1777188432750604181
sensors,bucket=Set1,host=8a64927ac8a9,topic=/Set1 C1=1287,C2=1384,T1=19.6,R3=617,ts="2026-04-26T08:27:44Z" 1777188433008234809
sensors,bucket=Set2,host=8a64927ac8a9,topic=/Set2 C3=1757,C4=1576,W1=423,R1n=414,ts="2026-04-26T08:28:44Z" 1777188492603063260
sensors,bucket=Set1,host=8a64927ac8a9,topic=/Set1 C1=1288,C2=1384,T1=19.7,R3=637,ts="2026-04-26T08:28:44Z" 1777188492807433241
sensors,bucket=Set2,host=8a64927ac8a9,topic=/Set2 C3=1671,C4=1447,W1=440,R1n=476,ts="2026-04-26T08:29:44Z" 1777188552350445461
sensors,bucket=Set1,host=8a64927ac8a9,topic=/Set1 C1=1288,C2=1383,T1=19.6,R3=635,ts="2026-04-26T08:29:44Z" 1777188552616474310
sensors,bucket=Set2,host=8a64927ac8a9,topic=/Set2 C3=1662,C4=1499,W1=463,R1n=478,ts="2026-04-26T08:30:43Z" 1777188612150459083
sensors,bucket=Set1,host=8a64927ac8a9,topic=/Set1 C1=1287,C2=1384,T1=19.6,R3=632,ts="2026-04-26T08:30:44Z" 1777188612408589647
sensors,bucket=Set2,host=8a64927ac8a9,topic=/Set2 C3=1706,C4=1548,W1=471,R1n=492,ts="2026-04-26T08:31:43Z" 1777188671958474071
sensors,bucket=Set1,host=8a64927ac8a9,topic=/Set1 C1=1287,C2=1385,T1=19.6,R3=621,ts="2026-04-26T08:31:43Z" 1777188672207336145
sensors,bucket=Set2,host=8a64927ac8a9,topic=/Set2 C3=1769,C4=1564,W1=478,R1n=460,ts="2026-04-26T08:32:43Z" 1777188731752131159
sensors,bucket=Set1,host=8a64927ac8a9,topic=/Set1 C1=1288,C2=1384,T1=19.6,R3=606,ts="2026-04-26T08:32:43Z" 1777188732009772947
sensors,bucket=Set2,host=8a64927ac8a9,topic=/Set2 C3=1756,C4=1575,W1=476,R1n=431,ts="2026-04-26T08:33:43Z" 1777188791552595353
sensors,bucket=Set1,host=8a64927ac8a9,topic=/Set1 C1=1290,C2=1384,T1=19.6,R3=621,ts="2026-04-26T08:33:43Z" 1777188791804855688
sensors,bucket=Set2,host=8a64927ac8a9,topic=/Set2 C3=1755,C4=1544,W1=424,R1n=397,ts="2026-04-26T08:34:43Z" 1777188851354279093
sensors,bucket=Set1,host=8a64927ac8a9,topic=/Set1 C1=1288,C2=1385,T1=19.6,R3=608,ts="2026-04-26T08:34:43Z" 1777188851607446638
sensors,bucket=Set2,host=8a64927ac8a9,topic=/Set2 C3=1722,C4=1452,W1=363,R1n=398,ts="2026-04-26T08:35:42Z" 1777188911150991034
sensors,bucket=Set1,host=8a64927ac8a9,topic=/Set1 C1=1287,C2=1376,T1=19.6,R3=622,ts="2026-04-26T08:35:43Z" 1777188911404115029
sensors,bucket=Set2,host=8a64927ac8a9,topic=/Set2 C3=1756,C4=1567,W1=460,R1n=426,ts="2026-04-26T08:36:42Z" 1777188970954788679
sensors,bucket=Set1,host=8a64927ac8a9,topic=/Set1 C1=1288,C2=1384,T1=19.6,R3=618,ts="2026-04-26T08:36:42Z" 1777188971209942397
sensors,bucket=Set2,host=8a64927ac8a9,topic=/Set2 C3=1660,C4=1497,W1=445,R1n=494,ts="2026-04-26T08:37:42Z" 1777189030748713753
sensors,bucket=Set1,host=8a64927ac8a9,topic=/Set1 C1=1289,C2=1384,T1=19.6,R3=616,ts="2026-04-26T08:37:42Z" 1777189031003258208
sensors,bucket=Set2,host=8a64927ac8a9,topic=/Set2 C3=1710,C4=1561,W1=478,R1n=491,ts="2026-04-26T08:38:42Z" 1777189090548239315
sensors,bucket=Set1,host=8a64927ac8a9,topic=/Set1 C1=1288,C2=1384,T1=19.6,R3=616,ts="2026-04-26T08:38:42Z" 1777189090805354675
sensors,bucket=Set2,host=8a64927ac8a9,topic=/Set2 C3=1757,C4=1561,W1=456,R1n=414,ts="2026-04-26T08:39:42Z" 1777189150348309042
sensors,bucket=Set1,host=8a64927ac8a9,topic=/Set1 C1=1287,C2=1384,T1=19.6,R3=615,ts="2026-04-26T08:39:42Z" 1777189150604361146
sensors,bucket=Set2,host=8a64927ac8a9,topic=/Set2 C3=1741,C4=1486,W1=374,R1n=363,ts="2026-04-26T08:40:41Z" 1777189210151247092
sensors,bucket=Set1,host=8a64927ac8a9,topic=/Set1 C1=1288,C2=1384,T1=19.6,R3=647,ts="2026-04-26T08:40:42Z" 1777189210402955145
sensors,bucket=Set2,host=8a64927ac8a9,topic=/Set2 C3=1756,C4=1566,W1=475,R1n=438,ts="2026-04-26T08:41:41Z" 1777189269949335046
sensors,bucket=Set1,host=8a64927ac8a9,topic=/Set1 C1=1287,C2=1384,T1=19.6,R3=619,ts="2026-04-26T08:41:41Z" 1777189270203267972
sensors,bucket=Set2,host=8a64927ac8a9,topic=/Set2 C3=1661,C4=1514,W1=473,R1n=490,ts="2026-04-26T08:42:41Z" 1777189329753247538
sensors,bucket=Set1,host=8a64927ac8a9,topic=/Set1 C1=1287,C2=1384,T1=19.6,R3=638,ts="2026-04-26T08:42:41Z" 1777189330004863043
sensors,bucket=Set2,host=8a64927ac8a9,topic=/Set2 C3=1659,C4=1529,W1=446,R1n=492,ts="2026-04-26T08:43:41Z" 1777189389547891000
sensors,bucket=Set1,host=8a64927ac8a9,topic=/Set1 C1=1287,C2=1385,T1=19.7,R3=606,ts="2026-04-26T08:43:41Z" 1777189389799972767
sensors,bucket=Set2,host=8a64927ac8a9,topic=/Set2 C3=1758,C4=1577,W1=444,R1n=412,ts="2026-04-26T08:44:41Z" 1777189449348823815
sensors,bucket=Set1,host=8a64927ac8a9,topic=/Set1 C1=1288,C2=1384,T1=19.6,R3=633,ts="2026-04-26T08:44:41Z" 1777189449604542993
sensors,bucket=Set2,host=8a64927ac8a9,topic=/Set2 C3=1672,C4=1544,W1=477,R1n=488,ts="2026-04-26T08:45:40Z" 1777189509150686543
sensors,bucket=Set1,host=8a64927ac8a9,topic=/Set1 C1=1288,C2=1384,T1=19.6,R3=637,ts="2026-04-26T08:45:41Z" 1777189509401893386
sensors,bucket=Set2,host=8a64927ac8a9,topic=/Set2 C3=1657,C4=1463,W1=456,R1n=470,ts="2026-04-26T08:46:40Z" 1777189568952377993
sensors,bucket=Set1,host=8a64927ac8a9,topic=/Set1 C1=1289,C2=1384,T1=19.6,R3=636,ts="2026-04-26T08:46:40Z" 1777189569206109431
sensors,bucket=Set2,host=8a64927ac8a9,topic=/Set2 C3=1671,C4=1450,W1=412,R1n=477,ts="2026-04-26T08:47:40Z" 1777189628748105308
sensors,bucket=Set1,host=8a64927ac8a9,topic=/Set1 C1=1288,C2=1384,T1=19.6,R3=636,ts="2026-04-26T08:47:40Z" 1777189629002395598
sensors,bucket=Set2,host=8a64927ac8a9,topic=/Set2 C3=1736,C4=1552,W1=478,R1n=480,ts="2026-04-26T08:48:40Z" 1777189688546767364
sensors,bucket=Set1,host=8a64927ac8a9,topic=/Set1 C1=1288,C2=1384,T1=19.6,R3=624,ts="2026-04-26T08:48:40Z" 1777189688802371773
sensors,bucket=Set2,host=8a64927ac8a9,topic=/Set2 C3=1741,C4=1582,W1=488,R1n=460,ts="2026-04-26T08:49:40Z" 1777189748349547549
sensors,bucket=Set1,host=8a64927ac8a9,topic=/Set1 C1=1288,C2=1384,T1=19.6,R3=633,ts="2026-04-26T08:49:40Z" 1777189748601927493
sensors,bucket=Set2,host=8a64927ac8a9,topic=/Set2 C3=1695,C4=1486,W1=362,R1n=393,ts="2026-04-26T08:50:39Z" 1777189808146949688
sensors,bucket=Set1,host=8a64927ac8a9,topic=/Set1 C1=1289,C2=1384,T1=19.7,R3=622,ts="2026-04-26T08:50:40Z" 1777189808404378940
sensors,bucket=Set2,host=8a64927ac8a9,topic=/Set2 C3=1768,C4=1579,W1=425,R1n=391,ts="2026-04-26T08:51:39Z" 1777189867946706542
sensors,bucket=Set1,host=8a64927ac8a9,topic=/Set1 C1=1288,C2=1384,T1=19.6,R3=649,ts="2026-04-26T08:51:39Z" 1777189868201851745
sensors,bucket=Set2,host=8a64927ac8a9,topic=/Set2 C3=1752,C4=1565,W1=473,R1n=456,ts="2026-04-26T08:52:39Z" 1777189927749969218
sensors,bucket=Set1,host=8a64927ac8a9,topic=/Set1 C1=1288,C2=1384,T1=19.6,R3=635,ts="2026-04-26T08:52:39Z" 1777189928004388494
sensors,bucket=Set2,host=8a64927ac8a9,topic=/Set2 C3=1659,C4=1512,W1=460,R1n=496,ts="2026-04-26T08:53:39Z" 1777189987545838259
sensors,bucket=Set1,host=8a64927ac8a9,topic=/Set1 C1=1288,C2=1383,T1=19.6,R3=624,ts="2026-04-26T08:53:39Z" 1777189987802513895
sensors,bucket=Set2,host=8a64927ac8a9,topic=/Set2 C3=1738,C4=1463,W1=362,R1n=381,ts="2026-04-26T08:54:39Z" 1777190047348050950
sensors,bucket=Set1,host=8a64927ac8a9,topic=/Set1 C1=1288,C2=1384,T1=19.6,R3=648,ts="2026-04-26T08:54:39Z" 1777190047606900344
sensors,bucket=Set2,host=8a64927ac8a9,topic=/Set2 C3=1769,C4=1567,W1=460,R1n=427,ts="2026-04-26T08:55:38Z" 1777190108371527784
sensors,bucket=Set1,host=8a64927ac8a9,topic=/Set1 C1=1288,C2=1384,T1=19.7,R3=635,ts="2026-04-26T08:55:39Z" 1777190108371696039
sensors,bucket=Set2,host=8a64927ac8a9,topic=/Set2 C3=1656,C4=1543,W1=463,R1n=460,ts="2026-04-26T08:56:38Z" 1777190166946133920
sensors,bucket=Set1,host=8a64927ac8a9,topic=/Set1 C1=1288,C2=1384,T1=19.6,R3=632,ts="2026-04-26T08:56:38Z" 1777190167204747732
sensors,bucket=Set2,host=8a64927ac8a9,topic=/Set2 C3=1768,C4=1544,W1=429,R1n=379,ts="2026-04-26T08:57:38Z" 1777190226748975643
sensors,bucket=Set1,host=8a64927ac8a9,topic=/Set1 C1=1287,C2=1384,T1=19.6,R3=620,ts="2026-04-26T08:57:38Z" 1777190226999265923
sensors,bucket=Set1,host=8a64927ac8a9,topic=/Set1 C1=1303,C2=1399,T1=20.1,R3=664,ts="2026-04-27T11:30:41Z" 1777285854317403838
sensors,bucket=Set2,host=8a64927ac8a9,topic=/Set2 C3=1535,C4=1517,W1=412,R1n=558,ts="2026-04-27T11:30:42Z" 1777285854317494441
sensors,bucket=Set1,host=8a64927ac8a9,topic=/Set1 C1=1304,C2=1400,T1=20.1,R3=702,ts="2026-04-27T11:30:56Z" 1777285858490437571
sensors,bucket=Set2,host=8a64927ac8a9,topic=/Set2 C3=1544,C4=1517,W1=445,R1n=559,ts="2026-04-27T11:30:57Z" 1777285859210429316
sensors,bucket=Set1,host=8a64927ac8a9,topic=/Set1 C1=1303,C2=1400,T1=20.2,R3=678,ts="2026-04-27T11:31:11Z" 1777285873295659258
sensors,bucket=Set2,host=8a64927ac8a9,topic=/Set2 C3=1607,C4=1544,W1=440,R1n=566,ts="2026-04-27T11:31:11Z" 1777285874011880891
sensors,bucket=Set1,host=8a64927ac8a9,topic=/Set1 C1=1303,C2=1400,T1=20.1,R3=634,ts="2026-04-27T11:31:26Z" 1777285888092419931
sensors,bucket=Set2,host=8a64927ac8a9,topic=/Set2 C3=1595,C4=1566,W1=442,R1n=556,ts="2026-04-27T11:31:26Z" 1777285888820075922
sensors,bucket=Set1,host=98e413c1bd55,topic=/Set1 C1=1303,C2=1400,T1=20.1,R3=634,ts="2026-04-27T11:31:26Z" 1777285902232660565
sensors,bucket=Set2,host=98e413c1bd55,topic=/Set2 C3=1595,C4=1566,W1=442,R1n=556,ts="2026-04-27T11:31:26Z" 1777285902232750968
sensors,bucket=Set1,host=98e413c1bd55,topic=/Set1 C1=1304,C2=1400,T1=20.1,R3=650,ts="2026-04-27T11:31:40Z" 1777285902892109306
sensors,bucket=Set2,host=98e413c1bd55,topic=/Set2 C3=1646,C4=1563,W1=430,R1n=510,ts="2026-04-27T11:31:41Z" 1777285903617312608
sensors,bucket=Set1,host=98e413c1bd55,topic=/Set1 C1=1303,C2=1400,T1=20.1,R3=697,ts="2026-04-27T11:31:55Z" 1777285917691300710
sensors,bucket=Set2,host=98e413c1bd55,topic=/Set2 C3=1646,C4=1564,W1=425,R1n=463,ts="2026-04-27T11:31:56Z" 1777285918410974788
sensors,bucket=Set1,host=98e413c1bd55,topic=/Set1 C1=1304,C2=1401,T1=20.1,R3=682,ts="2026-04-27T11:32:10Z" 1777285932493683728
sensors,bucket=Set2,host=98e413c1bd55,topic=/Set2 C3=1663,C4=1563,W1=412,R1n=470,ts="2026-04-27T11:32:11Z" 1777285933213541909
sensors,bucket=Set1,host=98e413c1bd55,topic=/Set1 C1=1303,C2=1401,T1=20.2,R3=636,ts="2026-04-27T11:32:25Z" 1777285947295606820
sensors,bucket=Set2,host=98e413c1bd55,topic=/Set2 C3=1645,C4=1514,W1=349,R1n=443,ts="2026-04-27T11:32:25Z" 1777285948010878303
sensors,bucket=Set1,host=98e413c1bd55,topic=/Set1 C1=1304,C2=1400,T1=20.1,R3=618,ts="2026-04-27T11:32:40Z" 1777285962092526694
sensors,bucket=Set2,host=98e413c1bd55,topic=/Set2 C3=1657,C4=1486,W1=331,R1n=444,ts="2026-04-27T11:32:40Z" 1777285962812158035
sensors,bucket=Set1,host=98e413c1bd55,topic=/Set1 C1=1304,C2=1400,T1=20.1,R3=654,ts="2026-04-27T11:32:54Z" 1777285976902633682
sensors,bucket=Set2,host=98e413c1bd55,topic=/Set2 C3=1568,C4=1455,W1=315,R1n=525,ts="2026-04-27T11:32:55Z" 1777285977614343360
sensors,bucket=Set1,host=98e413c1bd55,topic=/Set1 C1=1304,C2=1400,T1=20.2,R3=662,ts="2026-04-27T11:33:09Z" 1777285991694090691
sensors,bucket=Set2,host=98e413c1bd55,topic=/Set2 C3=1548,C4=1448,W1=408,R1n=554,ts="2026-04-27T11:33:10Z" 1777285992413466029
sensors,bucket=Set1,host=98e413c1bd55,topic=/Set1 C1=1303,C2=1400,T1=20.1,R3=685,ts="2026-04-27T11:33:24Z" 1777286006492926971
sensors,bucket=Set2,host=98e413c1bd55,topic=/Set2 C3=1593,C4=1533,W1=432,R1n=575,ts="2026-04-27T11:33:25Z" 1777286007214482220
sensors,bucket=Set1,host=98e413c1bd55,topic=/Set1 C1=1304,C2=1401,T1=20.1,R3=678,ts="2026-04-27T11:33:39Z" 1777286021295102474
sensors,bucket=Set2,host=98e413c1bd55,topic=/Set2 C3=1645,C4=1551,W1=430,R1n=493,ts="2026-04-27T11:33:39Z" 1777286022014158576
sensors,bucket=Set1,host=98e413c1bd55,topic=/Set1 C1=1304,C2=1400,T1=20.1,R3=640,ts="2026-04-27T11:33:54Z" 1777286036094839728
sensors,bucket=Set2,host=98e413c1bd55,topic=/Set2 C3=1659,C4=1518,W1=361,R1n=444,ts="2026-04-27T11:33:54Z" 1777286036814034633
sensors,bucket=Set1,host=98e413c1bd55,topic=/Set1 C1=1304,C2=1400,T1=20.1,R3=639,ts="2026-04-27T11:34:08Z" 1777286050893115835
sensors,bucket=Set2,host=98e413c1bd55,topic=/Set2 C3=1599,C4=1464,W1=314,R1n=472,ts="2026-04-27T11:34:09Z" 1777286051613892725
sensors,bucket=Set1,host=98e413c1bd55,topic=/Set1 C1=1303,C2=1400,T1=20.1,R3=651,ts="2026-04-27T11:34:23Z" 1777286065692826398
sensors,bucket=Set2,host=98e413c1bd55,topic=/Set2 C3=1551,C4=1454,W1=313,R1n=536,ts="2026-04-27T11:34:24Z" 1777286066416157831
sensors,bucket=Set1,host=98e413c1bd55,topic=/Set1 C1=1304,C2=1400,T1=20.1,R3=681,ts="2026-04-27T11:34:38Z" 1777286080494261384
sensors,bucket=Set2,host=98e413c1bd55,topic=/Set2 C3=1536,C4=1455,W1=413,R1n=556,ts="2026-04-27T11:34:39Z" 1777286081216251139
sensors,bucket=Set1,host=98e413c1bd55,topic=/Set1 C1=1304,C2=1400,T1=20.1,R3=654,ts="2026-04-27T11:34:53Z" 1777286095296520383
sensors,bucket=Set2,host=98e413c1bd55,topic=/Set2 C3=1546,C4=1517,W1=426,R1n=567,ts="2026-04-27T11:34:53Z" 1777286096022934563
sensors,bucket=Set1,host=98e413c1bd55,topic=/Set1 C1=1304,C2=1401,T1=20.1,R3=680,ts="2026-04-27T11:35:08Z" 1777286110095062737
sensors,bucket=Set2,host=98e413c1bd55,topic=/Set2 C3=1624,C4=1548,W1=440,R1n=567,ts="2026-04-27T11:35:08Z" 1777286110813174545
sensors,bucket=Set1,host=98e413c1bd55,topic=/Set1 C1=1304,C2=1400,T1=20.1,R3=650,ts="2026-04-27T11:35:22Z" 1777286124905175211
sensors,bucket=Set2,host=98e413c1bd55,topic=/Set2 C3=1645,C4=1561,W1=425,R1n=511,ts="2026-04-27T11:35:23Z" 1777286125614140897
sensors,bucket=Set1,host=98e413c1bd55,topic=/Set1 C1=1304,C2=1400,T1=20.1,R3=640,ts="2026-04-27T11:35:37Z" 1777286139697227658
sensors,bucket=Set2,host=98e413c1bd55,topic=/Set2 C3=1645,C4=1561,W1=391,R1n=495,ts="2026-04-27T11:35:38Z" 1777286140415230923
sensors,bucket=Set1,host=98e413c1bd55,topic=/Set1 C1=1303,C2=1401,T1=20.1,R3=682,ts="2026-04-27T11:35:52Z" 1777286154496656268
sensors,bucket=Set2,host=98e413c1bd55,topic=/Set2 C3=1656,C4=1533,W1=351,R1n=442,ts="2026-04-27T11:35:53Z" 1777286155218552935
sensors,bucket=Set1,host=98e413c1bd55,topic=/Set1 C1=1295,C2=1400,T1=20.1,R3=667,ts="2026-04-27T11:36:07Z" 1777286169297533423
sensors,bucket=Set2,host=98e413c1bd55,topic=/Set2 C3=1631,C4=1512,W1=313,R1n=444,ts="2026-04-27T11:36:07Z" 1777286170015190281
sensors,bucket=Set1,host=98e413c1bd55,topic=/Set1 C1=1303,C2=1400,T1=20.1,R3=669,ts="2026-04-27T11:36:22Z" 1777286184094771181
sensors,bucket=Set2,host=98e413c1bd55,topic=/Set2 C3=1623,C4=1452,W1=312,R1n=535,ts="2026-04-27T11:36:22Z" 1777286184814121227
sensors,bucket=Set1,host=98e413c1bd55,topic=/Set1 C1=1303,C2=1400,T1=20.1,R3=654,ts="2026-04-27T11:36:36Z" 1777286198897277974
sensors,bucket=Set2,host=98e413c1bd55,topic=/Set2 C3=1560,C4=1454,W1=347,R1n=557,ts="2026-04-27T11:36:37Z" 1777286199619012516
sensors,bucket=Set1,host=98e413c1bd55,topic=/Set1 C1=1304,C2=1400,T1=20.1,R3=670,ts="2026-04-27T11:36:51Z" 1777286213696106310
sensors,bucket=Set2,host=98e413c1bd55,topic=/Set2 C3=1535,C4=1455,W1=424,R1n=555,ts="2026-04-27T11:36:52Z" 1777286214415604832
sensors,bucket=Set1,host=98e413c1bd55,topic=/Set1 C1=1304,C2=1400,T1=20.1,R3=654,ts="2026-04-27T11:37:06Z" 1777286228503492321
sensors,bucket=Set2,host=98e413c1bd55,topic=/Set2 C3=1580,C4=1528,W1=442,R1n=560,ts="2026-04-27T11:37:07Z" 1777286229220142767
sensors,bucket=Set1,host=98e413c1bd55,topic=/Set1 C1=1304,C2=1400,T1=20.1,R3=668,ts="2026-04-27T11:37:21Z" 1777286243302821055
sensors,bucket=Set2,host=98e413c1bd55,topic=/Set2 C3=1613,C4=1468,W1=328,R1n=460,ts="2026-04-27T11:37:21Z" 1777286244019524430
sensors,bucket=Set1,host=98e413c1bd55,topic=/Set1 C1=1304,C2=1400,T1=20.1,R3=615,ts="2026-04-27T11:37:36Z" 1777286258105955888
sensors,bucket=Set2,host=98e413c1bd55,topic=/Set2 C3=1662,C4=1561,W1=426,R1n=503,ts="2026-04-27T11:37:36Z" 1777286258820593965
sensors,bucket=Set1,host=98e413c1bd55,topic=/Set1 C1=1304,C2=1400,T1=20.1,R3=664,ts="2026-04-27T11:37:50Z" 1777286272898719199
sensors,bucket=Set2,host=98e413c1bd55,topic=/Set2 C3=1643,C4=1552,W1=380,R1n=459,ts="2026-04-27T11:37:51Z" 1777286273618591774
sensors,bucket=Set1,host=98e413c1bd55,topic=/Set1 C1=1304,C2=1401,T1=20.1,R3=686,ts="2026-04-27T11:38:05Z" 1777286287700447952
sensors,bucket=Set2,host=98e413c1bd55,topic=/Set2 C3=1640,C4=1483,W1=330,R1n=454,ts="2026-04-27T11:38:06Z" 1777286288421911336
sensors,bucket=Set1,host=98e413c1bd55,topic=/Set1 C1=1304,C2=1400,T1=20.1,R3=620,ts="2026-04-27T11:38:20Z" 1777286302511368839
sensors,bucket=Set2,host=98e413c1bd55,topic=/Set2 C3=1580,C4=1448,W1=315,R1n=537,ts="2026-04-27T11:38:21Z" 1777286303223283122
sensors,bucket=Set1,host=98e413c1bd55,topic=/Set1 C1=1303,C2=1400,T1=20.1,R3=680,ts="2026-04-27T11:38:35Z" 1777286317303349157
sensors,bucket=Set2,host=98e413c1bd55,topic=/Set2 C3=1544,C4=1437,W1=393,R1n=558,ts="2026-04-27T11:38:35Z" 1777286318022653372
sensors,bucket=Set1,host=98e413c1bd55,topic=/Set1 C1=1304,C2=1400,T1=20.1,R3=648,ts="2026-04-27T11:38:50Z" 1777286332099493319
sensors,bucket=Set2,host=98e413c1bd55,topic=/Set2 C3=1625,C4=1544,W1=428,R1n=557,ts="2026-04-27T11:38:50Z" 1777286332821901086
sensors,bucket=Set1,host=98e413c1bd55,topic=/Set1 C1=1304,C2=1400,T1=20.1,R3=637,ts="2026-04-27T11:39:04Z" 1777286346900703699
sensors,bucket=Set2,host=98e413c1bd55,topic=/Set2 C3=1639,C4=1550,W1=444,R1n=541,ts="2026-04-27T11:39:05Z" 1777286347621262244
sensors,bucket=Set1,host=98e413c1bd55,topic=/Set1 C1=1303,C2=1400,T1=20.1,R3=655,ts="2026-04-27T11:39:19Z" 1777286361701161751
sensors,bucket=Set2,host=98e413c1bd55,topic=/Set2 C3=1657,C4=1566,W1=381,R1n=488,ts="2026-04-27T11:39:20Z" 1777286362420872642
sensors,bucket=Set1,host=98e413c1bd55,topic=/Set1 C1=1304,C2=1400,T1=20.1,R3=621,ts="2026-04-27T11:39:34Z" 1777286376502602059
sensors,bucket=Set2,host=98e413c1bd55,topic=/Set2 C3=1646,C4=1519,W1=343,R1n=442,ts="2026-04-27T11:39:35Z" 1777286377223079421
sensors,bucket=Set1,host=98e413c1bd55,topic=/Set1 C1=1304,C2=1400,T1=20.1,R3=666,ts="2026-04-27T11:39:49Z" 1777286391312807111
sensors,bucket=Set2,host=98e413c1bd55,topic=/Set2 C3=1610,C4=1468,W1=319,R1n=492,ts="2026-04-27T11:39:49Z" 1777286392024406886
sensors,bucket=Set1,host=98e413c1bd55,topic=/Set1 C1=1304,C2=1399,T1=20.1,R3=651,ts="2026-04-27T11:40:04Z" 1777286406103021796
sensors,bucket=Set2,host=98e413c1bd55,topic=/Set2 C3=1560,C4=1438,W1=345,R1n=541,ts="2026-04-27T11:40:04Z" 1777286406823342618
sensors,bucket=Set1,host=98e413c1bd55,topic=/Set1 C1=1304,C2=1400,T1=20.1,R3=668,ts="2026-04-27T11:40:18Z" 1777286420905890375
sensors,bucket=Set2,host=98e413c1bd55,topic=/Set2 C3=1546,C4=1511,W1=430,R1n=573,ts="2026-04-27T11:40:19Z" 1777286421624737647
sensors,bucket=Set1,host=98e413c1bd55,topic=/Set1 C1=1304,C2=1400,T1=20.1,R3=634,ts="2026-04-27T11:40:33Z" 1777286435704654657
sensors,bucket=Set2,host=98e413c1bd55,topic=/Set2 C3=1623,C4=1547,W1=430,R1n=553,ts="2026-04-27T11:40:34Z" 1777286436426576757
sensors,bucket=Set1,host=98e413c1bd55,topic=/Set1 C1=1303,C2=1397,T1=20.1,R3=633,ts="2026-04-27T11:40:48Z" 1777286450508452016
sensors,bucket=Set2,host=98e413c1bd55,topic=/Set2 C3=1607,C4=1564,W1=429,R1n=557,ts="2026-04-27T11:40:49Z" 1777286451225811422
sensors,bucket=Set1,host=98e413c1bd55,topic=/Set1 C1=1303,C2=1399,T1=20.1,R3=667,ts="2026-04-27T11:41:03Z" 1777286465307476333
sensors,bucket=Set2,host=98e413c1bd55,topic=/Set2 C3=1612,C4=1561,W1=430,R1n=555,ts="2026-04-27T11:41:03Z" 1777286466026977360
sensors,bucket=Set1,host=98e413c1bd55,topic=/Set1 C1=1295,C2=1400,T1=20.1,R3=671,ts="2026-04-27T11:41:18Z" 1777286480106195948
sensors,bucket=Set2,host=98e413c1bd55,topic=/Set2 C3=1629,C4=1562,W1=415,R1n=552,ts="2026-04-27T11:41:18Z" 1777286480825896053
sensors,bucket=Set1,host=98e413c1bd55,topic=/Set1 C1=1303,C2=1400,T1=20.1,R3=678,ts="2026-04-27T11:41:32Z" 1777286494914308836
sensors,bucket=Set2,host=98e413c1bd55,topic=/Set2 C3=1659,C4=1545,W1=416,R1n=490,ts="2026-04-27T11:41:33Z" 1777286495626357227
sensors,bucket=Set1,host=98e413c1bd55,topic=/Set1 C1=1304,C2=1399,T1=20.1,R3=680,ts="2026-04-27T11:41:47Z" 1777286509712000349
sensors,bucket=Set2,host=98e413c1bd55,topic=/Set2 C3=1664,C4=1550,W1=376,R1n=459,ts="2026-04-27T11:41:48Z" 1777286510429262972
sensors,bucket=Set1,host=98e413c1bd55,topic=/Set1 C1=1302,C2=1399,T1=20.1,R3=687,ts="2026-04-27T11:42:02Z" 1777286525111789655
sensors,bucket=Set2,host=98e413c1bd55,topic=/Set2 C3=1647,C4=1480,W1=326,R1n=455,ts="2026-04-27T11:42:03Z" 1777286525232277090
sensors,bucket=Set1,host=98e413c1bd55,topic=/Set1 C1=1303,C2=1398,T1=20.1,R3=664,ts="2026-04-27T11:42:17Z" 1777286539313702988
sensors,bucket=Set2,host=98e413c1bd55,topic=/Set2 C3=1576,C4=1452,W1=316,R1n=540,ts="2026-04-27T11:42:17Z" 1777286540031240148
sensors,bucket=Set1,host=98e413c1bd55,topic=/Set1 C1=1304,C2=1400,T1=20.1,R3=681,ts="2026-04-27T11:42:32Z" 1777286554112541044
sensors,bucket=Set2,host=98e413c1bd55,topic=/Set2 C3=1562,C4=1437,W1=364,R1n=543,ts="2026-04-27T11:42:32Z" 1777286554831872650
sensors,bucket=Set1,host=98e413c1bd55,topic=/Set1 C1=1296,C2=1391,T1=20.1,R3=670,ts="2026-04-27T11:42:46Z" 1777286568917499237
sensors,bucket=Set2,host=98e413c1bd55,topic=/Set2 C3=1567,C4=1438,W1=379,R1n=557,ts="2026-04-27T11:42:47Z" 1777286569634174087
sensors,bucket=Set1,host=98e413c1bd55,topic=/Set1 C1=1303,C2=1399,T1=20.1,R3=686,ts="2026-04-27T11:43:01Z" 1777286583718656637
sensors,bucket=Set2,host=98e413c1bd55,topic=/Set2 C3=1545,C4=1471,W1=428,R1n=571,ts="2026-04-27T11:43:02Z" 1777286584433869426
sensors,bucket=Set1,host=98e413c1bd55,topic=/Set1 C1=1304,C2=1392,T1=20.1,R3=681,ts="2026-04-27T11:43:16Z" 1777286598528446565
sensors,bucket=Set2,host=98e413c1bd55,topic=/Set2 C3=1535,C4=1482,W1=426,R1n=557,ts="2026-04-27T11:43:17Z" 1777286599240569240
sensors,bucket=Set1,host=98e413c1bd55,topic=/Set1 C1=1303,C2=1399,T1=20.1,R3=680,ts="2026-04-27T11:43:31Z" 1777286613317033798
sensors,bucket=Set2,host=98e413c1bd55,topic=/Set2 C3=1533,C4=1534,W1=443,R1n=566,ts="2026-04-27T11:43:31Z" 1777286614035224586
sensors,bucket=Set1,host=98e413c1bd55,topic=/Set1 C1=1303,C2=1398,T1=20.1,R3=649,ts="2026-04-27T11:43:46Z" 1777286628116349272
sensors,bucket=Set2,host=98e413c1bd55,topic=/Set2 C3=1595,C4=1565,W1=431,R1n=556,ts="2026-04-27T11:43:46Z" 1777286628839466083
sensors,bucket=Set1,host=98e413c1bd55,topic=/Set1 C1=1303,C2=1399,T1=20.1,R3=684,ts="2026-04-27T11:44:00Z" 1777286642921357506
sensors,bucket=Set2,host=98e413c1bd55,topic=/Set2 C3=1642,C4=1562,W1=439,R1n=536,ts="2026-04-27T11:44:01Z" 1777286643647846050
sensors,bucket=Set1,host=98e413c1bd55,topic=/Set1 C1=1304,C2=1400,T1=20.1,R3=670,ts="2026-04-27T11:44:15Z" 1777286657720666025
sensors,bucket=Set2,host=98e413c1bd55,topic=/Set2 C3=1545,C4=1453,W1=412,R1n=559,ts="2026-04-27T11:44:28Z" 1777286670524041185
sensors,bucket=Set1,host=98e413c1bd55,topic=/Set1 C1=1304,C2=1400,T1=20.1,R3=620,ts="2026-04-27T11:44:30Z" 1777286672536144995
sensors,bucket=Set2,host=98e413c1bd55,topic=/Set2 C3=1658,C4=1548,W1=363,R1n=459,ts="2026-04-27T11:44:43Z" 1777286685318862499
sensors,bucket=Set1,host=98e413c1bd55,topic=/Set1 C1=1304,C2=1400,T1=20.1,R3=678,ts="2026-04-27T11:44:45Z" 1777286687322699228
sensors,bucket=Set2,host=98e413c1bd55,topic=/Set2 C3=1659,C4=1515,W1=360,R1n=444,ts="2026-04-27T11:44:58Z" 1777286700117813931
sensors,bucket=Set1,host=98e413c1bd55,topic=/Set1 C1=1296,C2=1399,T1=20.1,R3=696,ts="2026-04-27T11:45:00Z" 1777286702125154652
sensors,bucket=Set2,host=98e413c1bd55,topic=/Set2 C3=1583,C4=1464,W1=332,R1n=505,ts="2026-04-27T11:45:12Z" 1777286714922401635
sensors,bucket=Set1,host=98e413c1bd55,topic=/Set1 C1=1303,C2=1400,T1=20.1,R3=686,ts="2026-04-27T11:45:14Z" 1777286716924517840
sensors,bucket=Set2,host=98e413c1bd55,topic=/Set2 C3=1544,C4=1453,W1=409,R1n=569,ts="2026-04-27T11:45:27Z" 1777286729717143511
sensors,bucket=Set1,host=98e413c1bd55,topic=/Set1 C1=1304,C2=1399,T1=20.1,R3=634,ts="2026-04-27T11:45:29Z" 1777286731718386112
sensors,bucket=Set2,host=98e413c1bd55,topic=/Set2 C3=1597,C4=1546,W1=447,R1n=571,ts="2026-04-27T11:45:42Z" 1777286744519900821
sensors,bucket=Set1,host=98e413c1bd55,topic=/Set1 C1=1303,C2=1400,T1=20.1,R3=637,ts="2026-04-27T11:45:44Z" 1777286746520030434
sensors,bucket=Set2,host=98e413c1bd55,topic=/Set2 C3=1647,C4=1561,W1=413,R1n=520,ts="2026-04-27T11:45:57Z" 1777286759322876096
sensors,bucket=Set1,host=98e413c1bd55,topic=/Set1 C1=1304,C2=1399,T1=20.1,R3=654,ts="2026-04-27T11:45:59Z" 1777286761325138802
sensors,bucket=Set2,host=98e413c1bd55,topic=/Set2 C3=1646,C4=1549,W1=366,R1n=458,ts="2026-04-27T11:46:12Z" 1777286774126715914
sensors,bucket=Set1,host=98e413c1bd55,topic=/Set1 C1=1304,C2=1399,T1=20.1,R3=669,ts="2026-04-27T11:46:14Z" 1777286776128811417
sensors,bucket=Set2,host=98e413c1bd55,topic=/Set2 C3=1625,C4=1470,W1=318,R1n=473,ts="2026-04-27T11:46:26Z" 1777286788925836654
sensors,bucket=Set1,host=98e413c1bd55,topic=/Set1 C1=1304,C2=1400,T1=20.1,R3=652,ts="2026-04-27T11:46:28Z" 1777286790932019995
sensors,bucket=Set2,host=98e413c1bd55,topic=/Set2 C3=1565,C4=1448,W1=381,R1n=553,ts="2026-04-27T11:46:41Z" 1777286803729572655
sensors,bucket=Set1,host=98e413c1bd55,topic=/Set1 C1=1304,C2=1400,T1=20.1,R3=638,ts="2026-04-27T11:46:43Z" 1777286805734021881
sensors,bucket=Set2,host=98e413c1bd55,topic=/Set2 C3=1544,C4=1528,W1=440,R1n=568,ts="2026-04-27T11:46:56Z" 1777286818541984638
sensors,bucket=Set1,host=98e413c1bd55,topic=/Set1 C1=1304,C2=1400,T1=20.1,R3=683,ts="2026-04-27T11:46:58Z" 1777286820530852479
sensors,bucket=Set2,host=98e413c1bd55,topic=/Set2 C3=1625,C4=1562,W1=430,R1n=558,ts="2026-04-27T11:47:11Z" 1777286833344882762
sensors,bucket=Set1,host=98e413c1bd55,topic=/Set1 C1=1304,C2=1401,T1=20.1,R3=616,ts="2026-04-27T11:47:13Z" 1777286835333444433
sensors,bucket=Set2,host=98e413c1bd55,topic=/Set2 C3=1646,C4=1548,W1=392,R1n=476,ts="2026-04-27T11:47:26Z" 1777286848132807529
sensors,bucket=Set1,host=98e413c1bd55,topic=/Set1 C1=1305,C2=1400,T1=20.1,R3=665,ts="2026-04-27T11:47:28Z" 1777286850133921356
sensors,bucket=Set2,host=98e413c1bd55,topic=/Set2 C3=1659,C4=1532,W1=376,R1n=447,ts="2026-04-27T11:47:40Z" 1777286862934582760
sensors,bucket=Set1,host=98e413c1bd55,topic=/Set1 C1=1305,C2=1400,T1=20.1,R3=696,ts="2026-04-27T11:47:42Z" 1777286864940746593
sensors,bucket=Set2,host=98e413c1bd55,topic=/Set2 C3=1616,C4=1452,W1=318,R1n=478,ts="2026-04-27T11:47:55Z" 1777286877732165758
sensors,bucket=Set1,host=98e413c1bd55,topic=/Set1 C1=1304,C2=1400,T1=20.1,R3=655,ts="2026-04-27T11:47:57Z" 1777286879738962387
sensors,bucket=Set2,host=98e413c1bd55,topic=/Set2 C3=1567,C4=1449,W1=346,R1n=543,ts="2026-04-27T11:48:10Z" 1777286892586168458
sensors,bucket=Set1,host=98e413c1bd55,topic=/Set1 C1=1304,C2=1400,T1=20.1,R3=652,ts="2026-04-27T11:48:12Z" 1777286894538294029
sensors,bucket=Set2,host=98e413c1bd55,topic=/Set2 C3=1534,C4=1446,W1=427,R1n=568,ts="2026-04-27T11:48:25Z" 1777286907333800436
sensors,bucket=Set1,host=98e413c1bd55,topic=/Set1 C1=1304,C2=1400,T1=20.1,R3=685,ts="2026-04-27T11:48:27Z" 1777286909337918897
sensors,bucket=Set2,host=98e413c1bd55,topic=/Set2 C3=1614,C4=1543,W1=440,R1n=570,ts="2026-04-27T11:48:40Z" 1777286922138581743
sensors,bucket=Set1,host=98e413c1bd55,topic=/Set1 C1=1304,C2=1400,T1=20.1,R3=653,ts="2026-04-27T11:48:42Z" 1777286924145083816
sensors,bucket=Set2,host=98e413c1bd55,topic=/Set2 C3=1645,C4=1562,W1=408,R1n=478,ts="2026-04-27T11:48:54Z" 1777286936941268128
sensors,bucket=Set1,host=98e413c1bd55,topic=/Set1 C1=1304,C2=1400,T1=20.1,R3=668,ts="2026-04-27T11:48:56Z" 1777286938941098435
sensors,bucket=Set2,host=98e413c1bd55,topic=/Set2 C3=1656,C4=1551,W1=366,R1n=444,ts="2026-04-27T11:49:09Z" 1777286951737649541
sensors,bucket=Set1,host=98e413c1bd55,topic=/Set1 C1=1305,C2=1399,T1=20.1,R3=668,ts="2026-04-27T11:49:11Z" 1777286953742509024
sensors,bucket=Set2,host=98e413c1bd55,topic=/Set2 C3=1641,C4=1518,W1=327,R1n=447,ts="2026-04-27T11:49:24Z" 1777286966542387315
sensors,bucket=Set1,host=98e413c1bd55,topic=/Set1 C1=1304,C2=1400,T1=20.1,R3=668,ts="2026-04-27T11:49:26Z" 1777286968556731022
sensors,bucket=Set2,host=98e413c1bd55,topic=/Set2 C3=1608,C4=1455,W1=314,R1n=543,ts="2026-04-27T11:49:39Z" 1777286981341086309
sensors,bucket=Set1,host=98e413c1bd55,topic=/Set1 C1=1304,C2=1400,T1=20.1,R3=639,ts="2026-04-27T11:49:41Z" 1777286983344548538
sensors,bucket=Set2,host=98e413c1bd55,topic=/Set2 C3=1561,C4=1440,W1=347,R1n=569,ts="2026-04-27T11:49:54Z" 1777286996146192765
sensors,bucket=Set1,host=98e413c1bd55,topic=/Set1 C1=1305,C2=1400,T1=20.1,R3=669,ts="2026-04-27T11:49:56Z" 1777286998145736403
sensors,bucket=Set2,host=98e413c1bd55,topic=/Set2 C3=1536,C4=1516,W1=408,R1n=559,ts="2026-04-27T11:50:08Z" 1777287010942845054
sensors,bucket=Set1,host=98e413c1bd55,topic=/Set1 C1=1304,C2=1400,T1=20.1,R3=600,ts="2026-04-27T11:50:10Z" 1777287012956612842
sensors,bucket=Set2,host=98e413c1bd55,topic=/Set2 C3=1608,C4=1561,W1=426,R1n=560,ts="2026-04-27T11:50:23Z" 1777287025743171323
sensors,bucket=Set1,host=98e413c1bd55,topic=/Set1 C1=1305,C2=1400,T1=20.1,R3=632,ts="2026-04-27T11:50:25Z" 1777287027749413844
sensors,bucket=Set2,host=98e413c1bd55,topic=/Set2 C3=1630,C4=1561,W1=441,R1n=550,ts="2026-04-27T11:50:38Z" 1777287040546656946
sensors,bucket=Set1,host=98e413c1bd55,topic=/Set1 C1=1304,C2=1400,T1=20.1,R3=633,ts="2026-04-27T11:50:40Z" 1777287042549855694
sensors,bucket=Set2,host=98e413c1bd55,topic=/Set2 C3=1647,C4=1563,W1=394,R1n=474,ts="2026-04-27T11:50:53Z" 1777287055345519907
sensors,bucket=Set1,host=98e413c1bd55,topic=/Set1 C1=1303,C2=1392,T1=20.1,R3=621,ts="2026-04-27T11:50:55Z" 1777287057352483075
sensors,bucket=Set2,host=98e413c1bd55,topic=/Set2 C3=1647,C4=1530,W1=359,R1n=471,ts="2026-04-27T11:51:08Z" 1777287070163670928
sensors,bucket=Set1,host=98e413c1bd55,topic=/Set1 C1=1304,C2=1399,T1=20.1,R3=635,ts="2026-04-27T11:51:10Z" 1777287072153401590
sensors,bucket=Set2,host=98e413c1bd55,topic=/Set2 C3=1645,C4=1532,W1=359,R1n=445,ts="2026-04-27T11:51:22Z" 1777287084953304627
sensors,bucket=Set1,host=98e413c1bd55,topic=/Set1 C1=1304,C2=1399,T1=20.1,R3=607,ts="2026-04-27T11:51:24Z" 1777287086956878012
sensors,bucket=Set2,host=98e413c1bd55,topic=/Set2 C3=1640,C4=1496,W1=332,R1n=474,ts="2026-04-27T11:51:37Z" 1777287099753045158
sensors,bucket=Set1,host=98e413c1bd55,topic=/Set1 C1=1304,C2=1399,T1=20.1,R3=634,ts="2026-04-27T11:51:39Z" 1777287101757875916
sensors,bucket=Set2,host=98e413c1bd55,topic=/Set2 C3=1607,C4=1468,W1=329,R1n=491,ts="2026-04-27T11:51:52Z" 1777287114556795589
sensors,bucket=Set1,host=98e413c1bd55,topic=/Set1 C1=1303,C2=1399,T1=20.1,R3=616,ts="2026-04-27T11:51:54Z" 1777287116562755832
sensors,bucket=Set2,host=98e413c1bd55,topic=/Set2 C3=1594,C4=1462,W1=319,R1n=523,ts="2026-04-27T11:52:07Z" 1777287129363639114
sensors,bucket=Set1,host=98e413c1bd55,topic=/Set1 C1=1303,C2=1399,T1=20.1,R3=615,ts="2026-04-27T11:52:09Z" 1777287131361313449
sensors,bucket=Set2,host=98e413c1bd55,topic=/Set2 C3=1566,C4=1439,W1=358,R1n=542,ts="2026-04-27T11:52:22Z" 1777287144187466317
sensors,bucket=Set1,host=98e413c1bd55,topic=/Set1 C1=1304,C2=1400,T1=20.1,R3=617,ts="2026-04-27T11:52:24Z" 1777287146162029050
sensors,bucket=Set2,host=98e413c1bd55,topic=/Set2 C3=1534,C4=1526,W1=413,R1n=571,ts="2026-04-27T11:52:36Z" 1777287158960778114
sensors,bucket=Set1,host=98e413c1bd55,topic=/Set1 C1=1304,C2=1400,T1=20.1,R3=606,ts="2026-04-27T11:52:38Z" 1777287160963174247
sensors,bucket=Set2,host=98e413c1bd55,topic=/Set2 C3=1624,C4=1552,W1=427,R1n=542,ts="2026-04-27T11:52:51Z" 1777287173758863549
sensors,bucket=Set1,host=98e413c1bd55,topic=/Set1 C1=1304,C2=1399,T1=20.1,R3=623,ts="2026-04-27T11:52:53Z" 1777287175764493495
sensors,bucket=Set2,host=98e413c1bd55,topic=/Set2 C3=1663,C4=1548,W1=414,R1n=503,ts="2026-04-27T11:53:06Z" 1777287188563036940
sensors,bucket=Set1,host=98e413c1bd55,topic=/Set1 C1=1304,C2=1400,T1=20.1,R3=622,ts="2026-04-27T11:53:08Z" 1777287190570430920
sensors,bucket=Set2,host=98e413c1bd55,topic=/Set2 C3=1662,C4=1560,W1=349,R1n=473,ts="2026-04-27T11:53:21Z" 1777287203361748971
sensors,bucket=Set1,host=98e413c1bd55,topic=/Set1 C1=1302,C2=1392,T1=20.1,R3=624,ts="2026-04-27T11:53:23Z" 1777287205367382540
sensors,bucket=Set2,host=98e413c1bd55,topic=/Set2 C3=1625,C4=1498,W1=317,R1n=472,ts="2026-04-27T11:53:36Z" 1777287218168179597
sensors,bucket=Set1,host=98e413c1bd55,topic=/Set1 C1=1304,C2=1400,T1=20.1,R3=622,ts="2026-04-27T11:53:38Z" 1777287220168491341
sensors,bucket=Set2,host=98e413c1bd55,topic=/Set2 C3=1576,C4=1450,W1=350,R1n=554,ts="2026-04-27T11:53:50Z" 1777287232977559261
sensors,bucket=Set1,host=98e413c1bd55,topic=/Set1 C1=1304,C2=1399,T1=20.1,R3=602,ts="2026-04-27T11:53:52Z" 1777287234971541744
sensors,bucket=Set2,host=98e413c1bd55,topic=/Set2 C3=1624,C4=1562,W1=438,R1n=542,ts="2026-04-27T11:54:20Z" 1777287262569498988
sensors,bucket=Set1,host=98e413c1bd55,topic=/Set1 C1=1304,C2=1400,T1=20.1,R3=600,ts="2026-04-27T11:54:22Z" 1777287264572419698
sensors,bucket=Set2,host=98e413c1bd55,topic=/Set2 C3=1643,C4=1559,W1=381,R1n=456,ts="2026-04-27T11:54:35Z" 1777287277372118078
sensors,bucket=Set1,host=98e413c1bd55,topic=/Set1 C1=1304,C2=1400,T1=20.1,R3=616,ts="2026-04-27T11:54:37Z" 1777287279375668929
sensors,bucket=Set2,host=98e413c1bd55,topic=/Set2 C3=1632,C4=1488,W1=330,R1n=441,ts="2026-04-27T11:54:50Z" 1777287292174438186
sensors,bucket=Set1,host=98e413c1bd55,topic=/Set1 C1=1303,C2=1400,T1=20.1,R3=629,ts="2026-04-27T11:54:52Z" 1777287294176709323
sensors,bucket=Set2,host=98e413c1bd55,topic=/Set2 C3=1579,C4=1446,W1=318,R1n=537,ts="2026-04-27T11:55:04Z" 1777287306974852853
sensors,bucket=Set1,host=98e413c1bd55,topic=/Set1 C1=1303,C2=1399,T1=20.1,R3=621,ts="2026-04-27T11:55:06Z" 1777287308981322394
sensors,bucket=Set2,host=98e413c1bd55,topic=/Set2 C3=1547,C4=1456,W1=414,R1n=559,ts="2026-04-27T11:55:19Z" 1777287321825039874
sensors,bucket=Set1,host=98e413c1bd55,topic=/Set1 C1=1304,C2=1400,T1=20.1,R3=622,ts="2026-04-27T11:55:21Z" 1777287323783117203
sensors,bucket=Set2,host=98e413c1bd55,topic=/Set2 C3=1613,C4=1547,W1=445,R1n=572,ts="2026-04-27T11:55:34Z" 1777287336579699276
sensors,bucket=Set1,host=98e413c1bd55,topic=/Set1 C1=1304,C2=1399,T1=20.1,R3=616,ts="2026-04-27T11:55:36Z" 1777287338582371726
sensors,bucket=Set2,host=98e413c1bd55,topic=/Set2 C3=1655,C4=1564,W1=423,R1n=494,ts="2026-04-27T11:55:49Z" 1777287351381509809
sensors,bucket=Set1,host=98e413c1bd55,topic=/Set1 C1=1303,C2=1400,T1=20.1,R3=640,ts="2026-04-27T11:55:51Z" 1777287353385131211
sensors,bucket=Set2,host=98e413c1bd55,topic=/Set2 C3=1660,C4=1545,W1=391,R1n=456,ts="2026-04-27T11:56:04Z" 1777287366182400566
sensors,bucket=Set1,host=98e413c1bd55,topic=/Set1 C1=1304,C2=1400,T1=20.1,R3=630,ts="2026-04-27T11:56:06Z" 1777287368186318558
sensors,bucket=Set2,host=98e413c1bd55,topic=/Set2 C3=1655,C4=1503,W1=331,R1n=454,ts="2026-04-27T11:56:18Z" 1777287380983370641
sensors,bucket=Set1,host=98e413c1bd55,topic=/Set1 C1=1303,C2=1399,T1=20.1,R3=621,ts="2026-04-27T11:56:20Z" 1777287382987266704
sensors,bucket=Set2,host=98e413c1bd55,topic=/Set2 C3=1599,C4=1467,W1=318,R1n=522,ts="2026-04-27T11:56:33Z" 1777287395787401282
sensors,bucket=Set1,host=98e413c1bd55,topic=/Set1 C1=1304,C2=1400,T1=20.1,R3=635,ts="2026-04-27T11:56:35Z" 1777287397791042051
sensors,bucket=Set2,host=98e413c1bd55,topic=/Set2 C3=1577,C4=1448,W1=381,R1n=551,ts="2026-04-27T11:56:48Z" 1777287410586182535
sensors,bucket=Set1,host=98e413c1bd55,topic=/Set1 C1=1296,C2=1400,T1=20.1,R3=608,ts="2026-04-27T11:56:50Z" 1777287412593238095
sensors,bucket=Set2,host=98e413c1bd55,topic=/Set2 C3=1545,C4=1452,W1=412,R1n=568,ts="2026-04-27T11:57:03Z" 1777287425389803626
sensors,bucket=Set1,host=98e413c1bd55,topic=/Set1 C1=1304,C2=1400,T1=20.1,R3=634,ts="2026-04-27T11:57:05Z" 1777287427391422364
sensors,bucket=Set2,host=98e413c1bd55,topic=/Set2 C3=1549,C4=1533,W1=443,R1n=572,ts="2026-04-27T11:57:18Z" 1777287440190714531
sensors,bucket=Set1,host=98e413c1bd55,topic=/Set1 C1=1305,C2=1400,T1=20.1,R3=602,ts="2026-04-27T11:57:20Z" 1777287442194309179
sensors,bucket=Set2,host=98e413c1bd55,topic=/Set2 C3=1643,C4=1548,W1=443,R1n=541,ts="2026-04-27T11:57:32Z" 1777287454992620816
sensors,bucket=Set1,host=98e413c1bd55,topic=/Set1 C1=1304,C2=1400,T1=20.1,R3=632,ts="2026-04-27T11:57:34Z" 1777287457001144477
sensors,bucket=Set2,host=98e413c1bd55,topic=/Set2 C3=1640,C4=1562,W1=448,R1n=519,ts="2026-04-27T11:57:47Z" 1777287469800742394
sensors,bucket=Set1,host=98e413c1bd55,topic=/Set1 C1=1303,C2=1399,T1=20.1,R3=605,ts="2026-04-27T11:57:49Z" 1777287471805007545
sensors,bucket=Set2,host=98e413c1bd55,topic=/Set2 C3=1658,C4=1519,W1=351,R1n=444,ts="2026-04-27T11:58:17Z" 1777287499403902488
sensors,bucket=Set1,host=98e413c1bd55,topic=/Set1 C1=1304,C2=1400,T1=20.1,R3=619,ts="2026-04-27T11:58:19Z" 1777287501425074486
sensors,bucket=Set2,host=98e413c1bd55,topic=/Set2 C3=1608,C4=1480,W1=319,R1n=488,ts="2026-04-27T11:58:32Z" 1777287514201801564
sensors,bucket=Set1,host=98e413c1bd55,topic=/Set1 C1=1303,C2=1399,T1=20.1,R3=631,ts="2026-04-27T11:58:34Z" 1777287516204614598
sensors,bucket=Set2,host=98e413c1bd55,topic=/Set2 C3=1561,C4=1439,W1=424,R1n=560,ts="2026-04-27T11:58:46Z" 1777287529009887815
sensors,bucket=Set1,host=98e413c1bd55,topic=/Set1 C1=1303,C2=1399,T1=20.1,R3=606,ts="2026-04-27T11:58:48Z" 1777287531005686961
sensors,bucket=Set2,host=98e413c1bd55,topic=/Set2 C3=1548,C4=1517,W1=425,R1n=560,ts="2026-04-27T11:59:01Z" 1777287543806933174
sensors,bucket=Set1,host=98e413c1bd55,topic=/Set1 C1=1304,C2=1398,T1=20.1,R3=637,ts="2026-04-27T11:59:03Z" 1777287545807479330
sensors,bucket=Set2,host=98e413c1bd55,topic=/Set2 C3=1641,C4=1563,W1=438,R1n=536,ts="2026-04-27T11:59:16Z" 1777287558611349151
sensors,bucket=Set1,host=98e413c1bd55,topic=/Set1 C1=1303,C2=1399,T1=20.1,R3=633,ts="2026-04-27T11:59:18Z" 1777287560608472884
sensors,bucket=Set2,host=98e413c1bd55,topic=/Set2 C3=1641,C4=1548,W1=362,R1n=473,ts="2026-04-27T11:59:31Z" 1777287573407729785
sensors,bucket=Set1,host=98e413c1bd55,topic=/Set1 C1=1303,C2=1400,T1=20.1,R3=620,ts="2026-04-27T11:59:33Z" 1777287575412245374
sensors,bucket=Set2,host=98e413c1bd55,topic=/Set2 C3=1656,C4=1495,W1=331,R1n=445,ts="2026-04-27T11:59:46Z" 1777287588217147547
sensors,bucket=Set1,host=98e413c1bd55,topic=/Set1 C1=1303,C2=1400,T1=20.1,R3=650,ts="2026-04-27T11:59:48Z" 1777287590214837016
sensors,bucket=Set2,host=98e413c1bd55,topic=/Set2 C3=1597,C4=1447,W1=330,R1n=542,ts="2026-04-27T12:00:00Z" 1777287603015780515
sensors,bucket=Set1,host=98e413c1bd55,topic=/Set1 C1=1304,C2=1399,T1=20.1,R3=648,ts="2026-04-27T12:00:02Z" 1777287605050983323
sensors,bucket=Set2,host=98e413c1bd55,topic=/Set2 C3=1577,C4=1453,W1=426,R1n=569,ts="2026-04-27T12:00:15Z" 1777287617820556142
sensors,bucket=Set1,host=98e413c1bd55,topic=/Set1 C1=1304,C2=1399,T1=20.1,R3=624,ts="2026-04-27T12:00:17Z" 1777287619818434573
sensors,bucket=Set2,host=98e413c1bd55,topic=/Set2 C3=1546,C4=1530,W1=440,R1n=559,ts="2026-04-27T12:00:30Z" 1777287632618358096
sensors,bucket=Set1,host=98e413c1bd55,topic=/Set1 C1=1304,C2=1400,T1=20.1,R3=622,ts="2026-04-27T12:00:32Z" 1777287634615452561
sensors,bucket=Set2,host=98e413c1bd55,topic=/Set2 C3=1630,C4=1563,W1=429,R1n=568,ts="2026-04-27T12:00:45Z" 1777287647419066234
sensors,bucket=Set1,host=98e413c1bd55,topic=/Set1 C1=1303,C2=1399,T1=20.1,R3=632,ts="2026-04-27T12:00:47Z" 1777287649422091796
sensors,bucket=Set2,host=98e413c1bd55,topic=/Set2 C3=1643,C4=1548,W1=441,R1n=524,ts="2026-04-27T12:01:00Z" 1777287662222758569
sensors,bucket=Set1,host=98e413c1bd55,topic=/Set1 C1=1303,C2=1400,T1=20.1,R3=633,ts="2026-04-27T12:01:02Z" 1777287664221040433
sensors,bucket=Set2,host=98e413c1bd55,topic=/Set2 C3=1659,C4=1560,W1=393,R1n=469,ts="2026-04-27T12:01:14Z" 1777287677025629973
sensors,bucket=Set1,host=98e413c1bd55,topic=/Set1 C1=1305,C2=1397,T1=20.1,R3=619,ts="2026-04-27T12:01:16Z" 1777287679026144001
sensors,bucket=Set2,host=98e413c1bd55,topic=/Set2 C3=1629,C4=1512,W1=330,R1n=444,ts="2026-04-27T12:01:29Z" 1777287691823742849
sensors,bucket=Set1,host=98e413c1bd55,topic=/Set1 C1=1304,C2=1392,T1=20.1,R3=649,ts="2026-04-27T12:01:31Z" 1777287693827136436
sensors,bucket=Set1,host=98e413c1bd55,topic=/Set1 C1=1304,C2=1400,T1=20.1,R3=621,ts="2026-04-27T12:01:49Z" 1777287711657452555
sensors,bucket=Set2,host=98e413c1bd55,topic=/Set2 C3=1544,C4=1488,W1=414,R1n=560,ts="2026-04-27T12:01:59Z" 1777287721427727759
sensors,bucket=Set1,host=98e413c1bd55,topic=/Set1 C1=1304,C2=1398,T1=20.1,R3=602,ts="2026-04-27T12:02:04Z" 1777287726471470672
sensors,bucket=Set2,host=98e413c1bd55,topic=/Set2 C3=1594,C4=1535,W1=445,R1n=572,ts="2026-04-27T12:02:14Z" 1777287736229978086
sensors,bucket=Set1,host=98e413c1bd55,topic=/Set1 C1=1304,C2=1399,T1=20.1,R3=619,ts="2026-04-27T12:02:19Z" 1777287741261483338
sensors,bucket=Set2,host=98e413c1bd55,topic=/Set2 C3=1657,C4=1560,W1=441,R1n=536,ts="2026-04-27T12:02:28Z" 1777287751031707672
sensors,bucket=Set1,host=98e413c1bd55,topic=/Set1 C1=1304,C2=1399,T1=20.1,R3=600,ts="2026-04-27T12:02:33Z" 1777287756061972595
sensors,bucket=Set2,host=98e413c1bd55,topic=/Set2 C3=1654,C4=1550,W1=398,R1n=471,ts="2026-04-27T12:02:43Z" 1777287765833935305
sensors,bucket=Set1,host=98e413c1bd55,topic=/Set1 C1=1304,C2=1398,T1=20.1,R3=635,ts="2026-04-27T12:02:48Z" 1777287770864855517
sensors,bucket=Set2,host=98e413c1bd55,topic=/Set2 C3=1628,C4=1495,W1=328,R1n=457,ts="2026-04-27T12:02:58Z" 1777287780638897501
sensors,bucket=Set1,host=98e413c1bd55,topic=/Set1 C1=1304,C2=1392,T1=20.1,R3=605,ts="2026-04-27T12:03:03Z" 1777287785665149679
sensors,bucket=Set2,host=98e413c1bd55,topic=/Set2 C3=1646,C4=1575,W1=424,R1n=494,ts="2026-04-27T12:03:13Z" 1777287795445470581
sensors,bucket=Set1,host=98e413c1bd55,topic=/Set1 C1=1304,C2=1400,T1=20.1,R3=632,ts="2026-04-27T12:03:18Z" 1777287800467601647
sensors,bucket=Set2,host=98e413c1bd55,topic=/Set2 C3=1547,C4=1533,W1=446,R1n=569,ts="2026-04-27T12:03:28Z" 1777287810241297785
sensors,bucket=Set1,host=98e413c1bd55,topic=/Set1 C1=1303,C2=1399,T1=20.1,R3=620,ts="2026-04-27T12:03:33Z" 1777287815268731108
sensors,bucket=Set2,host=98e413c1bd55,topic=/Set2 C3=1659,C4=1562,W1=441,R1n=523,ts="2026-04-27T12:03:42Z" 1777287825049629672
sensors,bucket=Set1,host=98e413c1bd55,topic=/Set1 C1=1303,C2=1400,T1=20.1,R3=622,ts="2026-04-27T12:03:47Z" 1777287830070891870
sensors,bucket=Set2,host=98e413c1bd55,topic=/Set2 C3=1658,C4=1549,W1=393,R1n=460,ts="2026-04-27T12:03:57Z" 1777287839926480931
sensors,bucket=Set1,host=98e413c1bd55,topic=/Set1 C1=1304,C2=1398,T1=20.1,R3=648,ts="2026-04-27T12:04:02Z" 1777287844871883758
sensors,bucket=Set2,host=98e413c1bd55,topic=/Set2 C3=1626,C4=1471,W1=326,R1n=487,ts="2026-04-27T12:04:12Z" 1777287854649844378
sensors,bucket=Set1,host=98e413c1bd55,topic=/Set1 C1=1305,C2=1392,T1=20.1,R3=621,ts="2026-04-27T12:04:17Z" 1777287859681793969
sensors,bucket=Set2,host=98e413c1bd55,topic=/Set2 C3=1559,C4=1439,W1=376,R1n=553,ts="2026-04-27T12:04:27Z" 1777287869449472796
sensors,bucket=Set1,host=98e413c1bd55,topic=/Set1 C1=1295,C2=1392,T1=20.1,R3=622,ts="2026-04-27T12:04:32Z" 1777287874492338783
sensors,bucket=Set2,host=98e413c1bd55,topic=/Set2 C3=1546,C4=1531,W1=444,R1n=558,ts="2026-04-27T12:04:42Z" 1777287884253390023
sensors,bucket=Set1,host=98e413c1bd55,topic=/Set1 C1=1303,C2=1399,T1=20.1,R3=653,ts="2026-04-27T12:04:47Z" 1777287889283145748
sensors,bucket=Set2,host=98e413c1bd55,topic=/Set2 C3=1642,C4=1575,W1=444,R1n=553,ts="2026-04-27T12:04:56Z" 1777287899053772560
sensors,bucket=Set1,host=98e413c1bd55,topic=/Set1 C1=1303,C2=1400,T1=20.1,R3=617,ts="2026-04-27T12:05:01Z" 1777287904082622612
sensors,bucket=Set2,host=98e413c1bd55,topic=/Set2 C3=1661,C4=1551,W1=440,R1n=493,ts="2026-04-27T12:05:11Z" 1777287913856393350
sensors,bucket=Set1,host=98e413c1bd55,topic=/Set1 C1=1304,C2=1399,T1=20.1,R3=617,ts="2026-04-27T12:05:16Z" 1777287918885469075
sensors,bucket=Set2,host=98e413c1bd55,topic=/Set2 C3=1660,C4=1535,W1=362,R1n=446,ts="2026-04-27T12:05:26Z" 1777287928660900951
sensors,bucket=Set1,host=98e413c1bd55,topic=/Set1 C1=1303,C2=1399,T1=20.1,R3=632,ts="2026-04-27T12:05:31Z" 1777287933685698289
sensors,bucket=Set2,host=98e413c1bd55,topic=/Set2 C3=1627,C4=1468,W1=316,R1n=475,ts="2026-04-27T12:05:41Z" 1777287943463616267
sensors,bucket=Set1,host=98e413c1bd55,topic=/Set1 C1=1304,C2=1399,T1=20.1,R3=638,ts="2026-04-27T12:05:46Z" 1777287948574730668
sensors,bucket=Set2,host=98e413c1bd55,topic=/Set2 C3=1559,C4=1484,W1=400,R1n=558,ts="2026-04-27T12:05:56Z" 1777287958261895842
sensors,bucket=Set1,host=98e413c1bd55,topic=/Set1 C1=1304,C2=1400,T1=20.1,R3=635,ts="2026-04-27T12:06:01Z" 1777287963292090421
sensors,bucket=Set2,host=98e413c1bd55,topic=/Set2 C3=1597,C4=1544,W1=444,R1n=571,ts="2026-04-27T12:06:10Z" 1777287973064920758
sensors,bucket=Set1,host=98e413c1bd55,topic=/Set1 C1=1303,C2=1399,T1=20.1,R3=636,ts="2026-04-27T12:06:15Z" 1777287978100298764
sensors,bucket=Set2,host=98e413c1bd55,topic=/Set2 C3=1657,C4=1578,W1=398,R1n=480,ts="2026-04-27T12:06:25Z" 1777287987869928887
sensors,bucket=Set1,host=98e413c1bd55,topic=/Set1 C1=1304,C2=1399,T1=20.1,R3=631,ts="2026-04-27T12:06:30Z" 1777287992918684662
sensors,bucket=Set2,host=98e413c1bd55,topic=/Set2 C3=1655,C4=1498,W1=359,R1n=444,ts="2026-04-27T12:06:40Z" 1777288002673022479
sensors,bucket=Set1,host=98e413c1bd55,topic=/Set1 C1=1304,C2=1399,T1=20.1,R3=606,ts="2026-04-27T12:06:45Z" 1777288007703142985
sensors,bucket=Set2,host=98e413c1bd55,topic=/Set2 C3=1579,C4=1447,W1=333,R1n=526,ts="2026-04-27T12:06:55Z" 1777288017473502263
sensors,bucket=Set1,host=98e413c1bd55,topic=/Set1 C1=1305,C2=1400,T1=20.1,R3=603,ts="2026-04-27T12:07:00Z" 1777288022499740747
sensors,bucket=Set2,host=98e413c1bd55,topic=/Set2 C3=1535,C4=1453,W1=414,R1n=568,ts="2026-04-27T12:07:10Z" 1777288032275320405
sensors,bucket=Set1,host=98e413c1bd55,topic=/Set1 C1=1304,C2=1399,T1=20.1,R3=637,ts="2026-04-27T12:07:15Z" 1777288037306136357
sensors,bucket=Set2,host=98e413c1bd55,topic=/Set2 C3=1580,C4=1548,W1=442,R1n=556,ts="2026-04-27T12:07:24Z" 1777288047078006902
sensors,bucket=Set1,host=98e413c1bd55,topic=/Set1 C1=1303,C2=1399,T1=20.1,R3=632,ts="2026-04-27T12:07:29Z" 1777288052109833931
sensors,bucket=Set2,host=98e413c1bd55,topic=/Set2 C3=1645,C4=1563,W1=445,R1n=524,ts="2026-04-27T12:07:39Z" 1777288061886005165
sensors,bucket=Set1,host=98e413c1bd55,topic=/Set1 C1=1304,C2=1400,T1=20.1,R3=621,ts="2026-04-27T12:07:44Z" 1777288066908716758
sensors,bucket=Set2,host=98e413c1bd55,topic=/Set2 C3=1660,C4=1560,W1=366,R1n=460,ts="2026-04-27T12:07:54Z" 1777288076684557789
sensors,bucket=Set1,host=98e413c1bd55,topic=/Set1 C1=1304,C2=1399,T1=20.1,R3=632,ts="2026-04-27T12:07:59Z" 1777288081708729115
sensors,bucket=Set2,host=98e413c1bd55,topic=/Set2 C3=1629,C4=1497,W1=316,R1n=456,ts="2026-04-27T12:08:09Z" 1777288091487857447
sensors,bucket=Set1,host=98e413c1bd55,topic=/Set1 C1=1304,C2=1392,T1=20.1,R3=607,ts="2026-04-27T12:08:14Z" 1777288096513262350
sensors,bucket=Set2,host=98e413c1bd55,topic=/Set2 C3=1559,C4=1450,W1=390,R1n=542,ts="2026-04-27T12:08:24Z" 1777288106289635756
sensors,bucket=Set1,host=98e413c1bd55,topic=/Set1 C1=1304,C2=1400,T1=20.1,R3=621,ts="2026-04-27T12:08:29Z" 1777288111315014221
sensors,bucket=Set2,host=98e413c1bd55,topic=/Set2 C3=1564,C4=1526,W1=441,R1n=574,ts="2026-04-27T12:08:38Z" 1777288121089728210
sensors,bucket=Set1,host=98e413c1bd55,topic=/Set1 C1=1304,C2=1399,T1=20.1,R3=645,ts="2026-04-27T12:08:43Z" 1777288126130443310
sensors,bucket=Set2,host=98e413c1bd55,topic=/Set2 C3=1662,C4=1575,W1=426,R1n=526,ts="2026-04-27T12:08:53Z" 1777288135895501152
sensors,bucket=Set1,host=98e413c1bd55,topic=/Set1 C1=1304,C2=1398,T1=20.1,R3=632,ts="2026-04-27T12:08:58Z" 1777288140927373399
sensors,bucket=Set2,host=98e413c1bd55,topic=/Set2 C3=1646,C4=1528,W1=352,R1n=442,ts="2026-04-27T12:09:08Z" 1777288150697621378
sensors,bucket=Set1,host=98e413c1bd55,topic=/Set1 C1=1304,C2=1399,T1=20.1,R3=619,ts="2026-04-27T12:09:13Z" 1777288155723989407
sensors,bucket=Set2,host=98e413c1bd55,topic=/Set2 C3=1600,C4=1455,W1=326,R1n=512,ts="2026-04-27T12:09:23Z" 1777288165496528285
sensors,bucket=Set1,host=98e413c1bd55,topic=/Set1 C1=1304,C2=1392,T1=20.1,R3=604,ts="2026-04-27T12:09:28Z" 1777288170534904054
sensors,bucket=Set2,host=98e413c1bd55,topic=/Set2 C3=1535,C4=1543,W1=428,R1n=551,ts="2026-04-27T12:09:38Z" 1777288180299797858
sensors,bucket=Set1,host=98e413c1bd55,topic=/Set1 C1=1304,C2=1399,T1=20.1,R3=619,ts="2026-04-27T12:09:43Z" 1777288185328564779
sensors,bucket=Set2,host=98e413c1bd55,topic=/Set2 C3=1662,C4=1564,W1=444,R1n=511,ts="2026-04-27T12:09:52Z" 1777288195101858944
sensors,bucket=Set1,host=98e413c1bd55,topic=/Set1 C1=1303,C2=1400,T1=20.1,R3=605,ts="2026-04-27T12:09:57Z" 1777288200129329116
sensors,bucket=Set2,host=98e413c1bd55,topic=/Set2 C3=1658,C4=1486,W1=344,R1n=445,ts="2026-04-27T12:10:07Z" 1777288209921498209
sensors,bucket=Set1,host=98e413c1bd55,topic=/Set1 C1=1304,C2=1400,T1=20.1,R3=616,ts="2026-04-27T12:10:12Z" 1777288214938044561
sensors,bucket=Set2,host=98e413c1bd55,topic=/Set2 C3=1547,C4=1440,W1=379,R1n=568,ts="2026-04-27T12:10:22Z" 1777288224712793073
sensors,bucket=Set1,host=98e413c1bd55,topic=/Set1 C1=1303,C2=1399,T1=20.1,R3=633,ts="2026-04-27T12:10:27Z" 1777288229734164904
sensors,bucket=Set2,host=98e413c1bd55,topic=/Set2 C3=1629,C4=1564,W1=439,R1n=566,ts="2026-04-27T12:10:37Z" 1777288239510118418
sensors,bucket=Set1,host=98e413c1bd55,topic=/Set1 C1=1304,C2=1399,T1=20.1,R3=632,ts="2026-04-27T12:10:42Z" 1777288244539214410
sensors,bucket=Set2,host=98e413c1bd55,topic=/Set2 C3=1662,C4=1563,W1=363,R1n=458,ts="2026-04-27T12:10:52Z" 1777288254310696634
sensors,bucket=Set1,host=98e413c1bd55,topic=/Set1 C1=1304,C2=1400,T1=20.1,R3=601,ts="2026-04-27T12:10:57Z" 1777288259367043345
sensors,bucket=Set1,host=98e413c1bd55,topic=/Set1 C1=1305,C2=1402,T1=20.1,R3=605,ts="2026-04-27T12:11:15Z" 1777288277622071166
sensors,bucket=Set2,host=98e413c1bd55,topic=/Set2 C3=1546,C4=1533,W1=425,R1n=569,ts="2026-04-27T12:11:21Z" 1777288283915294239
sensors,bucket=Set1,host=98e413c1bd55,topic=/Set1 C1=1304,C2=1399,T1=20.1,R3=624,ts="2026-04-27T12:11:30Z" 1777288292427353809
sensors,bucket=Set2,host=98e413c1bd55,topic=/Set2 C3=1657,C4=1561,W1=430,R1n=510,ts="2026-04-27T12:11:36Z" 1777288298738225247
sensors,bucket=Set1,host=98e413c1bd55,topic=/Set1 C1=1304,C2=1400,T1=20.1,R3=621,ts="2026-04-27T12:11:44Z" 1777288307228259714
sensors,bucket=Set2,host=98e413c1bd55,topic=/Set2 C3=1657,C4=1502,W1=351,R1n=441,ts="2026-04-27T12:11:51Z" 1777288313520553624
sensors,bucket=Set1,host=98e413c1bd55,topic=/Set1 C1=1304,C2=1400,T1=20.1,R3=616,ts="2026-04-27T12:11:59Z" 1777288322031724369
sensors,bucket=Set2,host=98e413c1bd55,topic=/Set2 C3=1581,C4=1448,W1=316,R1n=552,ts="2026-04-27T12:12:06Z" 1777288328323964328
sensors,bucket=Set1,host=98e413c1bd55,topic=/Set1 C1=1304,C2=1400,T1=20.1,R3=621,ts="2026-04-27T12:12:14Z" 1777288336861555990
sensors,bucket=Set2,host=98e413c1bd55,topic=/Set2 C3=1549,C4=1532,W1=427,R1n=569,ts="2026-04-27T12:12:20Z" 1777288343130200252
sensors,bucket=Set1,host=98e413c1bd55,topic=/Set1 C1=1304,C2=1400,T1=20.1,R3=631,ts="2026-04-27T12:12:29Z" 1777288351633256957
sensors,bucket=Set2,host=98e413c1bd55,topic=/Set2 C3=1659,C4=1567,W1=426,R1n=520,ts="2026-04-27T12:12:35Z" 1777288357929993754
sensors,bucket=Set1,host=98e413c1bd55,topic=/Set1 C1=1304,C2=1398,T1=20.1,R3=632,ts="2026-04-27T12:12:44Z" 1777288366441697938
sensors,bucket=Set2,host=98e413c1bd55,topic=/Set2 C3=1658,C4=1533,W1=351,R1n=458,ts="2026-04-27T12:12:50Z" 1777288372731200408
sensors,bucket=Set1,host=98e413c1bd55,topic=/Set1 C1=1304,C2=1399,T1=20.1,R3=647,ts="2026-04-27T12:12:58Z" 1777288381237576234
sensors,bucket=Set2,host=98e413c1bd55,topic=/Set2 C3=1623,C4=1453,W1=320,R1n=512,ts="2026-04-27T12:13:05Z" 1777288387537604238
sensors,bucket=Set1,host=98e413c1bd55,topic=/Set1 C1=1303,C2=1400,T1=20.1,R3=633,ts="2026-04-27T12:13:13Z" 1777288396044654188
sensors,bucket=Set2,host=98e413c1bd55,topic=/Set2 C3=1545,C4=1528,W1=414,R1n=570,ts="2026-04-27T12:13:20Z" 1777288402339042902
sensors,bucket=Set1,host=98e413c1bd55,topic=/Set1 C1=1304,C2=1400,T1=20.1,R3=622,ts="2026-04-27T12:13:28Z" 1777288410847860666
sensors,bucket=Set2,host=98e413c1bd55,topic=/Set2 C3=1659,C4=1565,W1=424,R1n=527,ts="2026-04-27T12:13:34Z" 1777288417141308159
sensors,bucket=Set1,host=98e413c1bd55,topic=/Set1 C1=1304,C2=1400,T1=20.1,R3=617,ts="2026-04-27T12:13:43Z" 1777288425648654308
sensors,bucket=Set2,host=98e413c1bd55,topic=/Set2 C3=1656,C4=1533,W1=346,R1n=447,ts="2026-04-27T12:13:49Z" 1777288431945181763
sensors,bucket=Set1,host=98e413c1bd55,topic=/Set1 C1=1304,C2=1399,T1=20.1,R3=620,ts="2026-04-27T12:13:58Z" 1777288440450597688
sensors,bucket=Set2,host=98e413c1bd55,topic=/Set2 C3=1614,C4=1448,W1=319,R1n=537,ts="2026-04-27T12:14:04Z" 1777288446749611803
sensors,bucket=Set1,host=98e413c1bd55,topic=/Set1 C1=1304,C2=1400,T1=20.1,R3=653,ts="2026-04-27T12:14:12Z" 1777288455253178210
sensors,bucket=Set2,host=98e413c1bd55,topic=/Set2 C3=1535,C4=1529,W1=427,R1n=569,ts="2026-04-27T12:14:19Z" 1777288461582592362
sensors,bucket=Set1,host=98e413c1bd55,topic=/Set1 C1=1304,C2=1399,T1=20.1,R3=679,ts="2026-04-27T12:14:27Z" 1777288470054901945
sensors,bucket=Set2,host=98e413c1bd55,topic=/Set2 C3=1626,C4=1564,W1=426,R1n=555,ts="2026-04-27T12:14:34Z" 1777288476353448387
sensors,bucket=Set1,host=98e413c1bd55,topic=/Set1 C1=1303,C2=1400,T1=20.1,R3=687,ts="2026-04-27T12:14:42Z" 1777288484863623904
sensors,bucket=Set2,host=98e413c1bd55,topic=/Set2 C3=1659,C4=1563,W1=349,R1n=462,ts="2026-04-27T12:14:48Z" 1777288491166924558
sensors,bucket=Set1,host=98e413c1bd55,topic=/Set1 C1=1304,C2=1399,T1=20.1,R3=650,ts="2026-04-27T12:14:57Z" 1777288499671174161
sensors,bucket=Set2,host=98e413c1bd55,topic=/Set2 C3=1628,C4=1480,W1=319,R1n=476,ts="2026-04-27T12:15:03Z" 1777288505957741307
sensors,bucket=Set1,host=98e413c1bd55,topic=/Set1 C1=1304,C2=1400,T1=20.1,R3=687,ts="2026-04-27T12:15:12Z" 1777288514464039761
sensors,bucket=Set2,host=98e413c1bd55,topic=/Set2 C3=1546,C4=1438,W1=407,R1n=559,ts="2026-04-27T12:15:18Z" 1777288520760736775
sensors,bucket=Set1,host=98e413c1bd55,topic=/Set1 C1=1304,C2=1400,T1=20.1,R3=664,ts="2026-04-27T12:15:26Z" 1777288529266783374
sensors,bucket=Set2,host=98e413c1bd55,topic=/Set2 C3=1616,C4=1566,W1=430,R1n=567,ts="2026-04-27T12:15:33Z" 1777288535562726477
sensors,bucket=Set1,host=98e413c1bd55,topic=/Set1 C1=1304,C2=1400,T1=20.1,R3=653,ts="2026-04-27T12:15:41Z" 1777288544069634922
sensors,bucket=Set2,host=98e413c1bd55,topic=/Set2 C3=1657,C4=1563,W1=383,R1n=464,ts="2026-04-27T12:15:48Z" 1777288550364821818
sensors,bucket=Set1,host=98e413c1bd55,topic=/Set1 C1=1304,C2=1399,T1=20.1,R3=664,ts="2026-04-27T12:15:56Z" 1777288558874252985
sensors,bucket=Set2,host=98e413c1bd55,topic=/Set2 C3=1578,C4=1449,W1=336,R1n=536,ts="2026-04-27T12:16:02Z" 1777288565168325027
sensors,bucket=Set1,host=98e413c1bd55,topic=/Set1 C1=1304,C2=1399,T1=20.1,R3=648,ts="2026-04-27T12:16:11Z" 1777288573696884626
sensors,bucket=Set2,host=98e413c1bd55,topic=/Set2 C3=1624,C4=1547,W1=440,R1n=583,ts="2026-04-27T12:16:17Z" 1777288579971264293
sensors,bucket=Set1,host=98e413c1bd55,topic=/Set1 C1=1304,C2=1392,T1=20.1,R3=681,ts="2026-04-27T12:16:26Z" 1777288588478038345
sensors,bucket=Set2,host=98e413c1bd55,topic=/Set2 C3=1660,C4=1566,W1=381,R1n=477,ts="2026-04-27T12:16:32Z" 1777288594773613730
sensors,bucket=Set1,host=98e413c1bd55,topic=/Set1 C1=1303,C2=1400,T1=20.1,R3=712,ts="2026-04-27T12:16:40Z" 1777288603280987256
sensors,bucket=Set2,host=98e413c1bd55,topic=/Set2 C3=1614,C4=1464,W1=326,R1n=511,ts="2026-04-27T12:16:47Z" 1777288609576522571
sensors,bucket=Set1,host=98e413c1bd55,topic=/Set1 C1=1304,C2=1399,T1=20.1,R3=664,ts="2026-04-27T12:16:55Z" 1777288618087600687
sensors,bucket=Set2,host=98e413c1bd55,topic=/Set2 C3=1544,C4=1516,W1=414,R1n=567,ts="2026-04-27T12:17:02Z" 1777288624380410556
sensors,bucket=Set1,host=98e413c1bd55,topic=/Set1 C1=1304,C2=1401,T1=20.1,R3=664,ts="2026-04-27T12:17:10Z" 1777288632884794427
sensors,bucket=Set2,host=98e413c1bd55,topic=/Set2 C3=1611,C4=1565,W1=430,R1n=557,ts="2026-04-27T12:17:16Z" 1777288639182586543
sensors,bucket=Set1,host=98e413c1bd55,topic=/Set1 C1=1305,C2=1400,T1=20.1,R3=648,ts="2026-04-27T12:17:25Z" 1777288647687748505
sensors,bucket=Set2,host=98e413c1bd55,topic=/Set2 C3=1648,C4=1563,W1=416,R1n=489,ts="2026-04-27T12:17:31Z" 1777288653983865706
sensors,bucket=Set1,host=98e413c1bd55,topic=/Set1 C1=1304,C2=1400,T1=20.1,R3=632,ts="2026-04-27T12:17:40Z" 1777288662496429396
sensors,bucket=Set2,host=98e413c1bd55,topic=/Set2 C3=1660,C4=1533,W1=379,R1n=457,ts="2026-04-27T12:17:46Z" 1777288668788437266
sensors,bucket=Set1,host=98e413c1bd55,topic=/Set1 C1=1304,C2=1400,T1=20.1,R3=685,ts="2026-04-27T12:17:54Z" 1777288677292982013
sensors,bucket=Set2,host=98e413c1bd55,topic=/Set2 C3=1627,C4=1466,W1=329,R1n=492,ts="2026-04-27T12:18:01Z" 1777288683591667886
sensors,bucket=Set1,host=98e413c1bd55,topic=/Set1 C1=1305,C2=1400,T1=20.1,R3=665,ts="2026-04-27T12:18:09Z" 1777288692098145192
sensors,bucket=Set2,host=98e413c1bd55,topic=/Set2 C3=1564,C4=1438,W1=399,R1n=553,ts="2026-04-27T12:18:16Z" 1777288698394949405
sensors,bucket=Set1,host=98e413c1bd55,topic=/Set1 C1=1305,C2=1400,T1=20.1,R3=664,ts="2026-04-27T12:18:24Z" 1777288706898170200
sensors,bucket=Set2,host=98e413c1bd55,topic=/Set2 C3=1551,C4=1547,W1=439,R1n=571,ts="2026-04-27T12:18:30Z" 1777288713197672123
sensors,bucket=Set1,host=98e413c1bd55,topic=/Set1 C1=1304,C2=1400,T1=20.1,R3=651,ts="2026-04-27T12:18:39Z" 1777288721702714185
sensors,bucket=Set2,host=98e413c1bd55,topic=/Set2 C3=1645,C4=1561,W1=427,R1n=523,ts="2026-04-27T12:18:45Z" 1777288727997812803
sensors,bucket=Set1,host=98e413c1bd55,topic=/Set1 C1=1304,C2=1401,T1=20.1,R3=670,ts="2026-04-27T12:18:54Z" 1777288736510203721
sensors,bucket=Set1,host=98e413c1bd55,topic=/Set1 C1=1305,C2=1401,T1=20.1,R3=632,ts="2026-04-27T12:19:09Z" 1777288751438696660
sensors,bucket=Set2,host=98e413c1bd55,topic=/Set2 C3=1614,C4=1466,W1=320,R1n=540,ts="2026-04-27T12:19:15Z" 1777288757612005499
sensors,bucket=Set1,host=98e413c1bd55,topic=/Set1 C1=1305,C2=1400,T1=20.1,R3=649,ts="2026-04-27T12:19:23Z" 1777288766240150454
sensors,bucket=Set2,host=98e413c1bd55,topic=/Set2 C3=1534,C4=1515,W1=429,R1n=568,ts="2026-04-27T12:19:30Z" 1777288772406147388
sensors,bucket=Set1,host=98e413c1bd55,topic=/Set1 C1=1304,C2=1400,T1=20.1,R3=666,ts="2026-04-27T12:19:38Z" 1777288781045308500
sensors,bucket=Set2,host=98e413c1bd55,topic=/Set2 C3=1656,C4=1567,W1=432,R1n=523,ts="2026-04-27T12:19:44Z" 1777288787215968181
sensors,bucket=Set1,host=98e413c1bd55,topic=/Set1 C1=1304,C2=1400,T1=20.1,R3=653,ts="2026-04-27T12:19:53Z" 1777288795846928661
sensors,bucket=Set2,host=98e413c1bd55,topic=/Set2 C3=1657,C4=1480,W1=332,R1n=455,ts="2026-04-27T12:19:59Z" 1777288802013516181
sensors,bucket=Set1,host=98e413c1bd55,topic=/Set1 C1=1305,C2=1400,T1=20.1,R3=680,ts="2026-04-27T12:20:08Z" 1777288810647965594
sensors,bucket=Set2,host=98e413c1bd55,topic=/Set2 C3=1561,C4=1450,W1=381,R1n=567,ts="2026-04-27T12:20:14Z" 1777288816817656329
sensors,bucket=Set1,host=98e413c1bd55,topic=/Set1 C1=1304,C2=1401,T1=20.1,R3=664,ts="2026-04-27T12:20:23Z" 1777288825455706666
sensors,bucket=Set2,host=98e413c1bd55,topic=/Set2 C3=1626,C4=1545,W1=442,R1n=558,ts="2026-04-27T12:20:29Z" 1777288831618325359
sensors,bucket=Set1,host=98e413c1bd55,topic=/Set1 C1=1304,C2=1400,T1=20.1,R3=687,ts="2026-04-27T12:20:37Z" 1777288840254820733
sensors,bucket=Set2,host=98e413c1bd55,topic=/Set2 C3=1659,C4=1564,W1=412,R1n=494,ts="2026-04-27T12:20:44Z" 1777288846420334078
sensors,bucket=Set1,host=98e413c1bd55,topic=/Set1 C1=1304,C2=1400,T1=20.1,R3=713,ts="2026-04-27T12:20:52Z" 1777288855062436756
sensors,bucket=Set2,host=98e413c1bd55,topic=/Set2 C3=1612,C4=1466,W1=316,R1n=510,ts="2026-04-27T12:20:58Z" 1777288861223602971
sensors,bucket=Set1,host=98e413c1bd55,topic=/Set1 C1=1304,C2=1400,T1=20.1,R3=638,ts="2026-04-27T12:21:07Z" 1777288869860306177
sensors,bucket=Set2,host=98e413c1bd55,topic=/Set2 C3=1550,C4=1530,W1=412,R1n=567,ts="2026-04-27T12:21:13Z" 1777288876027653233
sensors,bucket=Set1,host=98e413c1bd55,topic=/Set1 C1=1304,C2=1401,T1=20.1,R3=664,ts="2026-04-27T12:21:22Z" 1777288884665584063
sensors,bucket=Set2,host=98e413c1bd55,topic=/Set2 C3=1658,C4=1562,W1=394,R1n=488,ts="2026-04-27T12:21:28Z" 1777288890829949839
sensors,bucket=Set1,host=98e413c1bd55,topic=/Set1 C1=1304,C2=1400,T1=20.1,R3=665,ts="2026-04-27T12:21:37Z" 1777288899472099684
sensors,bucket=Set2,host=98e413c1bd55,topic=/Set2 C3=1599,C4=1454,W1=316,R1n=505,ts="2026-04-27T12:21:43Z" 1777288905634405431
sensors,bucket=Set1,host=98e413c1bd55,topic=/Set1 C1=1304,C2=1400,T1=20.1,R3=684,ts="2026-04-27T12:21:51Z" 1777288914271508176
sensors,bucket=Set2,host=98e413c1bd55,topic=/Set2 C3=1610,C4=1546,W1=441,R1n=572,ts="2026-04-27T12:21:58Z" 1777288920437651105
sensors,bucket=Set1,host=98e413c1bd55,topic=/Set1 C1=1304,C2=1401,T1=20.1,R3=686,ts="2026-04-27T12:22:06Z" 1777288929073263019
sensors,bucket=Set2,host=98e413c1bd55,topic=/Set2 C3=1644,C4=1561,W1=375,R1n=460,ts="2026-04-27T12:22:12Z" 1777288935239080496
sensors,bucket=Set1,host=98e413c1bd55,topic=/Set1 C1=1304,C2=1401,T1=20.1,R3=652,ts="2026-04-27T12:22:21Z" 1777288943878992874
sensors,bucket=Set2,host=98e413c1bd55,topic=/Set2 C3=1595,C4=1448,W1=313,R1n=540,ts="2026-04-27T12:22:27Z" 1777288950040632110
sensors,bucket=Set1,host=98e413c1bd55,topic=/Set1 C1=1305,C2=1400,T1=20.1,R3=682,ts="2026-04-27T12:22:36Z" 1777288958681007296
sensors,bucket=Set2,host=98e413c1bd55,topic=/Set2 C3=1548,C4=1545,W1=440,R1n=559,ts="2026-04-27T12:22:42Z" 1777288964851234926
sensors,bucket=Set1,host=98e413c1bd55,topic=/Set1 C1=1304,C2=1400,T1=20.1,R3=648,ts="2026-04-27T12:22:51Z" 1777288973487916491
sensors,bucket=Set2,host=98e413c1bd55,topic=/Set2 C3=1671,C4=1566,W1=398,R1n=504,ts="2026-04-27T12:22:57Z" 1777288979650867821
sensors,bucket=Set1,host=98e413c1bd55,topic=/Set1 C1=1304,C2=1400,T1=20.1,R3=653,ts="2026-04-27T12:23:05Z" 1777288988287782743
sensors,bucket=Set2,host=98e413c1bd55,topic=/Set2 C3=1645,C4=1516,W1=329,R1n=445,ts="2026-04-27T12:23:12Z" 1777288994451956807
sensors,bucket=Set1,host=98e413c1bd55,topic=/Set1 C1=1304,C2=1400,T1=20.1,R3=606,ts="2026-04-27T12:23:20Z" 1777289003086686115
sensors,bucket=Set2,host=98e413c1bd55,topic=/Set2 C3=1534,C4=1481,W1=430,R1n=571,ts="2026-04-27T12:23:26Z" 1777289009252660000
sensors,bucket=Set1,host=98e413c1bd55,topic=/Set1 C1=1304,C2=1400,T1=20.1,R3=653,ts="2026-04-27T12:23:35Z" 1777289017893090855
sensors,bucket=Set2,host=98e413c1bd55,topic=/Set2 C3=1664,C4=1567,W1=409,R1n=505,ts="2026-04-27T12:23:41Z" 1777289024057205783
sensors,bucket=Set1,host=98e413c1bd55,topic=/Set1 C1=1304,C2=1400,T1=20.1,R3=621,ts="2026-04-27T12:23:50Z" 1777289032692357522
sensors,bucket=Set1,host=98e413c1bd55,topic=/Set1 C1=1304,C2=1400,T1=20.1,R3=651,ts="2026-04-27T12:24:05Z" 1777289047905982676
sensors,bucket=Set2,host=98e413c1bd55,topic=/Set2 C3=1616,C4=1561,W1=441,R1n=573,ts="2026-04-27T12:24:11Z" 1777289053667134756
sensors,bucket=Set1,host=98e413c1bd55,topic=/Set1 C1=1304,C2=1401,T1=20.1,R3=686,ts="2026-04-27T12:24:20Z" 1777289062707106906
sensors,bucket=Set2,host=98e413c1bd55,topic=/Set2 C3=1657,C4=1527,W1=381,R1n=446,ts="2026-04-27T12:24:26Z" 1777289068474161675
sensors,bucket=Set1,host=98e413c1bd55,topic=/Set1 C1=1304,C2=1400,T1=20.1,R3=605,ts="2026-04-27T12:24:35Z" 1777289077514872386
sensors,bucket=Set2,host=98e413c1bd55,topic=/Set2 C3=1580,C4=1449,W1=336,R1n=538,ts="2026-04-27T12:24:40Z" 1777289083281479418
sensors,bucket=Set1,host=98e413c1bd55,topic=/Set1 C1=1304,C2=1401,T1=20.1,R3=670,ts="2026-04-27T12:24:49Z" 1777289092317101180
sensors,bucket=Set2,host=98e413c1bd55,topic=/Set2 C3=1564,C4=1549,W1=441,R1n=569,ts="2026-04-27T12:24:55Z" 1777289098086873184
sensors,bucket=Set1,host=98e413c1bd55,topic=/Set1 C1=1304,C2=1400,T1=20.1,R3=665,ts="2026-04-27T12:25:04Z" 1777289107117403252
sensors,bucket=Set2,host=98e413c1bd55,topic=/Set2 C3=1661,C4=1562,W1=365,R1n=460,ts="2026-04-27T12:25:10Z" 1777289112878641683
sensors,bucket=Set1,host=98e413c1bd55,topic=/Set1 C1=1304,C2=1400,T1=20.1,R3=667,ts="2026-04-27T12:25:19Z" 1777289121955118130
sensors,bucket=Set2,host=98e413c1bd55,topic=/Set2 C3=1592,C4=1448,W1=330,R1n=538,ts="2026-04-27T12:25:25Z" 1777289127682801350
sensors,bucket=Set1,host=98e413c1bd55,topic=/Set1 C1=1305,C2=1400,T1=20.1,R3=653,ts="2026-04-27T12:25:34Z" 1777289136725384353
sensors,bucket=Set2,host=98e413c1bd55,topic=/Set2 C3=1626,C4=1563,W1=429,R1n=559,ts="2026-04-27T12:25:40Z" 1777289142483245118
sensors,bucket=Set1,host=98e413c1bd55,topic=/Set1 C1=1304,C2=1400,T1=20.1,R3=667,ts="2026-04-27T12:25:49Z" 1777289151527084265
sensors,bucket=Set2,host=98e413c1bd55,topic=/Set2 C3=1632,C4=1498,W1=328,R1n=445,ts="2026-04-27T12:25:54Z" 1777289157291057146
sensors,bucket=Set2,host=98e413c1bd55,topic=/Set2 C3=1632,C4=1494,W1=330,R1n=447,ts="2026-04-27T12:26:11Z" 1777289173960943640
sensors,bucket=Set1,host=98e413c1bd55,topic=/Set1 C1=1305,C2=1400,T1=20.1,R3=648,ts="2026-04-27T12:26:18Z" 1777289181133549723
sensors,bucket=Set2,host=98e413c1bd55,topic=/Set2 C3=1545,C4=1530,W1=429,R1n=571,ts="2026-04-27T12:26:26Z" 1777289188765149390
sensors,bucket=Set1,host=98e413c1bd55,topic=/Set1 C1=1305,C2=1400,T1=20.1,R3=638,ts="2026-04-27T12:26:33Z" 1777289195932969145
sensors,bucket=Set2,host=98e413c1bd55,topic=/Set2 C3=1662,C4=1559,W1=381,R1n=471,ts="2026-04-27T12:26:41Z" 1777289203565385275
sensors,bucket=Set1,host=98e413c1bd55,topic=/Set1 C1=1304,C2=1400,T1=20.1,R3=618,ts="2026-04-27T12:26:48Z" 1777289210740115458
sensors,bucket=Set2,host=98e413c1bd55,topic=/Set2 C3=1582,C4=1450,W1=328,R1n=553,ts="2026-04-27T12:26:55Z" 1777289218371927484
sensors,bucket=Set1,host=98e413c1bd55,topic=/Set1 C1=1304,C2=1400,T1=20.1,R3=639,ts="2026-04-27T12:27:03Z" 1777289225543327103
sensors,bucket=Set2,host=98e413c1bd55,topic=/Set2 C3=1610,C4=1550,W1=432,R1n=558,ts="2026-04-27T12:27:10Z" 1777289233174279220
sensors,bucket=Set1,host=98e413c1bd55,topic=/Set1 C1=1305,C2=1400,T1=20.1,R3=680,ts="2026-04-27T12:27:17Z" 1777289240343354628
sensors,bucket=Set2,host=98e413c1bd55,topic=/Set2 C3=1659,C4=1533,W1=361,R1n=455,ts="2026-04-27T12:27:25Z" 1777289247975452411
sensors,bucket=Set1,host=98e413c1bd55,topic=/Set1 C1=1305,C2=1400,T1=20.1,R3=655,ts="2026-04-27T12:27:32Z" 1777289255151679258
sensors,bucket=Set2,host=98e413c1bd55,topic=/Set2 C3=1550,C4=1449,W1=396,R1n=553,ts="2026-04-27T12:27:40Z" 1777289262780832538
sensors,bucket=Set1,host=98e413c1bd55,topic=/Set1 C1=1305,C2=1400,T1=20.1,R3=652,ts="2026-04-27T12:27:47Z" 1777289269951938259
sensors,bucket=Set2,host=98e413c1bd55,topic=/Set2 C3=1646,C4=1564,W1=443,R1n=525,ts="2026-04-27T12:27:55Z" 1777289277579954967
sensors,bucket=Set1,host=98e413c1bd55,topic=/Set1 C1=1305,C2=1400,T1=20.1,R3=637,ts="2026-04-27T12:28:02Z" 1777289285113385170
sensors,bucket=Set2,host=98e413c1bd55,topic=/Set2 C3=1639,C4=1519,W1=328,R1n=444,ts="2026-04-27T12:28:09Z" 1777289292383571116
sensors,bucket=Set1,host=98e413c1bd55,topic=/Set1 C1=1304,C2=1400,T1=20.1,R3=638,ts="2026-04-27T12:28:17Z" 1777289299557044079
sensors,bucket=Set2,host=98e413c1bd55,topic=/Set2 C3=1548,C4=1517,W1=430,R1n=568,ts="2026-04-27T12:28:24Z" 1777289307188167636
sensors,bucket=Set1,host=98e413c1bd55,topic=/Set1 C1=1304,C2=1400,T1=20.1,R3=635,ts="2026-04-27T12:28:31Z" 1777289314360614223
sensors,bucket=Set2,host=98e413c1bd55,topic=/Set2 C3=1658,C4=1559,W1=409,R1n=489,ts="2026-04-27T12:28:39Z" 1777289321992489144
sensors,bucket=Set1,host=98e413c1bd55,topic=/Set1 C1=1305,C2=1400,T1=20.1,R3=668,ts="2026-04-27T12:28:46Z" 1777289329163990511
sensors,bucket=Set2,host=98e413c1bd55,topic=/Set2 C3=1581,C4=1465,W1=315,R1n=489,ts="2026-04-27T12:28:54Z" 1777289336795353196
sensors,bucket=Set1,host=98e413c1bd55,topic=/Set1 C1=1303,C2=1400,T1=20.1,R3=635,ts="2026-04-27T12:29:01Z" 1777289343966533240
sensors,bucket=Set2,host=98e413c1bd55,topic=/Set2 C3=1550,C4=1531,W1=445,R1n=559,ts="2026-04-27T12:29:09Z" 1777289351601975257
sensors,bucket=Set1,host=98e413c1bd55,topic=/Set1 C1=1305,C2=1401,T1=20.1,R3=681,ts="2026-04-27T12:29:16Z" 1777289359378780796
sensors,bucket=Set2,host=98e413c1bd55,topic=/Set2 C3=1662,C4=1565,W1=412,R1n=475,ts="2026-04-27T12:29:23Z" 1777289366489430099
sensors,bucket=Set1,host=98e413c1bd55,topic=/Set1 C1=1304,C2=1399,T1=20.1,R3=650,ts="2026-04-27T12:29:31Z" 1777289373575978326
sensors,bucket=Set2,host=98e413c1bd55,topic=/Set2 C3=1593,C4=1450,W1=331,R1n=540,ts="2026-04-27T12:29:38Z" 1777289381204493166
sensors,bucket=Set1,host=98e413c1bd55,topic=/Set1 C1=1304,C2=1399,T1=20.1,R3=680,ts="2026-04-27T12:29:45Z" 1777289388380099869
sensors,bucket=Set2,host=98e413c1bd55,topic=/Set2 C3=1550,C4=1548,W1=440,R1n=572,ts="2026-04-27T12:29:53Z" 1777289396007940733
sensors,bucket=Set1,host=98e413c1bd55,topic=/Set1 C1=1304,C2=1400,T1=20.1,R3=638,ts="2026-04-27T12:30:00Z" 1777289403178520087
sensors,bucket=Set2,host=98e413c1bd55,topic=/Set2 C3=1658,C4=1546,W1=379,R1n=457,ts="2026-04-27T12:30:08Z" 1777289410811620958
sensors,bucket=Set1,host=98e413c1bd55,topic=/Set1 C1=1304,C2=1400,T1=20.1,R3=655,ts="2026-04-27T12:30:15Z" 1777289417985739919
sensors,bucket=Set2,host=98e413c1bd55,topic=/Set2 C3=1561,C4=1449,W1=399,R1n=557,ts="2026-04-27T12:30:23Z" 1777289425614437390
sensors,bucket=Set1,host=98e413c1bd55,topic=/Set1 C1=1304,C2=1400,T1=20.1,R3=683,ts="2026-04-27T12:30:30Z" 1777289432784862326
sensors,bucket=Set2,host=98e413c1bd55,topic=/Set2 C3=1646,C4=1563,W1=441,R1n=507,ts="2026-04-27T12:30:37Z" 1777289440418647265
sensors,bucket=Set1,host=98e413c1bd55,topic=/Set1 C1=1304,C2=1400,T1=20.1,R3=634,ts="2026-04-27T12:30:45Z" 1777289447593123811
sensors,bucket=Set2,host=98e413c1bd55,topic=/Set2 C3=1642,C4=1479,W1=319,R1n=459,ts="2026-04-27T12:30:52Z" 1777289455222432823
sensors,bucket=Set1,host=98e413c1bd55,topic=/Set1 C1=1304,C2=1399,T1=20.1,R3=648,ts="2026-04-27T12:30:59Z" 1777289462396521956
sensors,bucket=Set2,host=98e413c1bd55,topic=/Set2 C3=1535,C4=1454,W1=422,R1n=571,ts="2026-04-27T12:31:07Z" 1777289470022339306
sensors,bucket=Set1,host=98e413c1bd55,topic=/Set1 C1=1304,C2=1400,T1=20.1,R3=621,ts="2026-04-27T12:31:14Z" 1777289477193422286
sensors,bucket=Set2,host=98e413c1bd55,topic=/Set2 C3=1641,C4=1561,W1=442,R1n=506,ts="2026-04-27T12:31:22Z" 1777289484826225858
sensors,bucket=Set1,host=98e413c1bd55,topic=/Set1 C1=1304,C2=1400,T1=20.1,R3=632,ts="2026-04-27T12:31:29Z" 1777289491997908915
sensors,bucket=Set1,host=98e413c1bd55,topic=/Set1 C1=1305,C2=1400,T1=20.1,R3=636,ts="2026-04-27T12:31:44Z" 1777289506802788472
sensors,bucket=Set2,host=98e413c1bd55,topic=/Set2 C3=1535,C4=1448,W1=426,R1n=584,ts="2026-04-27T12:31:51Z" 1777289514437512153
sensors,bucket=Set1,host=98e413c1bd55,topic=/Set1 C1=1305,C2=1400,T1=20.1,R3=686,ts="2026-04-27T12:31:59Z" 1777289521602995607
sensors,bucket=Set2,host=98e413c1bd55,topic=/Set2 C3=1671,C4=1577,W1=394,R1n=504,ts="2026-04-27T12:32:06Z" 1777289529241958264
sensors,bucket=Set1,host=98e413c1bd55,topic=/Set1 C1=1304,C2=1400,T1=20.1,R3=679,ts="2026-04-27T12:32:13Z" 1777289536416879320
sensors,bucket=Set2,host=98e413c1bd55,topic=/Set2 C3=1550,C4=1438,W1=326,R1n=559,ts="2026-04-27T12:32:21Z" 1777289544047763008
sensors,bucket=Set1,host=98e413c1bd55,topic=/Set1 C1=1304,C2=1400,T1=20.1,R3=685,ts="2026-04-27T12:32:28Z" 1777289551212078946
sensors,bucket=Set2,host=98e413c1bd55,topic=/Set2 C3=1646,C4=1562,W1=440,R1n=535,ts="2026-04-27T12:32:36Z" 1777289558853519577
sensors,bucket=Set1,host=98e413c1bd55,topic=/Set1 C1=1305,C2=1400,T1=20.1,R3=681,ts="2026-04-27T12:32:43Z" 1777289566015819105
sensors,bucket=Set2,host=98e413c1bd55,topic=/Set2 C3=1581,C4=1449,W1=329,R1n=542,ts="2026-04-27T12:32:51Z" 1777289573651443929
sensors,bucket=Set1,host=98e413c1bd55,topic=/Set1 C1=1304,C2=1399,T1=20.1,R3=637,ts="2026-04-27T12:32:58Z" 1777289580816624013
sensors,bucket=Set2,host=98e413c1bd55,topic=/Set2 C3=1645,C4=1563,W1=444,R1n=527,ts="2026-04-27T12:33:05Z" 1777289588458027884
sensors,bucket=Set1,host=98e413c1bd55,topic=/Set1 C1=1304,C2=1400,T1=20.1,R3=637,ts="2026-04-27T12:33:13Z" 1777289595621839817
sensors,bucket=Set2,host=98e413c1bd55,topic=/Set2 C3=1623,C4=1472,W1=328,R1n=474,ts="2026-04-27T12:33:20Z" 1777289603261175058
sensors,bucket=Set1,host=98e413c1bd55,topic=/Set1 C1=1304,C2=1400,T1=20.1,R3=670,ts="2026-04-27T12:33:27Z" 1777289610426012162
sensors,bucket=Set2,host=98e413c1bd55,topic=/Set2 C3=1575,C4=1546,W1=440,R1n=569,ts="2026-04-27T12:33:35Z" 1777289618066026072
sensors,bucket=Set1,host=98e413c1bd55,topic=/Set1 C1=1304,C2=1400,T1=20.1,R3=635,ts="2026-04-27T12:33:42Z" 1777289625230377314
sensors,bucket=Set2,host=98e413c1bd55,topic=/Set2 C3=1660,C4=1511,W1=344,R1n=443,ts="2026-04-27T12:33:50Z" 1777289632863858587
sensors,bucket=Set1,host=98e413c1bd55,topic=/Set1 C1=1304,C2=1399,T1=20.1,R3=649,ts="2026-04-27T12:33:57Z" 1777289640061365202
sensors,bucket=Set2,host=98e413c1bd55,topic=/Set2 C3=1536,C4=1518,W1=430,R1n=553,ts="2026-04-27T12:34:05Z" 1777289647669363757
sensors,bucket=Set1,host=98e413c1bd55,topic=/Set1 C1=1304,C2=1400,T1=20.1,R3=618,ts="2026-04-27T12:34:12Z" 1777289654836433145
sensors,bucket=Set2,host=98e413c1bd55,topic=/Set2 C3=1654,C4=1565,W1=375,R1n=457,ts="2026-04-27T12:34:19Z" 1777289662471215195
sensors,bucket=Set1,host=98e413c1bd55,topic=/Set1 C1=1304,C2=1400,T1=20.1,R3=665,ts="2026-04-27T12:34:27Z" 1777289669637706547
sensors,bucket=Set2,host=98e413c1bd55,topic=/Set2 C3=1660,C4=1551,W1=410,R1n=505,ts="2026-04-27T12:34:34Z" 1777289677275782240
sensors,bucket=Set1,host=98e413c1bd55,topic=/Set1 C1=1303,C2=1400,T1=20.1,R3=697,ts="2026-04-27T12:34:41Z" 1777289684446160927
sensors,bucket=Set2,host=98e413c1bd55,topic=/Set2 C3=1644,C4=1559,W1=425,R1n=509,ts="2026-04-27T12:34:49Z" 1777289692078750041
sensors,bucket=Set1,host=98e413c1bd55,topic=/Set1 C1=1304,C2=1400,T1=20.1,R3=618,ts="2026-04-27T12:34:56Z" 1777289699245171370
sensors,bucket=Set2,host=98e413c1bd55,topic=/Set2 C3=1624,C4=1480,W1=317,R1n=528,ts="2026-04-27T12:35:04Z" 1777289706883810826
sensors,bucket=Set1,host=98e413c1bd55,topic=/Set1 C1=1304,C2=1400,T1=20.1,R3=665,ts="2026-04-27T12:35:11Z" 1777289714051178756
sensors,bucket=Set2,host=98e413c1bd55,topic=/Set2 C3=1644,C4=1563,W1=441,R1n=526,ts="2026-04-27T12:35:19Z" 1777289721707966641
sensors,bucket=Set1,host=98e413c1bd55,topic=/Set1 C1=1304,C2=1400,T1=20.1,R3=669,ts="2026-04-27T12:35:26Z" 1777289728853244118
sensors,bucket=Set2,host=98e413c1bd55,topic=/Set2 C3=1598,C4=1466,W1=330,R1n=522,ts="2026-04-27T12:35:33Z" 1777289736488592535
sensors,bucket=Set1,host=98e413c1bd55,topic=/Set1 C1=1305,C2=1399,T1=20,R3=664,ts="2026-04-27T12:35:41Z" 1777289743656693884
sensors,bucket=Set2,host=98e413c1bd55,topic=/Set2 C3=1626,C4=1551,W1=439,R1n=570,ts="2026-04-27T12:35:48Z" 1777289753130537752
sensors,bucket=Set2,host=98e413c1bd55,topic=/Set2 C3=1641,C4=1480,W1=316,R1n=503,ts="2026-04-27T12:36:03Z" 1777289766097019103
sensors,bucket=Set1,host=98e413c1bd55,topic=/Set1 C1=1304,C2=1400,T1=20.1,R3=587,ts="2026-04-27T12:36:10Z" 1777289773266848374
sensors,bucket=Set2,host=98e413c1bd55,topic=/Set2 C3=1612,C4=1560,W1=429,R1n=571,ts="2026-04-27T12:36:18Z" 1777289780903485602
sensors,bucket=Set1,host=98e413c1bd55,topic=/Set1 C1=1304,C2=1400,T1=20.1,R3=667,ts="2026-04-27T12:36:25Z" 1777289788072198649
sensors,bucket=Set2,host=98e413c1bd55,topic=/Set2 C3=1631,C4=1504,W1=318,R1n=445,ts="2026-04-27T12:36:33Z" 1777289795706844526
sensors,bucket=Set1,host=98e413c1bd55,topic=/Set1 C1=1305,C2=1400,T1=20.1,R3=647,ts="2026-04-27T12:36:40Z" 1777289802877365220
sensors,bucket=Set2,host=98e413c1bd55,topic=/Set2 C3=1577,C4=1551,W1=442,R1n=558,ts="2026-04-27T12:36:47Z" 1777289810506645137
sensors,bucket=Set1,host=98e413c1bd55,topic=/Set1 C1=1306,C2=1400,T1=20.1,R3=667,ts="2026-04-27T12:36:55Z" 1777289817676831598
sensors,bucket=Set2,host=98e413c1bd55,topic=/Set2 C3=1655,C4=1501,W1=344,R1n=455,ts="2026-04-27T12:37:02Z" 1777289825310217500
sensors,bucket=Set1,host=98e413c1bd55,topic=/Set1 C1=1304,C2=1399,T1=20.1,R3=664,ts="2026-04-27T12:37:09Z" 1777289832481855010
sensors,bucket=Set2,host=98e413c1bd55,topic=/Set2 C3=1564,C4=1533,W1=442,R1n=572,ts="2026-04-27T12:37:17Z" 1777289840115907528
sensors,bucket=Set1,host=98e413c1bd55,topic=/Set1 C1=1303,C2=1400,T1=20.1,R3=699,ts="2026-04-27T12:37:24Z" 1777289847286322586
sensors,bucket=Set2,host=98e413c1bd55,topic=/Set2 C3=1657,C4=1530,W1=361,R1n=443,ts="2026-04-27T12:37:32Z" 1777289854920715071
sensors,bucket=Set1,host=98e413c1bd55,topic=/Set1 C1=1305,C2=1400,T1=20.1,R3=655,ts="2026-04-27T12:37:39Z" 1777289862086957327
sensors,bucket=Set2,host=98e413c1bd55,topic=/Set2 C3=1549,C4=1527,W1=429,R1n=575,ts="2026-04-27T12:37:47Z" 1777289869726279628
sensors,bucket=Set1,host=98e413c1bd55,topic=/Set1 C1=1304,C2=1398,T1=20.1,R3=681,ts="2026-04-27T12:37:54Z" 1777289876890242276
sensors,bucket=Set1,host=98e413c1bd55,topic=/Set1 C1=1306,C2=1401,T1=20.1,R3=632,ts="2026-04-27T12:38:09Z" 1777289892373340503
sensors,bucket=Set2,host=98e413c1bd55,topic=/Set2 C3=1547,C4=1535,W1=430,R1n=569,ts="2026-04-27T12:38:16Z" 1777289899329639395
sensors,bucket=Set1,host=98e413c1bd55,topic=/Set1 C1=1305,C2=1400,T1=20.1,R3=654,ts="2026-04-27T12:38:24Z" 1777289907237115865
sensors,bucket=Set2,host=98e413c1bd55,topic=/Set2 C3=1660,C4=1560,W1=362,R1n=476,ts="2026-04-27T12:38:31Z" 1777289914130716662
sensors,bucket=Set1,host=98e413c1bd55,topic=/Set1 C1=1304,C2=1400,T1=20.1,R3=651,ts="2026-04-27T12:38:39Z" 1777289921984648779
sensors,bucket=Set2,host=98e413c1bd55,topic=/Set2 C3=1559,C4=1451,W1=408,R1n=550,ts="2026-04-27T12:38:46Z" 1777289928937411611
sensors,bucket=Set1,host=98e413c1bd55,topic=/Set1 C1=1304,C2=1399,T1=20.1,R3=680,ts="2026-04-27T12:38:54Z" 1777289936781847993
sensors,bucket=Set2,host=98e413c1bd55,topic=/Set2 C3=1659,C4=1566,W1=376,R1n=473,ts="2026-04-27T12:39:01Z" 1777289943739326914
sensors,bucket=Set1,host=98e413c1bd55,topic=/Set1 C1=1304,C2=1398,T1=20.1,R3=652,ts="2026-04-27T12:39:09Z" 1777289951586384233
sensors,bucket=Set2,host=98e413c1bd55,topic=/Set2 C3=1659,C4=1533,W1=391,R1n=446,ts="2026-04-27T12:39:15Z" 1777289958550200997
sensors,bucket=Set1,host=98e413c1bd55,topic=/Set1 C1=1304,C2=1400,T1=20.1,R3=698,ts="2026-04-27T12:39:23Z" 1777289966389299142
sensors,bucket=Set2,host=98e413c1bd55,topic=/Set2 C3=1655,C4=1499,W1=331,R1n=454,ts="2026-04-27T12:39:30Z" 1777289973346646899
sensors,bucket=Set1,host=98e413c1bd55,topic=/Set1 C1=1304,C2=1391,T1=20.1,R3=607,ts="2026-04-27T12:39:38Z" 1777289981194693331
sensors,bucket=Set2,host=98e413c1bd55,topic=/Set2 C3=1628,C4=1566,W1=440,R1n=557,ts="2026-04-27T12:39:45Z" 1777289988150482961
sensors,bucket=Set1,host=98e413c1bd55,topic=/Set1 C1=1304,C2=1399,T1=20.1,R3=663,ts="2026-04-27T12:39:53Z" 1777289995997593042
sensors,bucket=Set2,host=98e413c1bd55,topic=/Set2 C3=1582,C4=1450,W1=364,R1n=508,ts="2026-04-27T12:40:00Z" 1777290002951894946
sensors,bucket=Set1,host=98e413c1bd55,topic=/Set1 C1=1304,C2=1400,T1=20.1,R3=649,ts="2026-04-27T12:40:08Z" 1777290010800505747
sensors,bucket=Set2,host=98e413c1bd55,topic=/Set2 C3=1673,C4=1567,W1=394,R1n=476,ts="2026-04-27T12:40:15Z" 1777290017764161146
sensors,bucket=Set1,host=98e413c1bd55,topic=/Set1 C1=1303,C2=1400,T1=20.1,R3=685,ts="2026-04-27T12:40:23Z" 1777290025607972380
sensors,bucket=Set2,host=98e413c1bd55,topic=/Set2 C3=1549,C4=1479,W1=430,R1n=559,ts="2026-04-27T12:40:29Z" 1777290032560032211
sensors,bucket=Set1,host=98e413c1bd55,topic=/Set1 C1=1304,C2=1399,T1=20.1,R3=636,ts="2026-04-27T12:40:37Z" 1777290040406990654
sensors,bucket=Set2,host=98e413c1bd55,topic=/Set2 C3=1661,C4=1496,W1=345,R1n=444,ts="2026-04-27T12:40:44Z" 1777290047372497285
sensors,bucket=Set1,host=98e413c1bd55,topic=/Set1 C1=1305,C2=1400,T1=20.1,R3=666,ts="2026-04-27T12:40:52Z" 1777290055210419576
sensors,bucket=Set2,host=98e413c1bd55,topic=/Set2 C3=1545,C4=1547,W1=442,R1n=573,ts="2026-04-27T12:40:59Z" 1777290062172396965
sensors,bucket=Set1,host=98e413c1bd55,topic=/Set1 C1=1303,C2=1400,T1=20.1,R3=647,ts="2026-04-27T12:41:07Z" 1777290070014950585
sensors,bucket=Set2,host=98e413c1bd55,topic=/Set2 C3=1656,C4=1499,W1=365,R1n=443,ts="2026-04-27T12:41:14Z" 1777290076971578485
sensors,bucket=Set1,host=98e413c1bd55,topic=/Set1 C1=1304,C2=1400,T1=20.1,R3=684,ts="2026-04-27T12:41:22Z" 1777290084822873509
sensors,bucket=Set2,host=98e413c1bd55,topic=/Set2 C3=1560,C4=1545,W1=446,R1n=573,ts="2026-04-27T12:41:29Z" 1777290091776150881
sensors,bucket=Set1,host=98e413c1bd55,topic=/Set1 C1=1304,C2=1399,T1=20.1,R3=632,ts="2026-04-27T12:41:37Z" 1777290099625506177
sensors,bucket=Set2,host=98e413c1bd55,topic=/Set2 C3=1646,C4=1498,W1=327,R1n=456,ts="2026-04-27T12:41:43Z" 1777290106581257326
sensors,bucket=Set1,host=98e413c1bd55,topic=/Set1 C1=1304,C2=1398,T1=20.1,R3=629,ts="2026-04-27T12:41:51Z" 1777290114429984798
sensors,bucket=Set2,host=98e413c1bd55,topic=/Set2 C3=1627,C4=1566,W1=428,R1n=568,ts="2026-04-27T12:41:58Z" 1777290121391166290
sensors,bucket=Set1,host=98e413c1bd55,topic=/Set1 C1=1304,C2=1391,T1=20.1,R3=685,ts="2026-04-27T12:42:06Z" 1777290129233701217
sensors,bucket=Set2,host=98e413c1bd55,topic=/Set2 C3=1614,C4=1465,W1=316,R1n=512,ts="2026-04-27T12:42:13Z" 1777290136190000234
sensors,bucket=Set1,host=98e413c1bd55,topic=/Set1 C1=1305,C2=1399,T1=20.1,R3=618,ts="2026-04-27T12:42:21Z" 1777290144034684815
sensors,bucket=Set2,host=98e413c1bd55,topic=/Set2 C3=1648,C4=1560,W1=415,R1n=522,ts="2026-04-27T12:42:28Z" 1777290150989845996
sensors,bucket=Set1,host=98e413c1bd55,topic=/Set1 C1=1304,C2=1400,T1=20.1,R3=665,ts="2026-04-27T12:42:36Z" 1777290158842450769
sensors,bucket=Set2,host=98e413c1bd55,topic=/Set2 C3=1549,C4=1462,W1=407,R1n=555,ts="2026-04-27T12:42:43Z" 1777290165793684353
sensors,bucket=Set1,host=98e413c1bd55,topic=/Set1 C1=1305,C2=1400,T1=20.1,R3=649,ts="2026-04-27T12:42:51Z" 1777290173641389673
sensors,bucket=Set2,host=98e413c1bd55,topic=/Set2 C3=1647,C4=1560,W1=394,R1n=472,ts="2026-04-27T12:42:57Z" 1777290180615433285
sensors,bucket=Set1,host=98e413c1bd55,topic=/Set1 C1=1305,C2=1400,T1=20.1,R3=634,ts="2026-04-27T12:43:05Z" 1777290188447252483
sensors,bucket=Set2,host=98e413c1bd55,topic=/Set2 C3=1544,C4=1516,W1=426,R1n=558,ts="2026-04-27T12:43:12Z" 1777290195402358346
sensors,bucket=Set1,host=98e413c1bd55,topic=/Set1 C1=1304,C2=1399,T1=20.1,R3=649,ts="2026-04-27T12:43:20Z" 1777290203247434354
sensors,bucket=Set2,host=98e413c1bd55,topic=/Set2 C3=1657,C4=1518,W1=328,R1n=442,ts="2026-04-27T12:43:27Z" 1777290210214599483
sensors,bucket=Set1,host=98e413c1bd55,topic=/Set1 C1=1304,C2=1400,T1=20.1,R3=668,ts="2026-04-27T12:43:35Z" 1777290218054030190
sensors,bucket=Set2,host=98e413c1bd55,topic=/Set2 C3=1594,C4=1552,W1=432,R1n=567,ts="2026-04-27T12:43:42Z" 1777290225013227902
sensors,bucket=Set1,host=98e413c1bd55,topic=/Set1 C1=1305,C2=1400,T1=20.1,R3=682,ts="2026-04-27T12:43:50Z" 1777290232857269430
sensors,bucket=Set2,host=98e413c1bd55,topic=/Set2 C3=1609,C4=1466,W1=318,R1n=526,ts="2026-04-27T12:43:57Z" 1777290239812289033
sensors,bucket=Set1,host=98e413c1bd55,topic=/Set1 C1=1304,C2=1399,T1=20.1,R3=680,ts="2026-04-27T12:44:05Z" 1777290247715088633
sensors,bucket=Set2,host=98e413c1bd55,topic=/Set2 C3=1643,C4=1561,W1=442,R1n=537,ts="2026-04-27T12:44:11Z" 1777290254627652004
sensors,bucket=Set1,host=98e413c1bd55,topic=/Set1 C1=1305,C2=1400,T1=20.1,R3=665,ts="2026-04-27T12:44:19Z" 1777290262465379954
sensors,bucket=Set2,host=98e413c1bd55,topic=/Set2 C3=1593,C4=1450,W1=346,R1n=520,ts="2026-04-27T12:44:26Z" 1777290269472664409
sensors,bucket=Set1,host=98e413c1bd55,topic=/Set1 C1=1305,C2=1400,T1=20.1,R3=653,ts="2026-04-27T12:44:34Z" 1777290277279819522
sensors,bucket=Set2,host=98e413c1bd55,topic=/Set2 C3=1657,C4=1564,W1=439,R1n=477,ts="2026-04-27T12:44:41Z" 1777290284222705741
sensors,bucket=Set2,host=98e413c1bd55,topic=/Set2 C3=1548,C4=1439,W1=424,R1n=571,ts="2026-04-27T12:44:56Z" 1777290299032497099
sensors,bucket=Set1,host=98e413c1bd55,topic=/Set1 C1=1305,C2=1401,T1=20.1,R3=665,ts="2026-04-27T12:45:04Z" 1777290306878027111
sensors,bucket=Set2,host=98e413c1bd55,topic=/Set2 C3=1654,C4=1565,W1=398,R1n=477,ts="2026-04-27T12:45:11Z" 1777290313831498397
sensors,bucket=Set1,host=98e413c1bd55,topic=/Set1 C1=1306,C2=1402,T1=20.1,R3=652,ts="2026-04-27T12:45:19Z" 1777290321681470339
sensors,bucket=Set2,host=98e413c1bd55,topic=/Set2 C3=1548,C4=1449,W1=426,R1n=570,ts="2026-04-27T12:45:25Z" 1777290328637437796
sensors,bucket=Set1,host=98e413c1bd55,topic=/Set1 C1=1305,C2=1400,T1=20.1,R3=649,ts="2026-04-27T12:45:33Z" 1777290336484105329
sensors,bucket=Set2,host=98e413c1bd55,topic=/Set2 C3=1659,C4=1531,W1=347,R1n=446,ts="2026-04-27T12:45:40Z" 1777290343438579931
sensors,bucket=Set1,host=98e413c1bd55,topic=/Set1 C1=1305,C2=1400,T1=20.1,R3=653,ts="2026-04-27T12:45:48Z" 1777290351288304813
sensors,bucket=Set2,host=98e413c1bd55,topic=/Set2 C3=1609,C4=1544,W1=430,R1n=568,ts="2026-04-27T12:45:55Z" 1777290358245708492
sensors,bucket=Set1,host=98e413c1bd55,topic=/Set1 C1=1305,C2=1400,T1=20.1,R3=654,ts="2026-04-27T12:46:03Z" 1777290366094618003
sensors,bucket=Set2,host=98e413c1bd55,topic=/Set2 C3=1613,C4=1452,W1=318,R1n=493,ts="2026-04-27T12:46:10Z" 1777290373045076356
sensors,bucket=Set1,host=98e413c1bd55,topic=/Set1 C1=1305,C2=1400,T1=20.1,R3=633,ts="2026-04-27T12:46:18Z" 1777290380897579124
sensors,bucket=Set2,host=98e413c1bd55,topic=/Set2 C3=1658,C4=1562,W1=432,R1n=491,ts="2026-04-27T12:46:25Z" 1777290387851925403
sensors,bucket=Set1,host=98e413c1bd55,topic=/Set1 C1=1305,C2=1400,T1=20.1,R3=670,ts="2026-04-27T12:46:33Z" 1777290395701861395
sensors,bucket=Set2,host=98e413c1bd55,topic=/Set2 C3=1544,C4=1472,W1=413,R1n=572,ts="2026-04-27T12:46:39Z" 1777290402654509618
sensors,bucket=Set1,host=98e413c1bd55,topic=/Set1 C1=1305,C2=1400,T1=20.1,R3=616,ts="2026-04-27T12:46:47Z" 1777290410557588610
sensors,bucket=Set2,host=98e413c1bd55,topic=/Set2 C3=1643,C4=1466,W1=328,R1n=443,ts="2026-04-27T12:46:54Z" 1777290417460400431
sensors,bucket=Set1,host=98e413c1bd55,topic=/Set1 C1=1304,C2=1399,T1=20.1,R3=680,ts="2026-04-27T12:47:02Z" 1777290425307608713
sensors,bucket=Set2,host=98e413c1bd55,topic=/Set2 C3=1577,C4=1455,W1=314,R1n=523,ts="2026-04-27T12:47:09Z" 1777290432268069882
sensors,bucket=Set1,host=98e413c1bd55,topic=/Set1 C1=1305,C2=1400,T1=20.1,R3=681,ts="2026-04-27T12:47:17Z" 1777290440114393293
sensors,bucket=Set2,host=98e413c1bd55,topic=/Set2 C3=1563,C4=1437,W1=415,R1n=558,ts="2026-04-27T12:47:24Z" 1777290447066786013
sensors,bucket=Set1,host=98e413c1bd55,topic=/Set1 C1=1305,C2=1401,T1=20.1,R3=697,ts="2026-04-27T12:47:32Z" 1777290455003224983
sensors,bucket=Set2,host=98e413c1bd55,topic=/Set2 C3=1657,C4=1531,W1=364,R1n=445,ts="2026-04-27T12:47:39Z" 1777290461873693601
sensors,bucket=Set1,host=98e413c1bd55,topic=/Set1 C1=1304,C2=1400,T1=20.1,R3=637,ts="2026-04-27T12:47:47Z" 1777290469721245308
sensors,bucket=Set2,host=98e413c1bd55,topic=/Set2 C3=1610,C4=1552,W1=439,R1n=542,ts="2026-04-27T12:47:53Z" 1777290476675800197
sensors,bucket=Set1,host=98e413c1bd55,topic=/Set1 C1=1305,C2=1401,T1=20.1,R3=679,ts="2026-04-27T12:48:01Z" 1777290484524164119
sensors,bucket=Set2,host=98e413c1bd55,topic=/Set2 C3=1567,C4=1452,W1=330,R1n=539,ts="2026-04-27T12:48:08Z" 1777290491477209068
sensors,bucket=Set1,host=98e413c1bd55,topic=/Set1 C1=1305,C2=1400,T1=20.1,R3=664,ts="2026-04-27T12:48:16Z" 1777290499328970706
sensors,bucket=Set2,host=98e413c1bd55,topic=/Set2 C3=1645,C4=1532,W1=377,R1n=454,ts="2026-04-27T12:48:23Z" 1777290506283188210
sensors,bucket=Set1,host=98e413c1bd55,topic=/Set1 C1=1305,C2=1400,T1=20.1,R3=669,ts="2026-04-27T12:48:31Z" 1777290514135118235
sensors,bucket=Set2,host=98e413c1bd55,topic=/Set2 C3=1608,C4=1565,W1=427,R1n=569,ts="2026-04-27T12:48:38Z" 1777290521086260325
sensors,bucket=Set1,host=98e413c1bd55,topic=/Set1 C1=1305,C2=1400,T1=20.1,R3=667,ts="2026-04-27T12:48:46Z" 1777290528934650752
sensors,bucket=Set2,host=98e413c1bd55,topic=/Set2 C3=1595,C4=1448,W1=335,R1n=543,ts="2026-04-27T12:48:53Z" 1777290535890591991
sensors,bucket=Set1,host=98e413c1bd55,topic=/Set1 C1=1305,C2=1401,T1=20.1,R3=639,ts="2026-04-27T12:49:01Z" 1777290543738781854
sensors,bucket=Set2,host=98e413c1bd55,topic=/Set2 C3=1660,C4=1561,W1=379,R1n=455,ts="2026-04-27T12:49:07Z" 1777290550695612351
sensors,bucket=Set1,host=98e413c1bd55,topic=/Set1 C1=1305,C2=1400,T1=20.1,R3=653,ts="2026-04-27T12:49:15Z" 1777290558542103699
sensors,bucket=Set2,host=98e413c1bd55,topic=/Set2 C3=1628,C4=1559,W1=428,R1n=571,ts="2026-04-27T12:49:22Z" 1777290565507349316
sensors,bucket=Set1,host=98e413c1bd55,topic=/Set1 C1=1305,C2=1400,T1=20.1,R3=685,ts="2026-04-27T12:49:30Z" 1777290573347629168
sensors,bucket=Set2,host=98e413c1bd55,topic=/Set2 C3=1577,C4=1454,W1=334,R1n=539,ts="2026-04-27T12:49:37Z" 1777290580299485301
sensors,bucket=Set1,host=98e413c1bd55,topic=/Set1 C1=1305,C2=1400,T1=20.1,R3=651,ts="2026-04-27T12:49:45Z" 1777290588155307179
sensors,bucket=Set2,host=98e413c1bd55,topic=/Set2 C3=1658,C4=1548,W1=383,R1n=454,ts="2026-04-27T12:49:52Z" 1777290595113114862
sensors,bucket=Set1,host=98e413c1bd55,topic=/Set1 C1=1305,C2=1401,T1=20,R3=682,ts="2026-04-27T12:50:00Z" 1777290602955290734
sensors,bucket=Set2,host=98e413c1bd55,topic=/Set2 C3=1613,C4=1561,W1=440,R1n=551,ts="2026-04-27T12:50:07Z" 1777290609910480122
sensors,bucket=Set1,host=98e413c1bd55,topic=/Set1 C1=1305,C2=1400,T1=20.1,R3=652,ts="2026-04-27T12:50:15Z" 1777290617756773921
sensors,bucket=Set2,host=98e413c1bd55,topic=/Set2 C3=1577,C4=1448,W1=374,R1n=542,ts="2026-04-27T12:50:21Z" 1777290624716124235
sensors,bucket=Set1,host=98e413c1bd55,topic=/Set1 C1=1304,C2=1400,T1=20.1,R3=666,ts="2026-04-27T12:50:29Z" 1777290632571809141
sensors,bucket=Set2,host=98e413c1bd55,topic=/Set2 C3=1658,C4=1547,W1=378,R1n=453,ts="2026-04-27T12:50:36Z" 1777290639520507961
sensors,bucket=Set1,host=98e413c1bd55,topic=/Set1 C1=1305,C2=1399,T1=20.1,R3=668,ts="2026-04-27T12:50:44Z" 1777290647366875296
sensors,bucket=Set2,host=98e413c1bd55,topic=/Set2 C3=1626,C4=1560,W1=431,R1n=554,ts="2026-04-27T12:50:51Z" 1777290654321565726
sensors,bucket=Set1,host=98e413c1bd55,topic=/Set1 C1=1305,C2=1400,T1=20.1,R3=615,ts="2026-04-27T12:50:59Z" 1777290662169693259
sensors,bucket=Set2,host=98e413c1bd55,topic=/Set2 C3=1576,C4=1447,W1=380,R1n=558,ts="2026-04-27T12:51:06Z" 1777290669123457484
sensors,bucket=Set1,host=98e413c1bd55,topic=/Set1 C1=1305,C2=1401,T1=20.1,R3=669,ts="2026-04-27T12:51:14Z" 1777290676973363929
sensors,bucket=Set2,host=98e413c1bd55,topic=/Set2 C3=1662,C4=1480,W1=330,R1n=444,ts="2026-04-27T12:51:21Z" 1777290683929353177
sensors,bucket=Set1,host=98e413c1bd55,topic=/Set1 C1=1305,C2=1401,T1=20.1,R3=670,ts="2026-04-27T12:51:29Z" 1777290691776390403
sensors,bucket=Set2,host=98e413c1bd55,topic=/Set2 C3=1643,C4=1561,W1=428,R1n=491,ts="2026-04-27T12:51:35Z" 1777290698741281990
sensors,bucket=Set1,host=98e413c1bd55,topic=/Set1 C1=1305,C2=1400,T1=20.1,R3=634,ts="2026-04-27T12:51:43Z" 1777290706581454629
sensors,bucket=Set2,host=98e413c1bd55,topic=/Set2 C3=1546,C4=1468,W1=399,R1n=571,ts="2026-04-27T12:51:50Z" 1777290713552845655
sensors,bucket=Set1,host=98e413c1bd55,topic=/Set1 C1=1305,C2=1400,T1=20.1,R3=655,ts="2026-04-27T12:51:58Z" 1777290721387925339
sensors,bucket=Set2,host=98e413c1bd55,topic=/Set2 C3=1646,C4=1495,W1=330,R1n=441,ts="2026-04-27T12:52:05Z" 1777290728342385436
sensors,bucket=Set1,host=98e413c1bd55,topic=/Set1 C1=1304,C2=1399,T1=20.1,R3=701,ts="2026-04-27T12:52:13Z" 1777290736190714078
sensors,bucket=Set2,host=98e413c1bd55,topic=/Set2 C3=1661,C4=1563,W1=442,R1n=507,ts="2026-04-27T12:52:20Z" 1777290743150119766
sensors,bucket=Set1,host=98e413c1bd55,topic=/Set1 C1=1304,C2=1400,T1=20.1,R3=652,ts="2026-04-27T12:52:28Z" 1777290750995784337
sensors,bucket=Set2,host=98e413c1bd55,topic=/Set2 C3=1568,C4=1528,W1=440,R1n=568,ts="2026-04-27T12:52:35Z" 1777290757955029949
sensors,bucket=Set1,host=98e413c1bd55,topic=/Set1 C1=1305,C2=1399,T1=20.1,R3=664,ts="2026-04-27T12:52:43Z" 1777290765798838040
sensors,bucket=Set2,host=98e413c1bd55,topic=/Set2 C3=1623,C4=1468,W1=319,R1n=445,ts="2026-04-27T12:52:49Z" 1777290772761878913
sensors,bucket=Set1,host=98e413c1bd55,topic=/Set1 C1=1305,C2=1401,T1=20,R3=633,ts="2026-04-27T12:52:57Z" 1777290780600896680
sensors,bucket=Set2,host=98e413c1bd55,topic=/Set2 C3=1664,C4=1561,W1=350,R1n=464,ts="2026-04-27T12:53:04Z" 1777290787557376665
sensors,bucket=Set1,host=98e413c1bd55,topic=/Set1 C1=1304,C2=1400,T1=20.1,R3=672,ts="2026-04-27T12:53:12Z" 1777290795408202012
sensors,bucket=Set2,host=98e413c1bd55,topic=/Set2 C3=1625,C4=1562,W1=441,R1n=569,ts="2026-04-27T12:53:19Z" 1777290802360596619
sensors,bucket=Set1,host=98e413c1bd55,topic=/Set1 C1=1304,C2=1399,T1=20.1,R3=684,ts="2026-04-27T12:53:27Z" 1777290810210973013
sensors,bucket=Set2,host=98e413c1bd55,topic=/Set2 C3=1550,C4=1454,W1=376,R1n=555,ts="2026-04-27T12:53:34Z" 1777290817164032315
sensors,bucket=Set1,host=98e413c1bd55,topic=/Set1 C1=1305,C2=1400,T1=20.1,R3=654,ts="2026-04-27T12:53:42Z" 1777290825014142514
sensors,bucket=Set2,host=98e413c1bd55,topic=/Set2 C3=1660,C4=1518,W1=348,R1n=443,ts="2026-04-27T12:53:49Z" 1777290831970243181
sensors,bucket=Set1,host=98e413c1bd55,topic=/Set1 C1=1304,C2=1400,T1=20.1,R3=664,ts="2026-04-27T12:53:57Z" 1777290839818372025
sensors,bucket=Set2,host=98e413c1bd55,topic=/Set2 C3=1661,C4=1566,W1=412,R1n=504,ts="2026-04-27T12:54:03Z" 1777290846774140259
sensors,bucket=Set1,host=98e413c1bd55,topic=/Set1 C1=1305,C2=1400,T1=20.1,R3=620,ts="2026-04-27T12:54:11Z" 1777290854620689627
sensors,bucket=Set2,host=98e413c1bd55,topic=/Set2 C3=1559,C4=1545,W1=442,R1n=569,ts="2026-04-27T12:54:18Z" 1777290861579455384
sensors,bucket=Set1,host=98e413c1bd55,topic=/Set1 C1=1305,C2=1400,T1=20.1,R3=686,ts="2026-04-27T12:54:26Z" 1777290869423998764
sensors,bucket=Set2,host=98e413c1bd55,topic=/Set2 C3=1576,C4=1448,W1=318,R1n=557,ts="2026-04-27T12:54:33Z" 1777290876385483200
sensors,bucket=Set1,host=98e413c1bd55,topic=/Set1 C1=1306,C2=1400,T1=20,R3=680,ts="2026-04-27T12:54:41Z" 1777290884231546532
sensors,bucket=Set2,host=98e413c1bd55,topic=/Set2 C3=1662,C4=1514,W1=335,R1n=444,ts="2026-04-27T12:54:48Z" 1777290891185192543
sensors,bucket=Set2,host=98e413c1bd55,topic=/Set2 C3=1658,C4=1567,W1=423,R1n=507,ts="2026-04-27T12:55:03Z" 1777290905990630141
sensors,bucket=Set1,host=98e413c1bd55,topic=/Set1 C1=1305,C2=1401,T1=20.1,R3=666,ts="2026-04-27T12:55:11Z" 1777290913836402799
sensors,bucket=Set2,host=98e413c1bd55,topic=/Set2 C3=1535,C4=1547,W1=414,R1n=573,ts="2026-04-27T12:55:17Z" 1777290920803578767
sensors,bucket=Set1,host=98e413c1bd55,topic=/Set1 C1=1303,C2=1400,T1=20,R3=665,ts="2026-04-27T12:55:25Z" 1777290928642912258
sensors,bucket=Set2,host=98e413c1bd55,topic=/Set2 C3=1580,C4=1453,W1=349,R1n=555,ts="2026-04-27T12:55:32Z" 1777290935601124687
sensors,bucket=Set1,host=98e413c1bd55,topic=/Set1 C1=1305,C2=1401,T1=20,R3=617,ts="2026-04-27T12:55:40Z" 1777290943447457561
sensors,bucket=Set2,host=98e413c1bd55,topic=/Set2 C3=1658,C4=1483,W1=333,R1n=445,ts="2026-04-27T12:55:47Z" 1777290950399054038
sensors,bucket=Set1,host=98e413c1bd55,topic=/Set1 C1=1305,C2=1400,T1=20.1,R3=634,ts="2026-04-27T12:55:55Z" 1777290958248928641
sensors,bucket=Set2,host=98e413c1bd55,topic=/Set2 C3=1661,C4=1562,W1=398,R1n=478,ts="2026-04-27T12:56:02Z" 1777290965204017700
sensors,bucket=Set1,host=98e413c1bd55,topic=/Set1 C1=1305,C2=1400,T1=20,R3=665,ts="2026-04-27T12:56:10Z" 1777290973056561452
sensors,bucket=Set2,host=98e413c1bd55,topic=/Set2 C3=1646,C4=1568,W1=413,R1n=506,ts="2026-04-27T12:56:17Z" 1777290980007579157
sensors,bucket=Set1,host=98e413c1bd55,topic=/Set1 C1=1305,C2=1400,T1=20,R3=666,ts="2026-04-27T12:56:25Z" 1777290987857278545
sensors,bucket=Set2,host=98e413c1bd55,topic=/Set2 C3=1558,C4=1529,W1=430,R1n=569,ts="2026-04-27T12:56:31Z" 1777290994813690952
sensors,bucket=Set1,host=98e413c1bd55,topic=/Set1 C1=1305,C2=1400,T1=20.1,R3=636,ts="2026-04-27T12:56:39Z" 1777291002661114270
sensors,bucket=Set2,host=98e413c1bd55,topic=/Set2 C3=1560,C4=1454,W1=413,R1n=569,ts="2026-04-27T12:56:46Z" 1777291009618079198
sensors,bucket=Set1,host=98e413c1bd55,topic=/Set1 C1=1305,C2=1400,T1=20,R3=648,ts="2026-04-27T12:56:54Z" 1777291017466124409
sensors,bucket=Set2,host=98e413c1bd55,topic=/Set2 C3=1629,C4=1480,W1=317,R1n=445,ts="2026-04-27T12:57:01Z" 1777291024429570583
sensors,bucket=Set1,host=98e413c1bd55,topic=/Set1 C1=1305,C2=1400,T1=20,R3=629,ts="2026-04-27T12:57:09Z" 1777291032273116611
sensors,bucket=Set2,host=98e413c1bd55,topic=/Set2 C3=1658,C4=1565,W1=398,R1n=461,ts="2026-04-27T12:57:16Z" 1777291039233647727
sensors,bucket=Set1,host=98e413c1bd55,topic=/Set1 C1=1306,C2=1400,T1=20.1,R3=681,ts="2026-04-27T12:57:24Z" 1777291047091966551
sensors,bucket=Set2,host=98e413c1bd55,topic=/Set2 C3=1581,C4=1551,W1=440,R1n=567,ts="2026-04-27T12:57:31Z" 1777291054036693355
sensors,bucket=Set1,host=98e413c1bd55,topic=/Set1 C1=1305,C2=1400,T1=20.1,R3=617,ts="2026-04-27T12:57:39Z" 1777291061879241447
sensors,bucket=Set2,host=98e413c1bd55,topic=/Set2 C3=1568,C4=1439,W1=363,R1n=555,ts="2026-04-27T12:57:45Z" 1777291068841412120
sensors,bucket=Set1,host=98e413c1bd55,topic=/Set1 C1=1305,C2=1399,T1=20,R3=637,ts="2026-04-27T12:57:53Z" 1777291076682338580
sensors,bucket=Set2,host=98e413c1bd55,topic=/Set2 C3=1656,C4=1483,W1=332,R1n=443,ts="2026-04-27T12:58:00Z" 1777291083639696024
sensors,bucket=Set1,host=98e413c1bd55,topic=/Set1 C1=1304,C2=1400,T1=20.1,R3=639,ts="2026-04-27T12:58:08Z" 1777291091486761154
sensors,bucket=Set2,host=98e413c1bd55,topic=/Set2 C3=1662,C4=1562,W1=429,R1n=508,ts="2026-04-27T12:58:15Z" 1777291098442160161
sensors,bucket=Set1,host=98e413c1bd55,topic=/Set1 C1=1304,C2=1400,T1=20.1,R3=634,ts="2026-04-27T12:58:23Z" 1777291106293337215
sensors,bucket=Set2,host=98e413c1bd55,topic=/Set2 C3=1544,C4=1517,W1=440,R1n=558,ts="2026-04-27T12:58:30Z" 1777291113245738344
sensors,bucket=Set1,host=98e413c1bd55,topic=/Set1 C1=1305,C2=1400,T1=20,R3=616,ts="2026-04-27T12:58:38Z" 1777291121098835336
sensors,bucket=Set2,host=98e413c1bd55,topic=/Set2 C3=1598,C4=1470,W1=319,R1n=526,ts="2026-04-27T12:58:45Z" 1777291128058345286
sensors,bucket=Set1,host=98e413c1bd55,topic=/Set1 C1=1305,C2=1400,T1=20,R3=631,ts="2026-04-27T12:58:53Z" 1777291135897319322
sensors,bucket=Set2,host=98e413c1bd55,topic=/Set2 C3=1657,C4=1551,W1=383,R1n=460,ts="2026-04-27T12:58:59Z" 1777291142868167779
sensors,bucket=Set1,host=98e413c1bd55,topic=/Set1 C1=1305,C2=1400,T1=20.1,R3=639,ts="2026-04-27T12:59:07Z" 1777291150715434954
sensors,bucket=Set2,host=98e413c1bd55,topic=/Set2 C3=1626,C4=1560,W1=440,R1n=558,ts="2026-04-27T12:59:14Z" 1777291157665896211
sensors,bucket=Set1,host=98e413c1bd55,topic=/Set1 C1=1306,C2=1400,T1=20.1,R3=604,ts="2026-04-27T12:59:22Z" 1777291165509618989
sensors,bucket=Set2,host=98e413c1bd55,topic=/Set2 C3=1559,C4=1453,W1=408,R1n=570,ts="2026-04-27T12:59:29Z" 1777291172466386644
sensors,bucket=Set1,host=98e413c1bd55,topic=/Set1 C1=1305,C2=1400,T1=20,R3=637,ts="2026-04-27T12:59:37Z" 1777291180312799727
sensors,bucket=Set2,host=98e413c1bd55,topic=/Set2 C3=1661,C4=1530,W1=350,R1n=442,ts="2026-04-27T12:59:44Z" 1777291187270995330
sensors,bucket=Set1,host=98e413c1bd55,topic=/Set1 C1=1304,C2=1400,T1=20,R3=620,ts="2026-04-27T12:59:52Z" 1777291195115590716
sensors,bucket=Set2,host=98e413c1bd55,topic=/Set2 C3=1648,C4=1560,W1=429,R1n=541,ts="2026-04-27T12:59:59Z" 1777291202070739907
sensors,bucket=Set1,host=98e413c1bd55,topic=/Set1 C1=1304,C2=1399,T1=20,R3=637,ts="2026-04-27T13:00:07Z" 1777291209921769521
sensors,bucket=Set2,host=98e413c1bd55,topic=/Set2 C3=1552,C4=1469,W1=399,R1n=559,ts="2026-04-27T13:00:13Z" 1777291216874496340
sensors,bucket=Set1,host=98e413c1bd55,topic=/Set1 C1=1304,C2=1400,T1=20.1,R3=607,ts="2026-04-27T13:00:21Z" 1777291224723567354
sensors,bucket=Set2,host=98e413c1bd55,topic=/Set2 C3=1627,C4=1484,W1=326,R1n=489,ts="2026-04-27T13:00:28Z" 1777291231681605330
sensors,bucket=Set1,host=98e413c1bd55,topic=/Set1 C1=1304,C2=1399,T1=20.1,R3=624,ts="2026-04-27T13:00:36Z" 1777291239530784817
sensors,bucket=Set2,host=98e413c1bd55,topic=/Set2 C3=1659,C4=1563,W1=382,R1n=489,ts="2026-04-27T13:00:43Z" 1777291246487656513
sensors,bucket=Set1,host=98e413c1bd55,topic=/Set1 C1=1304,C2=1400,T1=20.1,R3=623,ts="2026-04-27T13:00:51Z" 1777291254329990521
sensors,bucket=Set2,host=98e413c1bd55,topic=/Set2 C3=1629,C4=1568,W1=438,R1n=568,ts="2026-04-27T13:00:58Z" 1777291261287369195
sensors,bucket=Set1,host=98e413c1bd55,topic=/Set1 C1=1304,C2=1399,T1=20.1,R3=589,ts="2026-04-27T13:01:06Z" 1777291269137276528
sensors,bucket=Set1,host=98e413c1bd55,topic=/Set1 C1=1305,C2=1400,T1=20.1,R3=647,ts="2026-04-27T13:01:21Z" 1777291283941149453
sensors,bucket=Set2,host=98e413c1bd55,topic=/Set2 C3=1628,C4=1502,W1=316,R1n=445,ts="2026-04-27T13:01:27Z" 1777291290892804222
sensors,bucket=Set1,host=98e413c1bd55,topic=/Set1 C1=1305,C2=1400,T1=20,R3=637,ts="2026-04-27T13:01:35Z" 1777291298745795123
sensors,bucket=Set2,host=98e413c1bd55,topic=/Set2 C3=1644,C4=1562,W1=358,R1n=478,ts="2026-04-27T13:01:42Z" 1777291305701111118
sensors,bucket=Set1,host=98e413c1bd55,topic=/Set1 C1=1304,C2=1400,T1=20,R3=621,ts="2026-04-27T13:01:50Z" 1777291313550150334
sensors,bucket=Set2,host=98e413c1bd55,topic=/Set2 C3=1657,C4=1575,W1=425,R1n=553,ts="2026-04-27T13:01:57Z" 1777291320501547718
sensors,bucket=Set1,host=98e413c1bd55,topic=/Set1 C1=1305,C2=1400,T1=20,R3=636,ts="2026-04-27T13:02:05Z" 1777291328351478861
sensors,bucket=Set2,host=98e413c1bd55,topic=/Set2 C3=1626,C4=1567,W1=444,R1n=539,ts="2026-04-27T13:02:12Z" 1777291335304953389
sensors,bucket=Set1,host=98e413c1bd55,topic=/Set1 C1=1305,C2=1400,T1=20.1,R3=620,ts="2026-04-27T13:02:20Z" 1777291343206790776
sensors,bucket=Set2,host=98e413c1bd55,topic=/Set2 C3=1546,C4=1516,W1=414,R1n=568,ts="2026-04-27T13:02:27Z" 1777291350114961484
sensors,bucket=Set1,host=98e413c1bd55,topic=/Set1 C1=1304,C2=1400,T1=20.1,R3=640,ts="2026-04-27T13:02:35Z" 1777291357960236758
sensors,bucket=Set2,host=98e413c1bd55,topic=/Set2 C3=1581,C4=1452,W1=329,R1n=528,ts="2026-04-27T13:02:41Z" 1777291364961731562
sensors,bucket=Set1,host=98e413c1bd55,topic=/Set1 C1=1305,C2=1400,T1=20.1,R3=639,ts="2026-04-27T13:02:49Z" 1777291372766855758
sensors,bucket=Set2,host=98e413c1bd55,topic=/Set2 C3=1643,C4=1487,W1=344,R1n=458,ts="2026-04-27T13:02:56Z" 1777291379734877948
sensors,bucket=Set1,host=98e413c1bd55,topic=/Set1 C1=1304,C2=1400,T1=20,R3=622,ts="2026-04-27T13:03:04Z" 1777291387569893908
sensors,bucket=Set2,host=98e413c1bd55,topic=/Set2 C3=1544,C4=1514,W1=424,R1n=569,ts="2026-04-27T13:03:11Z" 1777291394522467126
sensors,bucket=Set1,host=98e413c1bd55,topic=/Set1 C1=1304,C2=1400,T1=20,R3=638,ts="2026-04-27T13:03:19Z" 1777291402428438304
sensors,bucket=Set2,host=98e413c1bd55,topic=/Set2 C3=1656,C4=1563,W1=411,R1n=504,ts="2026-04-27T13:03:26Z" 1777291409328239904
sensors,bucket=Set1,host=98e413c1bd55,topic=/Set1 C1=1305,C2=1400,T1=20,R3=622,ts="2026-04-27T13:03:34Z" 1777291417186714154
sensors,bucket=Set2,host=98e413c1bd55,topic=/Set2 C3=1592,C4=1563,W1=427,R1n=550,ts="2026-04-27T13:03:41Z" 1777291424132450566
sensors,bucket=Set1,host=98e413c1bd55,topic=/Set1 C1=1305,C2=1400,T1=20,R3=607,ts="2026-04-27T13:03:49Z" 1777291431983149407
sensors,bucket=Set2,host=98e413c1bd55,topic=/Set2 C3=1565,C4=1449,W1=378,R1n=571,ts="2026-04-27T13:03:55Z" 1777291438940694087
sensors,bucket=Set1,host=98e413c1bd55,topic=/Set1 C1=1305,C2=1400,T1=20,R3=606,ts="2026-04-27T13:04:03Z" 1777291446814777163
sensors,bucket=Set2,host=98e413c1bd55,topic=/Set2 C3=1659,C4=1535,W1=347,R1n=447,ts="2026-04-27T13:04:10Z" 1777291453766883443
sensors,bucket=Set1,host=98e413c1bd55,topic=/Set1 C1=1305,C2=1399,T1=20,R3=608,ts="2026-04-27T13:04:18Z" 1777291461636722004
sensors,bucket=Set2,host=98e413c1bd55,topic=/Set2 C3=1643,C4=1564,W1=441,R1n=537,ts="2026-04-27T13:04:25Z" 1777291468611831206
sensors,bucket=Set1,host=98e413c1bd55,topic=/Set1 C1=1304,C2=1400,T1=20.1,R3=633,ts="2026-04-27T13:04:33Z" 1777291476403879625
sensors,bucket=Set2,host=98e413c1bd55,topic=/Set2 C3=1544,C4=1544,W1=440,R1n=574,ts="2026-04-27T13:04:40Z" 1777291483348048031
sensors,bucket=Set1,host=98e413c1bd55,topic=/Set1 C1=1305,C2=1400,T1=20,R3=634,ts="2026-04-27T13:04:48Z" 1777291491201360507
sensors,bucket=Set2,host=98e413c1bd55,topic=/Set2 C3=1549,C4=1446,W1=392,R1n=568,ts="2026-04-27T13:04:55Z" 1777291498155554687
sensors,bucket=Set1,host=98e413c1bd55,topic=/Set1 C1=1305,C2=1400,T1=20,R3=631,ts="2026-04-27T13:05:03Z" 1777291506003331219
sensors,bucket=Set2,host=98e413c1bd55,topic=/Set2 C3=1623,C4=1468,W1=319,R1n=443,ts="2026-04-27T13:05:09Z" 1777291512957612913
sensors,bucket=Set1,host=98e413c1bd55,topic=/Set1 C1=1306,C2=1400,T1=20.1,R3=634,ts="2026-04-27T13:05:17Z" 1777291520817807960
sensors,bucket=Set2,host=98e413c1bd55,topic=/Set2 C3=1672,C4=1560,W1=367,R1n=457,ts="2026-04-27T13:05:24Z" 1777291527760478064
sensors,bucket=Set1,host=98e413c1bd55,topic=/Set1 C1=1304,C2=1399,T1=20.1,R3=621,ts="2026-04-27T13:05:32Z" 1777291535614904837
sensors,bucket=Set2,host=98e413c1bd55,topic=/Set2 C3=1642,C4=1567,W1=440,R1n=510,ts="2026-04-27T13:05:39Z" 1777291542565343192
sensors,bucket=Set1,host=98e413c1bd55,topic=/Set1 C1=1305,C2=1400,T1=20.1,R3=634,ts="2026-04-27T13:05:47Z" 1777291550414946960
sensors,bucket=Set2,host=98e413c1bd55,topic=/Set2 C3=1551,C4=1546,W1=423,R1n=553,ts="2026-04-27T13:05:54Z" 1777291557369631857
sensors,bucket=Set1,host=98e413c1bd55,topic=/Set1 C1=1305,C2=1400,T1=20.1,R3=620,ts="2026-04-27T13:06:02Z" 1777291565240031720
sensors,bucket=Set2,host=98e413c1bd55,topic=/Set2 C3=1568,C4=1438,W1=408,R1n=571,ts="2026-04-27T13:06:09Z" 1777291572208158347
sensors,bucket=Set1,host=98e413c1bd55,topic=/Set1 C1=1305,C2=1400,T1=20,R3=632,ts="2026-04-27T13:06:17Z" 1777291580023865753
sensors,bucket=Set2,host=98e413c1bd55,topic=/Set2 C3=1582,C4=1452,W1=327,R1n=524,ts="2026-04-27T13:06:23Z" 1777291586981077756
sensors,bucket=Set1,host=98e413c1bd55,topic=/Set1 C1=1305,C2=1400,T1=20.1,R3=640,ts="2026-04-27T13:06:31Z" 1777291594833774131
sensors,bucket=Set2,host=98e413c1bd55,topic=/Set2 C3=1632,C4=1486,W1=334,R1n=460,ts="2026-04-27T13:06:38Z" 1777291601782325513
sensors,bucket=Set1,host=98e413c1bd55,topic=/Set1 C1=1304,C2=1400,T1=20,R3=649,ts="2026-04-27T13:06:46Z" 1777291609633037513
sensors,bucket=Set2,host=98e413c1bd55,topic=/Set2 C3=1660,C4=1548,W1=367,R1n=446,ts="2026-04-27T13:06:53Z" 1777291616587770256
sensors,bucket=Set1,host=98e413c1bd55,topic=/Set1 C1=1306,C2=1400,T1=20.1,R3=646,ts="2026-04-27T13:07:01Z" 1777291624439184585
sensors,bucket=Set2,host=98e413c1bd55,topic=/Set2 C3=1630,C4=1575,W1=441,R1n=522,ts="2026-04-27T13:07:08Z" 1777291631390785046
sensors,bucket=Set1,host=98e413c1bd55,topic=/Set1 C1=1305,C2=1400,T1=20,R3=631,ts="2026-04-27T13:07:16Z" 1777291639243173815
sensors,bucket=Set2,host=98e413c1bd55,topic=/Set2 C3=1547,C4=1440,W1=422,R1n=558,ts="2026-04-27T13:07:23Z" 1777291646198126238
sensors,bucket=Set1,host=98e413c1bd55,topic=/Set1 C1=1305,C2=1400,T1=20,R3=632,ts="2026-04-27T13:07:31Z" 1777291654047535039
sensors,bucket=Set2,host=98e413c1bd55,topic=/Set2 C3=1597,C4=1479,W1=316,R1n=521,ts="2026-04-27T13:07:37Z" 1777291661000688991
sensors,bucket=Set1,host=98e413c1bd55,topic=/Set1 C1=1306,C2=1401,T1=20,R3=632,ts="2026-04-27T13:07:45Z" 1777291668848841982
sensors,bucket=Set1,host=98e413c1bd55,topic=/Set1 C1=1307,C2=1402,T1=20,R3=600,ts="2026-04-27T13:08:02Z" 1777291685865539083
sensors,bucket=Set2,host=98e413c1bd55,topic=/Set2 C3=1643,C4=1566,W1=414,R1n=509,ts="2026-04-27T13:08:07Z" 1777291690612906487
sensors,bucket=Set1,host=98e413c1bd55,topic=/Set1 C1=1305,C2=1401,T1=20,R3=619,ts="2026-04-27T13:08:17Z" 1777291700679544508
sensors,bucket=Set2,host=98e413c1bd55,topic=/Set2 C3=1631,C4=1552,W1=430,R1n=576,ts="2026-04-27T13:08:22Z" 1777291705417486382
sensors,bucket=Set1,host=98e413c1bd55,topic=/Set1 C1=1306,C2=1400,T1=20,R3=589,ts="2026-04-27T13:08:32Z" 1777291715473411096
sensors,bucket=Set2,host=98e413c1bd55,topic=/Set2 C3=1548,C4=1546,W1=439,R1n=556,ts="2026-04-27T13:08:37Z" 1777291720220369572
sensors,bucket=Set1,host=98e413c1bd55,topic=/Set1 C1=1305,C2=1401,T1=20,R3=605,ts="2026-04-27T13:08:47Z" 1777291730279048062
sensors,bucket=Set2,host=98e413c1bd55,topic=/Set2 C3=1544,C4=1465,W1=412,R1n=574,ts="2026-04-27T13:08:51Z" 1777291735040103276
sensors,bucket=Set1,host=98e413c1bd55,topic=/Set1 C1=1304,C2=1400,T1=20.1,R3=606,ts="2026-04-27T13:09:02Z" 1777291745082754148
sensors,bucket=Set2,host=98e413c1bd55,topic=/Set2 C3=1574,C4=1447,W1=347,R1n=542,ts="2026-04-27T13:09:06Z" 1777291749829063322
sensors,bucket=Set1,host=98e413c1bd55,topic=/Set1 C1=1306,C2=1400,T1=20,R3=623,ts="2026-04-27T13:09:16Z" 1777291759892432440
sensors,bucket=Set2,host=98e413c1bd55,topic=/Set2 C3=1630,C4=1487,W1=325,R1n=444,ts="2026-04-27T13:09:21Z" 1777291764639339525
sensors,bucket=Set1,host=98e413c1bd55,topic=/Set1 C1=1305,C2=1400,T1=20,R3=637,ts="2026-04-27T13:09:31Z" 1777291774695602052
sensors,bucket=Set2,host=98e413c1bd55,topic=/Set2 C3=1657,C4=1561,W1=366,R1n=457,ts="2026-04-27T13:09:36Z" 1777291779443370725
sensors,bucket=Set1,host=98e413c1bd55,topic=/Set1 C1=1305,C2=1400,T1=20.1,R3=623,ts="2026-04-27T13:09:46Z" 1777291791130758829
sensors,bucket=Set2,host=98e413c1bd55,topic=/Set2 C3=1659,C4=1561,W1=429,R1n=487,ts="2026-04-27T13:09:51Z" 1777291794243517681
sensors,bucket=Set1,host=98e413c1bd55,topic=/Set1 C1=1305,C2=1402,T1=20.1,R3=622,ts="2026-04-27T13:10:01Z" 1777291804302811826
sensors,bucket=Set2,host=98e413c1bd55,topic=/Set2 C3=1631,C4=1565,W1=428,R1n=540,ts="2026-04-27T13:10:05Z" 1777291809045818177
sensors,bucket=Set1,host=98e413c1bd55,topic=/Set1 C1=1305,C2=1402,T1=20,R3=621,ts="2026-04-27T13:10:16Z" 1777291819116492885
sensors,bucket=Set2,host=98e413c1bd55,topic=/Set2 C3=1614,C4=1560,W1=443,R1n=568,ts="2026-04-27T13:10:20Z" 1777291823851424416
sensors,bucket=Set1,host=98e413c1bd55,topic=/Set1 C1=1306,C2=1400,T1=20,R3=621,ts="2026-04-27T13:10:30Z" 1777291833939215809
sensors,bucket=Set2,host=98e413c1bd55,topic=/Set2 C3=1550,C4=1532,W1=425,R1n=569,ts="2026-04-27T13:10:35Z" 1777291838656472843
sensors,bucket=Set1,host=98e413c1bd55,topic=/Set1 C1=1305,C2=1400,T1=20,R3=637,ts="2026-04-27T13:10:45Z" 1777291848715052633
sensors,bucket=Set2,host=98e413c1bd55,topic=/Set2 C3=1548,C4=1469,W1=408,R1n=573,ts="2026-04-27T13:10:50Z" 1777291853462815498
sensors,bucket=Set1,host=98e413c1bd55,topic=/Set1 C1=1305,C2=1401,T1=20,R3=621,ts="2026-04-27T13:11:00Z" 1777291863518543633
sensors,bucket=Set2,host=98e413c1bd55,topic=/Set2 C3=1594,C4=1439,W1=328,R1n=542,ts="2026-04-27T13:11:05Z" 1777291868265934658
sensors,bucket=Set1,host=98e413c1bd55,topic=/Set1 C1=1305,C2=1401,T1=20,R3=622,ts="2026-04-27T13:11:15Z" 1777291878322299544
sensors,bucket=Set2,host=98e413c1bd55,topic=/Set2 C3=1607,C4=1482,W1=316,R1n=534,ts="2026-04-27T13:11:19Z" 1777291883069537057
sensors,bucket=Set1,host=98e413c1bd55,topic=/Set1 C1=1305,C2=1400,T1=20,R3=631,ts="2026-04-27T13:11:30Z" 1777291893127999871
sensors,bucket=Set2,host=98e413c1bd55,topic=/Set2 C3=1642,C4=1484,W1=330,R1n=444,ts="2026-04-27T13:11:34Z" 1777291897876129686
sensors,bucket=Set1,host=98e413c1bd55,topic=/Set1 C1=1304,C2=1401,T1=20.1,R3=638,ts="2026-04-27T13:11:44Z" 1777291907943761199
sensors,bucket=Set2,host=98e413c1bd55,topic=/Set2 C3=1671,C4=1563,W1=352,R1n=471,ts="2026-04-27T13:11:49Z" 1777291912676294701
sensors,bucket=Set1,host=98e413c1bd55,topic=/Set1 C1=1306,C2=1401,T1=20,R3=646,ts="2026-04-27T13:11:59Z" 1777291922736391189
sensors,bucket=Set2,host=98e413c1bd55,topic=/Set2 C3=1658,C4=1560,W1=412,R1n=512,ts="2026-04-27T13:12:04Z" 1777291927484368397
sensors,bucket=Set1,host=98e413c1bd55,topic=/Set1 C1=1306,C2=1400,T1=20,R3=620,ts="2026-04-27T13:12:14Z" 1777291937540573622
sensors,bucket=Set2,host=98e413c1bd55,topic=/Set2 C3=1639,C4=1565,W1=444,R1n=553,ts="2026-04-27T13:12:19Z" 1777291942287248361
sensors,bucket=Set1,host=98e413c1bd55,topic=/Set1 C1=1305,C2=1400,T1=20,R3=623,ts="2026-04-27T13:12:29Z" 1777291952342891831
sensors,bucket=Set2,host=98e413c1bd55,topic=/Set2 C3=1596,C4=1567,W1=430,R1n=560,ts="2026-04-27T13:12:33Z" 1777291957091107822
sensors,bucket=Set1,host=98e413c1bd55,topic=/Set1 C1=1305,C2=1400,T1=20,R3=618,ts="2026-04-27T13:12:44Z" 1777291967151210525
sensors,bucket=Set2,host=98e413c1bd55,topic=/Set2 C3=1533,C4=1533,W1=428,R1n=569,ts="2026-04-27T13:12:48Z" 1777291971896026140
sensors,bucket=Set1,host=98e413c1bd55,topic=/Set1 C1=1306,C2=1400,T1=20.1,R3=623,ts="2026-04-27T13:12:58Z" 1777291981953535052
sensors,bucket=Set2,host=98e413c1bd55,topic=/Set2 C3=1542,C4=1517,W1=448,R1n=568,ts="2026-04-27T13:13:03Z" 1777291986699628233
sensors,bucket=Set1,host=98e413c1bd55,topic=/Set1 C1=1305,C2=1401,T1=20.1,R3=605,ts="2026-04-27T13:13:13Z" 1777291996757694014
sensors,bucket=Set2,host=98e413c1bd55,topic=/Set2 C3=1542,C4=1486,W1=415,R1n=571,ts="2026-04-27T13:13:18Z" 1777292001505259531
sensors,bucket=Set1,host=98e413c1bd55,topic=/Set1 C1=1306,C2=1401,T1=20.1,R3=633,ts="2026-04-27T13:13:28Z" 1777292011561571682
sensors,bucket=Set2,host=98e413c1bd55,topic=/Set2 C3=1545,C4=1455,W1=400,R1n=569,ts="2026-04-27T13:13:33Z" 1777292016309778168
sensors,bucket=Set1,host=98e413c1bd55,topic=/Set1 C1=1306,C2=1400,T1=20,R3=621,ts="2026-04-27T13:13:43Z" 1777292026367292806
sensors,bucket=Set2,host=98e413c1bd55,topic=/Set2 C3=1550,C4=1484,W1=409,R1n=581,ts="2026-04-27T13:13:47Z" 1777292031115727346
sensors,bucket=Set1,host=98e413c1bd55,topic=/Set1 C1=1305,C2=1400,T1=20,R3=605,ts="2026-04-27T13:13:58Z" 1777292041170102997
sensors,bucket=Set2,host=98e413c1bd55,topic=/Set2 C3=1544,C4=1455,W1=412,R1n=571,ts="2026-04-27T13:14:02Z" 1777292045919562718
sensors,bucket=Set1,host=98e413c1bd55,topic=/Set1 C1=1305,C2=1400,T1=20,R3=631,ts="2026-04-27T13:14:12Z" 1777292055995287890
sensors,bucket=Set2,host=98e413c1bd55,topic=/Set2 C3=1558,C4=1530,W1=426,R1n=568,ts="2026-04-27T13:14:17Z" 1777292060724369156
sensors,bucket=Set1,host=98e413c1bd55,topic=/Set1 C1=1306,C2=1400,T1=20.1,R3=606,ts="2026-04-27T13:14:27Z" 1777292070781473066
sensors,bucket=Set2,host=98e413c1bd55,topic=/Set2 C3=1559,C4=1559,W1=440,R1n=572,ts="2026-04-27T13:14:32Z" 1777292075528633682
sensors,bucket=Set1,host=98e413c1bd55,topic=/Set1 C1=1305,C2=1400,T1=20.1,R3=602,ts="2026-04-27T13:14:42Z" 1777292085583992791
sensors,bucket=Set2,host=98e413c1bd55,topic=/Set2 C3=1579,C4=1559,W1=429,R1n=558,ts="2026-04-27T13:14:47Z" 1777292090332172439
sensors,bucket=Set1,host=98e413c1bd55,topic=/Set1 C1=1305,C2=1401,T1=20,R3=621,ts="2026-04-27T13:14:57Z" 1777292100393706213
sensors,bucket=Set2,host=98e413c1bd55,topic=/Set2 C3=1611,C4=1549,W1=444,R1n=544,ts="2026-04-27T13:15:01Z" 1777292105134796415
sensors,bucket=Set1,host=98e413c1bd55,topic=/Set1 C1=1305,C2=1400,T1=20.1,R3=634,ts="2026-04-27T13:15:12Z" 1777292115194888720
sensors,bucket=Set2,host=98e413c1bd55,topic=/Set2 C3=1575,C4=1546,W1=443,R1n=556,ts="2026-04-27T13:15:16Z" 1777292119940768145
sensors,bucket=Set1,host=98e413c1bd55,topic=/Set1 C1=1306,C2=1400,T1=20,R3=631,ts="2026-04-27T13:15:26Z" 1777292130002131005
sensors,bucket=Set2,host=98e413c1bd55,topic=/Set2 C3=1628,C4=1565,W1=443,R1n=557,ts="2026-04-27T13:15:31Z" 1777292134744752182
sensors,bucket=Set1,host=98e413c1bd55,topic=/Set1 C1=1305,C2=1400,T1=20.1,R3=617,ts="2026-04-27T13:15:41Z" 1777292144799905636
sensors,bucket=Set2,host=98e413c1bd55,topic=/Set2 C3=1645,C4=1549,W1=430,R1n=511,ts="2026-04-27T13:15:46Z" 1777292149551944505
sensors,bucket=Set1,host=98e413c1bd55,topic=/Set1 C1=1305,C2=1399,T1=20.1,R3=621,ts="2026-04-27T13:15:56Z" 1777292159606263721
sensors,bucket=Set2,host=98e413c1bd55,topic=/Set2 C3=1658,C4=1564,W1=411,R1n=470,ts="2026-04-27T13:16:01Z" 1777292164356068951
sensors,bucket=Set1,host=98e413c1bd55,topic=/Set1 C1=1305,C2=1399,T1=20,R3=638,ts="2026-04-27T13:16:11Z" 1777292174410877535
sensors,bucket=Set2,host=98e413c1bd55,topic=/Set2 C3=1661,C4=1560,W1=395,R1n=473,ts="2026-04-27T13:16:15Z" 1777292179157891501
sensors,bucket=Set1,host=98e413c1bd55,topic=/Set1 C1=1305,C2=1400,T1=20,R3=631,ts="2026-04-27T13:16:26Z" 1777292189215246653
sensors,bucket=Set2,host=98e413c1bd55,topic=/Set2 C3=1657,C4=1548,W1=350,R1n=447,ts="2026-04-27T13:16:30Z" 1777292193969539721
sensors,bucket=Set1,host=98e413c1bd55,topic=/Set1 C1=1305,C2=1400,T1=20,R3=618,ts="2026-04-27T13:16:40Z" 1777292204023749861
sensors,bucket=Set2,host=98e413c1bd55,topic=/Set2 C3=1655,C4=1528,W1=333,R1n=445,ts="2026-04-27T13:16:45Z" 1777292208771807225
sensors,bucket=Set1,host=98e413c1bd55,topic=/Set1 C1=1305,C2=1401,T1=20,R3=605,ts="2026-04-27T13:16:55Z" 1777292218824884954
sensors,bucket=Set2,host=98e413c1bd55,topic=/Set2 C3=1640,C4=1480,W1=316,R1n=463,ts="2026-04-27T13:17:00Z" 1777292223582549642
sensors,bucket=Set1,host=98e413c1bd55,topic=/Set1 C1=1305,C2=1401,T1=20,R3=635,ts="2026-04-27T13:17:10Z" 1777292233629457263
sensors,bucket=Set2,host=98e413c1bd55,topic=/Set2 C3=1608,C4=1451,W1=332,R1n=550,ts="2026-04-27T13:17:15Z" 1777292238375167995
sensors,bucket=Set1,host=98e413c1bd55,topic=/Set1 C1=1306,C2=1400,T1=20,R3=618,ts="2026-04-27T13:17:25Z" 1777292248431087785
sensors,bucket=Set2,host=98e413c1bd55,topic=/Set2 C3=1548,C4=1463,W1=428,R1n=557,ts="2026-04-27T13:17:29Z" 1777292253179775614
sensors,bucket=Set1,host=98e413c1bd55,topic=/Set1 C1=1305,C2=1401,T1=20,R3=599,ts="2026-04-27T13:17:40Z" 1777292263239810176
sensors,bucket=Set1,host=98e413c1bd55,topic=/Set1 C1=1306,C2=1400,T1=20.1,R3=619,ts="2026-04-27T13:17:56Z" 1777292279233719817
sensors,bucket=Set2,host=98e413c1bd55,topic=/Set2 C3=1580,C4=1551,W1=441,R1n=559,ts="2026-04-27T13:17:59Z" 1777292282786510868
sensors,bucket=Set1,host=98e413c1bd55,topic=/Set1 C1=1305,C2=1400,T1=20,R3=618,ts="2026-04-27T13:18:10Z" 1777292294038128211
sensors,bucket=Set2,host=98e413c1bd55,topic=/Set2 C3=1647,C4=1564,W1=455,R1n=524,ts="2026-04-27T13:18:14Z" 1777292297591418904
sensors,bucket=Set1,host=98e413c1bd55,topic=/Set1 C1=1306,C2=1401,T1=20,R3=614,ts="2026-04-27T13:18:25Z" 1777292308841799920
sensors,bucket=Set2,host=98e413c1bd55,topic=/Set2 C3=1657,C4=1561,W1=444,R1n=495,ts="2026-04-27T13:18:29Z" 1777292312396096126
sensors,bucket=Set1,host=98e413c1bd55,topic=/Set1 C1=1305,C2=1400,T1=20,R3=621,ts="2026-04-27T13:18:40Z" 1777292323646078659
sensors,bucket=Set2,host=98e413c1bd55,topic=/Set2 C3=1660,C4=1565,W1=423,R1n=479,ts="2026-04-27T13:18:43Z" 1777292327199030562
sensors,bucket=Set1,host=98e413c1bd55,topic=/Set1 C1=1306,C2=1400,T1=20,R3=640,ts="2026-04-27T13:18:55Z" 1777292338451752345
sensors,bucket=Set2,host=98e413c1bd55,topic=/Set2 C3=1663,C4=1544,W1=351,R1n=446,ts="2026-04-27T13:18:58Z" 1777292342006079706
sensors,bucket=Set1,host=98e413c1bd55,topic=/Set1 C1=1305,C2=1400,T1=20,R3=624,ts="2026-04-27T13:19:10Z" 1777292353253386534
sensors,bucket=Set2,host=98e413c1bd55,topic=/Set2 C3=1630,C4=1517,W1=332,R1n=457,ts="2026-04-27T13:19:13Z" 1777292356810053225
sensors,bucket=Set1,host=98e413c1bd55,topic=/Set1 C1=1306,C2=1401,T1=20,R3=600,ts="2026-04-27T13:19:24Z" 1777292368059929441
sensors,bucket=Set2,host=98e413c1bd55,topic=/Set2 C3=1592,C4=1455,W1=329,R1n=541,ts="2026-04-27T13:19:28Z" 1777292371619178049
sensors,bucket=Set1,host=98e413c1bd55,topic=/Set1 C1=1306,C2=1401,T1=20,R3=619,ts="2026-04-27T13:19:39Z" 1777292382875051613
sensors,bucket=Set2,host=98e413c1bd55,topic=/Set2 C3=1563,C4=1466,W1=377,R1n=560,ts="2026-04-27T13:19:43Z" 1777292386418419201
sensors,bucket=Set1,host=98e413c1bd55,topic=/Set1 C1=1305,C2=1401,T1=20,R3=600,ts="2026-04-27T13:19:54Z" 1777292397669102725
sensors,bucket=Set2,host=98e413c1bd55,topic=/Set2 C3=1544,C4=1532,W1=431,R1n=569,ts="2026-04-27T13:19:57Z" 1777292401223554253
sensors,bucket=Set1,host=98e413c1bd55,topic=/Set1 C1=1305,C2=1400,T1=20,R3=616,ts="2026-04-27T13:20:09Z" 1777292412475896055
sensors,bucket=Set2,host=98e413c1bd55,topic=/Set2 C3=1644,C4=1552,W1=440,R1n=551,ts="2026-04-27T13:20:12Z" 1777292416026397344
sensors,bucket=Set1,host=98e413c1bd55,topic=/Set1 C1=1305,C2=1400,T1=20,R3=648,ts="2026-04-27T13:20:24Z" 1777292427279535948
sensors,bucket=Set2,host=98e413c1bd55,topic=/Set2 C3=1648,C4=1561,W1=398,R1n=487,ts="2026-04-27T13:20:27Z" 1777292430832831363
sensors,bucket=Set1,host=98e413c1bd55,topic=/Set1 C1=1305,C2=1400,T1=20,R3=623,ts="2026-04-27T13:20:38Z" 1777292442094954323
sensors,bucket=Set2,host=98e413c1bd55,topic=/Set2 C3=1644,C4=1516,W1=327,R1n=443,ts="2026-04-27T13:20:42Z" 1777292445652405761
sensors,bucket=Set1,host=98e413c1bd55,topic=/Set1 C1=1306,C2=1402,T1=20,R3=599,ts="2026-04-27T13:20:53Z" 1777292456884634953
sensors,bucket=Set2,host=98e413c1bd55,topic=/Set2 C3=1578,C4=1452,W1=318,R1n=538,ts="2026-04-27T13:20:57Z" 1777292460437884153
sensors,bucket=Set1,host=98e413c1bd55,topic=/Set1 C1=1305,C2=1401,T1=20.1,R3=632,ts="2026-04-27T13:21:08Z" 1777292471690645465
sensors,bucket=Set2,host=98e413c1bd55,topic=/Set2 C3=1545,C4=1517,W1=442,R1n=570,ts="2026-04-27T13:21:11Z" 1777292475247590959
sensors,bucket=Set1,host=98e413c1bd55,topic=/Set1 C1=1305,C2=1402,T1=20,R3=617,ts="2026-04-27T13:21:23Z" 1777292486494893199
sensors,bucket=Set2,host=98e413c1bd55,topic=/Set2 C3=1643,C4=1552,W1=443,R1n=511,ts="2026-04-27T13:21:26Z" 1777292490052245660
sensors,bucket=Set1,host=98e413c1bd55,topic=/Set1 C1=1306,C2=1402,T1=20,R3=607,ts="2026-04-27T13:21:38Z" 1777292501301009542
sensors,bucket=Set2,host=98e413c1bd55,topic=/Set2 C3=1659,C4=1561,W1=377,R1n=480,ts="2026-04-27T13:21:41Z" 1777292504866766278
sensors,bucket=Set1,host=98e413c1bd55,topic=/Set1 C1=1305,C2=1401,T1=20,R3=622,ts="2026-04-27T13:21:52Z" 1777292516108576289
sensors,bucket=Set2,host=98e413c1bd55,topic=/Set2 C3=1655,C4=1515,W1=336,R1n=445,ts="2026-04-27T13:21:56Z" 1777292519660672133
sensors,bucket=Set1,host=98e413c1bd55,topic=/Set1 C1=1306,C2=1401,T1=20,R3=622,ts="2026-04-27T13:22:07Z" 1777292530908867850
sensors,bucket=Set2,host=98e413c1bd55,topic=/Set2 C3=1611,C4=1454,W1=314,R1n=534,ts="2026-04-27T13:22:11Z" 1777292534467170519
sensors,bucket=Set1,host=98e413c1bd55,topic=/Set1 C1=1305,C2=1401,T1=20,R3=601,ts="2026-04-27T13:22:22Z" 1777292545718804908
sensors,bucket=Set2,host=98e413c1bd55,topic=/Set2 C3=1547,C4=1447,W1=393,R1n=558,ts="2026-04-27T13:22:25Z" 1777292549268456773
sensors,bucket=Set1,host=98e413c1bd55,topic=/Set1 C1=1307,C2=1402,T1=20,R3=624,ts="2026-04-27T13:22:37Z" 1777292560519955825
sensors,bucket=Set2,host=98e413c1bd55,topic=/Set2 C3=1547,C4=1550,W1=430,R1n=568,ts="2026-04-27T13:22:40Z" 1777292564072294764
sensors,bucket=Set1,host=98e413c1bd55,topic=/Set1 C1=1305,C2=1402,T1=20,R3=620,ts="2026-04-27T13:22:52Z" 1777292575321370398
sensors,bucket=Set2,host=98e413c1bd55,topic=/Set2 C3=1663,C4=1564,W1=430,R1n=488,ts="2026-04-27T13:22:55Z" 1777292578877709718
sensors,bucket=Set1,host=98e413c1bd55,topic=/Set1 C1=1306,C2=1401,T1=20,R3=608,ts="2026-04-27T13:23:06Z" 1777292590126838672
sensors,bucket=Set2,host=98e413c1bd55,topic=/Set2 C3=1659,C4=1501,W1=330,R1n=445,ts="2026-04-27T13:23:10Z" 1777292593682093853
sensors,bucket=Set1,host=98e413c1bd55,topic=/Set1 C1=1306,C2=1402,T1=20,R3=639,ts="2026-04-27T13:23:21Z" 1777292604931454457
sensors,bucket=Set2,host=98e413c1bd55,topic=/Set2 C3=1563,C4=1450,W1=409,R1n=558,ts="2026-04-27T13:23:25Z" 1777292608488463061
sensors,bucket=Set1,host=98e413c1bd55,topic=/Set1 C1=1306,C2=1402,T1=20,R3=618,ts="2026-04-27T13:23:36Z" 1777292619737381743
sensors,bucket=Set2,host=98e413c1bd55,topic=/Set2 C3=1622,C4=1562,W1=440,R1n=555,ts="2026-04-27T13:23:39Z" 1777292623294835453
sensors,bucket=Set1,host=98e413c1bd55,topic=/Set1 C1=1306,C2=1401,T1=20,R3=618,ts="2026-04-27T13:23:51Z" 1777292634542599678
sensors,bucket=Set2,host=98e413c1bd55,topic=/Set2 C3=1656,C4=1566,W1=365,R1n=460,ts="2026-04-27T13:23:54Z" 1777292638096942341
sensors,bucket=Set1,host=98e413c1bd55,topic=/Set1 C1=1306,C2=1401,T1=20,R3=617,ts="2026-04-27T13:24:06Z" 1777292651246239034
sensors,bucket=Set2,host=98e413c1bd55,topic=/Set2 C3=1615,C4=1468,W1=317,R1n=522,ts="2026-04-27T13:24:09Z" 1777292652901298958
sensors,bucket=Set1,host=98e413c1bd55,topic=/Set1 C1=1306,C2=1402,T1=20,R3=620,ts="2026-04-27T13:24:20Z" 1777292664150461575
sensors,bucket=Set2,host=98e413c1bd55,topic=/Set2 C3=1545,C4=1485,W1=413,R1n=557,ts="2026-04-27T13:24:24Z" 1777292667706554194
sensors,bucket=Set1,host=98e413c1bd55,topic=/Set1 C1=1306,C2=1402,T1=20,R3=633,ts="2026-04-27T13:24:35Z" 1777292678955855419
sensors,bucket=Set2,host=98e413c1bd55,topic=/Set2 C3=1646,C4=1576,W1=440,R1n=541,ts="2026-04-27T13:24:39Z" 1777292682510215361
sensors,bucket=Set1,host=98e413c1bd55,topic=/Set1 C1=1305,C2=1401,T1=20,R3=638,ts="2026-04-27T13:24:50Z" 1777292693765990967
sensors,bucket=Set2,host=98e413c1bd55,topic=/Set2 C3=1661,C4=1560,W1=363,R1n=459,ts="2026-04-27T13:24:53Z" 1777292697314624860
sensors,bucket=Set1,host=98e413c1bd55,topic=/Set1 C1=1306,C2=1402,T1=20.1,R3=617,ts="2026-04-27T13:25:05Z" 1777292708566898331
sensors,bucket=Set2,host=98e413c1bd55,topic=/Set2 C3=1646,C4=1481,W1=326,R1n=476,ts="2026-04-27T13:25:08Z" 1777292712119695282
sensors,bucket=Set1,host=98e413c1bd55,topic=/Set1 C1=1305,C2=1400,T1=20,R3=616,ts="2026-04-27T13:25:20Z" 1777292723369358900
sensors,bucket=Set2,host=98e413c1bd55,topic=/Set2 C3=1592,C4=1450,W1=378,R1n=560,ts="2026-04-27T13:25:23Z" 1777292726923748579
sensors,bucket=Set1,host=98e413c1bd55,topic=/Set1 C1=1306,C2=1401,T1=20,R3=602,ts="2026-04-27T13:25:34Z" 1777292738172270301
sensors,bucket=Set2,host=98e413c1bd55,topic=/Set2 C3=1564,C4=1547,W1=441,R1n=570,ts="2026-04-27T13:25:38Z" 1777292741731544686
sensors,bucket=Set1,host=98e413c1bd55,topic=/Set1 C1=1305,C2=1400,T1=20,R3=623,ts="2026-04-27T13:25:49Z" 1777292752978965535
sensors,bucket=Set2,host=98e413c1bd55,topic=/Set2 C3=1641,C4=1561,W1=443,R1n=522,ts="2026-04-27T13:25:53Z" 1777292756536589278
sensors,bucket=Set1,host=98e413c1bd55,topic=/Set1 C1=1306,C2=1401,T1=20.1,R3=639,ts="2026-04-27T13:26:04Z" 1777292767782554618
sensors,bucket=Set2,host=98e413c1bd55,topic=/Set2 C3=1656,C4=1566,W1=394,R1n=476,ts="2026-04-27T13:26:07Z" 1777292771337498143
sensors,bucket=Set1,host=98e413c1bd55,topic=/Set1 C1=1306,C2=1401,T1=20.1,R3=605,ts="2026-04-27T13:26:19Z" 1777292782585947896
sensors,bucket=Set2,host=98e413c1bd55,topic=/Set2 C3=1641,C4=1497,W1=330,R1n=448,ts="2026-04-27T13:26:22Z" 1777292786143219000
sensors,bucket=Set1,host=98e413c1bd55,topic=/Set1 C1=1305,C2=1401,T1=20,R3=616,ts="2026-04-27T13:26:34Z" 1777292797391144421
sensors,bucket=Set2,host=98e413c1bd55,topic=/Set2 C3=1550,C4=1447,W1=413,R1n=568,ts="2026-04-27T13:26:37Z" 1777292800947920268
sensors,bucket=Set1,host=98e413c1bd55,topic=/Set1 C1=1306,C2=1400,T1=20,R3=624,ts="2026-04-27T13:26:48Z" 1777292812198558603
sensors,bucket=Set2,host=98e413c1bd55,topic=/Set2 C3=1608,C4=1560,W1=431,R1n=568,ts="2026-04-27T13:26:52Z" 1777292815752720715
sensors,bucket=Set1,host=98e413c1bd55,topic=/Set1 C1=1306,C2=1400,T1=20,R3=622,ts="2026-04-27T13:27:03Z" 1777292827003356695
sensors,bucket=Set2,host=98e413c1bd55,topic=/Set2 C3=1660,C4=1563,W1=380,R1n=471,ts="2026-04-27T13:27:07Z" 1777292830557184688
sensors,bucket=Set1,host=98e413c1bd55,topic=/Set1 C1=1305,C2=1402,T1=20,R3=622,ts="2026-04-27T13:27:18Z" 1777292841806369070
sensors,bucket=Set2,host=98e413c1bd55,topic=/Set2 C3=1594,C4=1454,W1=327,R1n=537,ts="2026-04-27T13:27:21Z" 1777292845362004907
sensors,bucket=Set1,host=98e413c1bd55,topic=/Set1 C1=1305,C2=1401,T1=20,R3=606,ts="2026-04-27T13:27:33Z" 1777292856609700793
sensors,bucket=Set2,host=98e413c1bd55,topic=/Set2 C3=1567,C4=1545,W1=430,R1n=573,ts="2026-04-27T13:27:36Z" 1777292860165955857
sensors,bucket=Set1,host=98e413c1bd55,topic=/Set1 C1=1306,C2=1401,T1=20,R3=587,ts="2026-04-27T13:27:48Z" 1777292871413510591
sensors,bucket=Set2,host=98e413c1bd55,topic=/Set2 C3=1659,C4=1561,W1=394,R1n=478,ts="2026-04-27T13:27:51Z" 1777292874973920916
sensors,bucket=Set1,host=98e413c1bd55,topic=/Set1 C1=1305,C2=1401,T1=20,R3=617,ts="2026-04-27T13:28:02Z" 1777292886227196786
sensors,bucket=Set2,host=98e413c1bd55,topic=/Set2 C3=1596,C4=1471,W1=317,R1n=539,ts="2026-04-27T13:28:06Z" 1777292889777058214
sensors,bucket=Set1,host=98e413c1bd55,topic=/Set1 C1=1306,C2=1401,T1=20,R3=637,ts="2026-04-27T13:28:17Z" 1777292901040574562
sensors,bucket=Set2,host=98e413c1bd55,topic=/Set2 C3=1545,C4=1530,W1=431,R1n=566,ts="2026-04-27T13:28:21Z" 1777292904578799320
sensors,bucket=Set1,host=98e413c1bd55,topic=/Set1 C1=1306,C2=1401,T1=20.1,R3=615,ts="2026-04-27T13:28:32Z" 1777292915830921984
sensors,bucket=Set2,host=98e413c1bd55,topic=/Set2 C3=1657,C4=1546,W1=425,R1n=504,ts="2026-04-27T13:28:35Z" 1777292919389328901
sensors,bucket=Set1,host=98e413c1bd55,topic=/Set1 C1=1306,C2=1402,T1=20,R3=634,ts="2026-04-27T13:28:47Z" 1777292930635121272
sensors,bucket=Set2,host=98e413c1bd55,topic=/Set2 C3=1641,C4=1497,W1=315,R1n=446,ts="2026-04-27T13:28:50Z" 1777292934188500869
sensors,bucket=Set1,host=98e413c1bd55,topic=/Set1 C1=1306,C2=1401,T1=20,R3=616,ts="2026-04-27T13:29:02Z" 1777292945443021909
sensors,bucket=Set2,host=98e413c1bd55,topic=/Set2 C3=1545,C4=1503,W1=410,R1n=568,ts="2026-04-27T13:29:05Z" 1777292948994005511
sensors,bucket=Set1,host=98e413c1bd55,topic=/Set1 C1=1305,C2=1401,T1=20,R3=607,ts="2026-04-27T13:29:16Z" 1777292960243916970
sensors,bucket=Set2,host=98e413c1bd55,topic=/Set2 C3=1658,C4=1564,W1=423,R1n=493,ts="2026-04-27T13:29:20Z" 1777292963798756594
sensors,bucket=Set1,host=98e413c1bd55,topic=/Set1 C1=1305,C2=1401,T1=20,R3=634,ts="2026-04-27T13:29:31Z" 1777292975049848203
sensors,bucket=Set2,host=98e413c1bd55,topic=/Set2 C3=1640,C4=1500,W1=318,R1n=457,ts="2026-04-27T13:29:35Z" 1777292978605942843
sensors,bucket=Set1,host=98e413c1bd55,topic=/Set1 C1=1306,C2=1401,T1=20,R3=633,ts="2026-04-27T13:29:46Z" 1777292989852871089
sensors,bucket=Set2,host=98e413c1bd55,topic=/Set2 C3=1545,C4=1469,W1=395,R1n=568,ts="2026-04-27T13:29:49Z" 1777292993409745877
sensors,bucket=Set1,host=98e413c1bd55,topic=/Set1 C1=1305,C2=1401,T1=20,R3=633,ts="2026-04-27T13:30:01Z" 1777293004657605835
sensors,bucket=Set2,host=98e413c1bd55,topic=/Set2 C3=1644,C4=1559,W1=445,R1n=543,ts="2026-04-27T13:30:04Z" 1777293008218759690
sensors,bucket=Set1,host=98e413c1bd55,topic=/Set1 C1=1306,C2=1401,T1=20.1,R3=602,ts="2026-04-27T13:30:16Z" 1777293019461476919
sensors,bucket=Set2,host=98e413c1bd55,topic=/Set2 C3=1630,C4=1503,W1=331,R1n=446,ts="2026-04-27T13:30:19Z" 1777293023035832677
sensors,bucket=Set1,host=98e413c1bd55,topic=/Set1 C1=1307,C2=1402,T1=20.1,R3=588,ts="2026-04-27T13:30:30Z" 1777293034266390951
sensors,bucket=Set2,host=98e413c1bd55,topic=/Set2 C3=1548,C4=1484,W1=440,R1n=574,ts="2026-04-27T13:30:34Z" 1777293037823700144
sensors,bucket=Set1,host=98e413c1bd55,topic=/Set1 C1=1306,C2=1401,T1=20,R3=632,ts="2026-04-27T13:30:45Z" 1777293049070724909
sensors,bucket=Set2,host=98e413c1bd55,topic=/Set2 C3=1578,C4=1439,W1=393,R1n=552,ts="2026-04-27T13:30:49Z" 1777293052632580151
sensors,bucket=Set1,host=98e413c1bd55,topic=/Set1 C1=1306,C2=1401,T1=20,R3=619,ts="2026-04-27T13:31:00Z" 1777293063875819918
sensors,bucket=Set2,host=98e413c1bd55,topic=/Set2 C3=1645,C4=1483,W1=329,R1n=455,ts="2026-04-27T13:31:03Z" 1777293067429769565
sensors,bucket=Set1,host=98e413c1bd55,topic=/Set1 C1=1306,C2=1401,T1=20,R3=606,ts="2026-04-27T13:31:15Z" 1777293078681920118
sensors,bucket=Set2,host=98e413c1bd55,topic=/Set2 C3=1545,C4=1511,W1=443,R1n=570,ts="2026-04-27T13:31:18Z" 1777293082236895012
sensors,bucket=Set1,host=98e413c1bd55,topic=/Set1 C1=1306,C2=1402,T1=20,R3=605,ts="2026-04-27T13:31:30Z" 1777293093487306409
sensors,bucket=Set2,host=98e413c1bd55,topic=/Set2 C3=1654,C4=1563,W1=426,R1n=525,ts="2026-04-27T13:31:33Z" 1777293097043232138
sensors,bucket=Set1,host=98e413c1bd55,topic=/Set1 C1=1306,C2=1402,T1=20,R3=635,ts="2026-04-27T13:31:44Z" 1777293108291923199
sensors,bucket=Set2,host=98e413c1bd55,topic=/Set2 C3=1658,C4=1500,W1=349,R1n=445,ts="2026-04-27T13:31:48Z" 1777293111845139360
sensors,bucket=Set1,host=98e413c1bd55,topic=/Set1 C1=1307,C2=1401,T1=20,R3=624,ts="2026-04-27T13:31:59Z" 1777293123093966817
sensors,bucket=Set2,host=98e413c1bd55,topic=/Set2 C3=1548,C4=1462,W1=407,R1n=570,ts="2026-04-27T13:32:03Z" 1777293126650268219
sensors,bucket=Set1,host=98e413c1bd55,topic=/Set1 C1=1306,C2=1402,T1=20,R3=634,ts="2026-04-27T13:32:14Z" 1777293137902937322
sensors,bucket=Set2,host=98e413c1bd55,topic=/Set2 C3=1631,C4=1565,W1=431,R1n=524,ts="2026-04-27T13:32:17Z" 1777293141457468128
sensors,bucket=Set1,host=98e413c1bd55,topic=/Set1 C1=1306,C2=1401,T1=20,R3=633,ts="2026-04-27T13:32:29Z" 1777293152705395266
sensors,bucket=Set2,host=98e413c1bd55,topic=/Set2 C3=1661,C4=1519,W1=352,R1n=446,ts="2026-04-27T13:32:32Z" 1777293156266734201
sensors,bucket=Set1,host=98e413c1bd55,topic=/Set1 C1=1306,C2=1402,T1=20,R3=621,ts="2026-04-27T13:32:44Z" 1777293167508834738
sensors,bucket=Set2,host=98e413c1bd55,topic=/Set2 C3=1565,C4=1439,W1=393,R1n=553,ts="2026-04-27T13:32:47Z" 1777293171063919663
sensors,bucket=Set1,host=98e413c1bd55,topic=/Set1 C1=1306,C2=1401,T1=20,R3=605,ts="2026-04-27T13:32:58Z" 1777293182311924897
sensors,bucket=Set2,host=98e413c1bd55,topic=/Set2 C3=1639,C4=1565,W1=443,R1n=538,ts="2026-04-27T13:33:02Z" 1777293185868179501
sensors,bucket=Set1,host=98e413c1bd55,topic=/Set1 C1=1306,C2=1400,T1=20,R3=616,ts="2026-04-27T13:33:13Z" 1777293197118571953
sensors,bucket=Set2,host=98e413c1bd55,topic=/Set2 C3=1631,C4=1496,W1=317,R1n=445,ts="2026-04-27T13:33:17Z" 1777293200673611428
sensors,bucket=Set1,host=98e413c1bd55,topic=/Set1 C1=1306,C2=1400,T1=20,R3=621,ts="2026-04-27T13:33:28Z" 1777293211923602137
sensors,bucket=Set2,host=98e413c1bd55,topic=/Set2 C3=1559,C4=1487,W1=426,R1n=583,ts="2026-04-27T13:33:31Z" 1777293215479303785
sensors,bucket=Set1,host=98e413c1bd55,topic=/Set1 C1=1307,C2=1401,T1=20,R3=618,ts="2026-04-27T13:33:43Z" 1777293226734946297
sensors,bucket=Set2,host=98e413c1bd55,topic=/Set2 C3=1660,C4=1560,W1=445,R1n=520,ts="2026-04-27T13:33:46Z" 1777293230283777210
sensors,bucket=Set1,host=98e413c1bd55,topic=/Set1 C1=1305,C2=1401,T1=20,R3=588,ts="2026-04-27T13:33:58Z" 1777293241530204186
sensors,bucket=Set2,host=98e413c1bd55,topic=/Set2 C3=1661,C4=1547,W1=377,R1n=463,ts="2026-04-27T13:34:01Z" 1777293245089155262
sensors,bucket=Set1,host=98e413c1bd55,topic=/Set1 C1=1306,C2=1401,T1=20.1,R3=615,ts="2026-04-27T13:34:12Z" 1777293256337125459
sensors,bucket=Set2,host=98e413c1bd55,topic=/Set2 C3=1646,C4=1500,W1=334,R1n=454,ts="2026-04-27T13:34:16Z" 1777293259893020984
sensors,bucket=Set1,host=98e413c1bd55,topic=/Set1 C1=1305,C2=1401,T1=20,R3=622,ts="2026-04-27T13:34:27Z" 1777293271151160546
sensors,bucket=Set2,host=98e413c1bd55,topic=/Set2 C3=1593,C4=1448,W1=319,R1n=542,ts="2026-04-27T13:34:31Z" 1777293274700999149
sensors,bucket=Set1,host=98e413c1bd55,topic=/Set1 C1=1306,C2=1401,T1=20,R3=640,ts="2026-04-27T13:34:42Z" 1777293285950034145
sensors,bucket=Set2,host=98e413c1bd55,topic=/Set2 C3=1594,C4=1560,W1=427,R1n=571,ts="2026-04-27T13:34:45Z" 1777293289504263132
sensors,bucket=Set1,host=98e413c1bd55,topic=/Set1 C1=1307,C2=1401,T1=20,R3=648,ts="2026-04-27T13:34:57Z" 1777293300749643223
sensors,bucket=Set2,host=98e413c1bd55,topic=/Set2 C3=1663,C4=1552,W1=380,R1n=455,ts="2026-04-27T13:35:00Z" 1777293304312198813
sensors,bucket=Set1,host=98e413c1bd55,topic=/Set1 C1=1306,C2=1401,T1=20.1,R3=635,ts="2026-04-27T13:35:12Z" 1777293315556248121
sensors,bucket=Set2,host=98e413c1bd55,topic=/Set2 C3=1562,C4=1450,W1=397,R1n=574,ts="2026-04-27T13:35:15Z" 1777293319116412856
sensors,bucket=Set1,host=98e413c1bd55,topic=/Set1 C1=1306,C2=1401,T1=20,R3=637,ts="2026-04-27T13:35:26Z" 1777293330363048097
sensors,bucket=Set2,host=98e413c1bd55,topic=/Set2 C3=1660,C4=1562,W1=441,R1n=505,ts="2026-04-27T13:35:30Z" 1777293333915043804
sensors,bucket=Set1,host=98e413c1bd55,topic=/Set1 C1=1306,C2=1402,T1=20,R3=634,ts="2026-04-27T13:35:41Z" 1777293345174147451
sensors,bucket=Set2,host=98e413c1bd55,topic=/Set2 C3=1613,C4=1479,W1=336,R1n=510,ts="2026-04-27T13:35:45Z" 1777293348725058805
sensors,bucket=Set1,host=98e413c1bd55,topic=/Set1 C1=1306,C2=1401,T1=20,R3=621,ts="2026-04-27T13:35:56Z" 1777293359973018090
sensors,bucket=Set2,host=98e413c1bd55,topic=/Set2 C3=1575,C4=1562,W1=422,R1n=570,ts="2026-04-27T13:35:59Z" 1777293363524567768
sensors,bucket=Set1,host=98e413c1bd55,topic=/Set1 C1=1306,C2=1402,T1=20,R3=619,ts="2026-04-27T13:36:11Z" 1777293374788975990
sensors,bucket=Set2,host=98e413c1bd55,topic=/Set2 C3=1660,C4=1545,W1=366,R1n=458,ts="2026-04-27T13:36:14Z" 1777293378334424889
sensors,bucket=Set1,host=98e413c1bd55,topic=/Set1 C1=1306,C2=1401,T1=20,R3=633,ts="2026-04-27T13:36:26Z" 1777293389581467528
sensors,bucket=Set2,host=98e413c1bd55,topic=/Set2 C3=1578,C4=1449,W1=315,R1n=553,ts="2026-04-27T13:36:29Z" 1777293393136466231
sensors,bucket=Set1,host=98e413c1bd55,topic=/Set1 C1=1305,C2=1402,T1=20,R3=635,ts="2026-04-27T13:36:40Z" 1777293404445068189
sensors,bucket=Set2,host=98e413c1bd55,topic=/Set2 C3=1576,C4=1535,W1=444,R1n=575,ts="2026-04-27T13:36:44Z" 1777293407948182991
sensors,bucket=Set1,host=98e413c1bd55,topic=/Set1 C1=1306,C2=1401,T1=20,R3=604,ts="2026-04-27T13:36:55Z" 1777293419192890350
sensors,bucket=Set1,host=98e413c1bd55,topic=/Set1 C1=1261,C2=1336,T1=20.2,R3=648,ts="2026-04-27T15:50:00Z" 1777301402907278190
sensors,bucket=Set2,host=98e413c1bd55,topic=/Set2 C3=1371,C4=1447,W1=344,R1n=365,ts="2026-04-27T15:49:56Z" 1777301402907577627
sensors,bucket=Set2,host=98e413c1bd55,topic=/Set2 C3=1399,C4=1449,W1=281,R1n=376,ts="2026-04-27T15:50:26Z" 1777301425434745560
sensors,bucket=Set1,host=98e413c1bd55,topic=/Set1 C1=1262,C2=1337,T1=20.2,R3=589,ts="2026-04-27T15:50:30Z" 1777301429304134240
sensors,bucket=Set2,host=98e413c1bd55,topic=/Set2 C3=1463,C4=1502,W1=301,R1n=286,ts="2026-04-27T15:50:56Z" 1777301455143245161
sensors,bucket=Set1,host=98e413c1bd55,topic=/Set1 C1=1261,C2=1337,T1=20.2,R3=631,ts="2026-04-27T15:50:59Z" 1777301458916641223
sensors,bucket=Set2,host=98e413c1bd55,topic=/Set2 C3=1455,C4=1519,W1=333,R1n=303,ts="2026-04-27T15:51:25Z" 1777301484857654565
sensors,bucket=Set1,host=98e413c1bd55,topic=/Set1 C1=1261,C2=1337,T1=20.1,R3=604,ts="2026-04-27T15:51:29Z" 1777301488529547889
sensors,bucket=Set2,host=98e413c1bd55,topic=/Set2 C3=1433,C4=1528,W1=351,R1n=376,ts="2026-04-27T15:51:55Z" 1777301514566984087
sensors,bucket=Set1,host=98e413c1bd55,topic=/Set1 C1=1261,C2=1337,T1=20.1,R3=605,ts="2026-04-27T15:51:58Z" 1777301518139843737
sensors,bucket=Set2,host=98e413c1bd55,topic=/Set2 C3=1374,C4=1513,W1=364,R1n=368,ts="2026-04-27T15:52:25Z" 1777301544276031810
sensors,bucket=Set1,host=98e413c1bd55,topic=/Set1 C1=1261,C2=1337,T1=20.2,R3=606,ts="2026-04-27T15:52:28Z" 1777301547754219739
sensors,bucket=Set2,host=98e413c1bd55,topic=/Set2 C3=1374,C4=1514,W1=377,R1n=392,ts="2026-04-27T15:52:54Z" 1777301573990318016
sensors,bucket=Set1,host=98e413c1bd55,topic=/Set1 C1=1261,C2=1337,T1=20.1,R3=616,ts="2026-04-27T15:52:58Z" 1777301577357111715
sensors,bucket=Set2,host=98e413c1bd55,topic=/Set2 C3=1384,C4=1514,W1=360,R1n=378,ts="2026-04-27T15:53:24Z" 1777301603707652910
sensors,bucket=Set1,host=98e413c1bd55,topic=/Set1 C1=1261,C2=1337,T1=20.2,R3=633,ts="2026-04-27T15:53:27Z" 1777301606969330443
sensors,bucket=Set2,host=98e413c1bd55,topic=/Set2 C3=1374,C4=1483,W1=359,R1n=383,ts="2026-04-27T15:53:54Z" 1777301633411430951
sensors,bucket=Set1,host=98e413c1bd55,topic=/Set1 C1=1261,C2=1337,T1=20.1,R3=601,ts="2026-04-27T15:53:57Z" 1777301636582659081
sensors,bucket=Set2,host=98e413c1bd55,topic=/Set2 C3=1418,C4=1528,W1=360,R1n=382,ts="2026-04-27T15:54:23Z" 1777301663119275433
sensors,bucket=Set1,host=98e413c1bd55,topic=/Set1 C1=1261,C2=1337,T1=20.2,R3=619,ts="2026-04-27T15:54:26Z" 1777301666193630266
sensors,bucket=Set2,host=98e413c1bd55,topic=/Set2 C3=1452,C4=1519,W1=345,R1n=360,ts="2026-04-27T15:54:53Z" 1777301692832574470
sensors,bucket=Set1,host=98e413c1bd55,topic=/Set1 C1=1262,C2=1337,T1=20.1,R3=623,ts="2026-04-27T15:54:56Z" 1777301695808459478
sensors,bucket=Set2,host=98e413c1bd55,topic=/Set2 C3=1385,C4=1482,W1=359,R1n=396,ts="2026-04-27T15:55:23Z" 1777301722540709710
sensors,bucket=Set1,host=98e413c1bd55,topic=/Set1 C1=1260,C2=1336,T1=20.1,R3=647,ts="2026-04-27T15:55:26Z" 1777301725414276456
sensors,bucket=Set2,host=98e413c1bd55,topic=/Set2 C3=1390,C4=1440,W1=332,R1n=394,ts="2026-04-27T15:55:53Z" 1777301752262752213
sensors,bucket=Set1,host=98e413c1bd55,topic=/Set1 C1=1262,C2=1338,T1=20.1,R3=635,ts="2026-04-27T15:55:55Z" 1777301755025354017
sensors,bucket=Set2,host=98e413c1bd55,topic=/Set2 C3=1419,C4=1438,W1=331,R1n=397,ts="2026-04-27T15:56:22Z" 1777301781953045258
sensors,bucket=Set1,host=98e413c1bd55,topic=/Set1 C1=1262,C2=1337,T1=20.1,R3=621,ts="2026-04-27T15:56:25Z" 1777301784623929963
sensors,bucket=Set2,host=98e413c1bd55,topic=/Set2 C3=1419,C4=1439,W1=272,R1n=381,ts="2026-04-27T15:56:52Z" 1777301811636479847
sensors,bucket=Set1,host=98e413c1bd55,topic=/Set1 C1=1261,C2=1337,T1=20.1,R3=635,ts="2026-04-27T15:56:54Z" 1777301814206617616
sensors,bucket=Set2,host=98e413c1bd55,topic=/Set2 C3=1419,C4=1446,W1=345,R1n=394,ts="2026-04-27T15:57:22Z" 1777301841321965868
sensors,bucket=Set1,host=98e413c1bd55,topic=/Set1 C1=1261,C2=1337,T1=20.1,R3=647,ts="2026-04-27T15:57:24Z" 1777301843792456989
sensors,bucket=Set2,host=98e413c1bd55,topic=/Set2 C3=1439,C4=1484,W1=267,R1n=363,ts="2026-04-27T15:57:51Z" 1777301871008923576
sensors,bucket=Set1,host=98e413c1bd55,topic=/Set1 C1=1261,C2=1337,T1=20.1,R3=634,ts="2026-04-27T15:57:54Z" 1777301873380435376
sensors,bucket=Set2,host=98e413c1bd55,topic=/Set2 C3=1479,C4=1497,W1=280,R1n=298,ts="2026-04-27T15:58:21Z" 1777301900696515367
sensors,bucket=Set1,host=98e413c1bd55,topic=/Set1 C1=1262,C2=1337,T1=20.1,R3=617,ts="2026-04-27T15:58:23Z" 1777301902968150527
sensors,bucket=Set2,host=98e413c1bd55,topic=/Set2 C3=1464,C4=1452,W1=269,R1n=365,ts="2026-04-27T15:58:51Z" 1777301930385415978
sensors,bucket=Set1,host=98e413c1bd55,topic=/Set1 C1=1261,C2=1337,T1=20.1,R3=633,ts="2026-04-27T15:58:53Z" 1777301932554094725
sensors,bucket=Set2,host=98e413c1bd55,topic=/Set2 C3=1399,C4=1528,W1=367,R1n=382,ts="2026-04-27T15:59:20Z" 1777301960073777890
sensors,bucket=Set1,host=98e413c1bd55,topic=/Set1 C1=1261,C2=1337,T1=20.1,R3=637,ts="2026-04-27T15:59:22Z" 1777301962140447272
sensors,bucket=Set2,host=98e413c1bd55,topic=/Set2 C3=1465,C4=1483,W1=279,R1n=303,ts="2026-04-27T15:59:50Z" 1777301989768779538
sensors,bucket=Set1,host=98e413c1bd55,topic=/Set1 C1=1261,C2=1336,T1=20.1,R3=619,ts="2026-04-27T15:59:52Z" 1777301991732976417
sensors,bucket=Set2,host=98e413c1bd55,topic=/Set2 C3=1471,C4=1534,W1=375,R1n=362,ts="2026-04-27T16:00:20Z" 1777302019457250087
sensors,bucket=Set1,host=98e413c1bd55,topic=/Set1 C1=1261,C2=1336,T1=20.1,R3=630,ts="2026-04-27T16:00:22Z" 1777302021316166948
sensors,bucket=Set2,host=98e413c1bd55,topic=/Set2 C3=1455,C4=1453,W1=280,R1n=381,ts="2026-04-27T16:00:50Z" 1777302049144680287
sensors,bucket=Set1,host=98e413c1bd55,topic=/Set1 C1=1261,C2=1338,T1=20.1,R3=632,ts="2026-04-27T16:00:51Z" 1777302050903458450
sensors,bucket=Set2,host=98e413c1bd55,topic=/Set2 C3=1400,C4=1528,W1=379,R1n=393,ts="2026-04-27T16:01:19Z" 1777302078835752461
sensors,bucket=Set1,host=98e413c1bd55,topic=/Set1 C1=1261,C2=1337,T1=20.1,R3=649,ts="2026-04-27T16:01:21Z" 1777302080504831971
sensors,bucket=Set2,host=98e413c1bd55,topic=/Set2 C3=1487,C4=1534,W1=330,R1n=333,ts="2026-04-27T16:01:49Z" 1777302108570076949
sensors,bucket=Set1,host=98e413c1bd55,topic=/Set1 C1=1261,C2=1337,T1=20.1,R3=622,ts="2026-04-27T16:01:50Z" 1777302110103135633
sensors,bucket=Set2,host=98e413c1bd55,topic=/Set2 C3=1495,C4=1499,W1=294,R1n=314,ts="2026-04-27T16:02:19Z" 1777302138237806186
sensors,bucket=Set1,host=98e413c1bd55,topic=/Set1 C1=1261,C2=1338,T1=20.1,R3=646,ts="2026-04-27T16:02:20Z" 1777302139705703380
sensors,bucket=Set2,host=98e413c1bd55,topic=/Set2 C3=1438,C4=1454,W1=281,R1n=395,ts="2026-04-27T16:02:48Z" 1777302167937386573
sensors,bucket=Set1,host=98e413c1bd55,topic=/Set1 C1=1261,C2=1337,T1=20.1,R3=633,ts="2026-04-27T16:02:50Z" 1777302169308172292
sensors,bucket=Set2,host=98e413c1bd55,topic=/Set2 C3=1403,C4=1516,W1=379,R1n=425,ts="2026-04-27T16:03:18Z" 1777302197637859682
sensors,bucket=Set1,host=98e413c1bd55,topic=/Set1 C1=1261,C2=1337,T1=20.1,R3=622,ts="2026-04-27T16:03:19Z" 1777302198908467714
sensors,bucket=Set2,host=98e413c1bd55,topic=/Set2 C3=1500,C4=1530,W1=360,R1n=359,ts="2026-04-27T16:03:48Z" 1777302227340025845
sensors,bucket=Set1,host=98e413c1bd55,topic=/Set1 C1=1261,C2=1338,T1=20.1,R3=620,ts="2026-04-27T16:03:49Z" 1777302228509478372
sensors,bucket=Set2,host=98e413c1bd55,topic=/Set2 C3=1498,C4=1517,W1=311,R1n=319,ts="2026-04-27T16:04:17Z" 1777302257041173182
sensors,bucket=Set1,host=98e413c1bd55,topic=/Set1 C1=1261,C2=1338,T1=20.1,R3=622,ts="2026-04-27T16:04:18Z" 1777302258116645782
sensors,bucket=Set2,host=98e413c1bd55,topic=/Set2 C3=1455,C4=1453,W1=279,R1n=383,ts="2026-04-27T16:04:47Z" 1777302286743800568
sensors,bucket=Set1,host=98e413c1bd55,topic=/Set1 C1=1261,C2=1339,T1=20.1,R3=624,ts="2026-04-27T16:04:48Z" 1777302287714266494
sensors,bucket=Set2,host=98e413c1bd55,topic=/Set2 C3=1464,C4=1532,W1=378,R1n=411,ts="2026-04-27T16:05:17Z" 1777302316447167203
sensors,bucket=Set1,host=98e413c1bd55,topic=/Set1 C1=1261,C2=1339,T1=20.1,R3=631,ts="2026-04-27T16:05:18Z" 1777302317322637349
sensors,bucket=Set2,host=98e413c1bd55,topic=/Set2 C3=1486,C4=1528,W1=346,R1n=344,ts="2026-04-27T16:05:47Z" 1777302346144638305
sensors,bucket=Set1,host=98e413c1bd55,topic=/Set1 C1=1261,C2=1340,T1=20.1,R3=622,ts="2026-04-27T16:05:47Z" 1777302346916858742
sensors,bucket=Set2,host=98e413c1bd55,topic=/Set2 C3=1463,C4=1456,W1=281,R1n=364,ts="2026-04-27T16:06:16Z" 1777302375852589198
sensors,bucket=Set1,host=98e413c1bd55,topic=/Set1 C1=1261,C2=1341,T1=20.1,R3=623,ts="2026-04-27T16:06:17Z" 1777302376517321774
sensors,bucket=Set2,host=98e413c1bd55,topic=/Set2 C3=1433,C4=1534,W1=366,R1n=410,ts="2026-04-27T16:06:46Z" 1777302405558497963
sensors,bucket=Set1,host=98e413c1bd55,topic=/Set1 C1=1261,C2=1343,T1=20.1,R3=616,ts="2026-04-27T16:06:46Z" 1777302406124704349
sensors,bucket=Set2,host=98e413c1bd55,topic=/Set2 C3=1485,C4=1484,W1=284,R1n=329,ts="2026-04-27T16:07:16Z" 1777302435267696706
sensors,bucket=Set1,host=98e413c1bd55,topic=/Set1 C1=1261,C2=1343,T1=20.1,R3=631,ts="2026-04-27T16:07:16Z" 1777302435731766992
sensors,bucket=Set2,host=98e413c1bd55,topic=/Set2 C3=1438,C4=1531,W1=363,R1n=415,ts="2026-04-27T16:07:45Z" 1777302464979353773
sensors,bucket=Set1,host=98e413c1bd55,topic=/Set1 C1=1261,C2=1342,T1=20.1,R3=607,ts="2026-04-27T16:07:46Z" 1777302465346325332
sensors,bucket=Set2,host=98e413c1bd55,topic=/Set2 C3=1498,C4=1470,W1=285,R1n=318,ts="2026-04-27T16:08:15Z" 1777302494678947106
sensors,bucket=Set1,host=98e413c1bd55,topic=/Set1 C1=1262,C2=1341,T1=20.1,R3=638,ts="2026-04-27T16:08:15Z" 1777302494944810529
sensors,bucket=Set2,host=98e413c1bd55,topic=/Set2 C3=1406,C4=1511,W1=360,R1n=413,ts="2026-04-27T16:08:45Z" 1777302524383821090
sensors,bucket=Set1,host=98e413c1bd55,topic=/Set1 C1=1261,C2=1339,T1=20.1,R3=635,ts="2026-04-27T16:08:45Z" 1777302524552933560
sensors,bucket=Set2,host=98e413c1bd55,topic=/Set2 C3=1499,C4=1532,W1=336,R1n=349,ts="2026-04-27T16:09:14Z" 1777302554093275217
sensors,bucket=Set1,host=98e413c1bd55,topic=/Set1 C1=1260,C2=1295,T1=20.1,R3=648,ts="2026-04-27T16:09:14Z" 1777302554159646224
sensors,bucket=Set1,host=98e413c1bd55,topic=/Set1 C1=1261,C2=1293,T1=20.1,R3=635,ts="2026-04-27T16:09:44Z" 1777302583768206293
sensors,bucket=Set2,host=98e413c1bd55,topic=/Set2 C3=1504,C4=1527,W1=315,R1n=328,ts="2026-04-27T16:09:44Z" 1777302583802547753
sensors,bucket=Set1,host=98e413c1bd55,topic=/Set1 C1=1261,C2=1291,T1=20.1,R3=622,ts="2026-04-27T16:10:14Z" 1777302613390778519
sensors,bucket=Set2,host=98e413c1bd55,topic=/Set2 C3=1436,C4=1449,W1=359,R1n=415,ts="2026-04-27T16:10:14Z" 1777302613503478711
sensors,bucket=Set1,host=98e413c1bd55,topic=/Set1 C1=1260,C2=1273,T1=20.1,R3=631,ts="2026-04-27T16:10:43Z" 1777302642983376453
sensors,bucket=Set2,host=98e413c1bd55,topic=/Set2 C3=1512,C4=1533,W1=327,R1n=331,ts="2026-04-27T16:10:44Z" 1777302643218327062
sensors,bucket=Set1,host=98e413c1bd55,topic=/Set1 C1=1261,C2=1276,T1=20.1,R3=623,ts="2026-04-27T16:11:13Z" 1777302672585752469
sensors,bucket=Set2,host=98e413c1bd55,topic=/Set2 C3=1420,C4=1501,W1=375,R1n=426,ts="2026-04-27T16:11:13Z" 1777302672921154800
sensors,bucket=Set1,host=98e413c1bd55,topic=/Set1 C1=1261,C2=1337,T1=20.1,R3=648,ts="2026-04-27T16:11:42Z" 1777302702198199277
sensors,bucket=Set2,host=98e413c1bd55,topic=/Set2 C3=1501,C4=1497,W1=297,R1n=328,ts="2026-04-27T16:11:43Z" 1777302702627748167
sensors,bucket=Set1,host=98e413c1bd55,topic=/Set1 C1=1260,C2=1336,T1=20.1,R3=608,ts="2026-04-27T16:12:12Z" 1777302731817699618
sensors,bucket=Set2,host=98e413c1bd55,topic=/Set2 C3=1421,C4=1519,W1=377,R1n=411,ts="2026-04-27T16:12:13Z" 1777302732338298768
sensors,bucket=Set1,host=98e413c1bd55,topic=/Set1 C1=1261,C2=1337,T1=20.1,R3=619,ts="2026-04-27T16:12:42Z" 1777302761415975441
sensors,bucket=Set2,host=98e413c1bd55,topic=/Set2 C3=1497,C4=1499,W1=312,R1n=334,ts="2026-04-27T16:12:42Z" 1777302762048894132
sensors,bucket=Set1,host=98e413c1bd55,topic=/Set1 C1=1260,C2=1337,T1=20.1,R3=632,ts="2026-04-27T16:13:11Z" 1777302791028189123
sensors,bucket=Set2,host=98e413c1bd55,topic=/Set2 C3=1455,C4=1518,W1=383,R1n=430,ts="2026-04-27T16:13:12Z" 1777302791757759191
sensors,bucket=Set1,host=98e413c1bd55,topic=/Set1 C1=1261,C2=1337,T1=20.1,R3=630,ts="2026-04-27T16:13:41Z" 1777302820673777739
sensors,bucket=Set2,host=98e413c1bd55,topic=/Set2 C3=1487,C4=1483,W1=283,R1n=334,ts="2026-04-27T16:13:42Z" 1777302821459421469
sensors,bucket=Set1,host=98e413c1bd55,topic=/Set1 C1=1261,C2=1336,T1=20.1,R3=646,ts="2026-04-27T16:14:10Z" 1777302850213596475
sensors,bucket=Set2,host=98e413c1bd55,topic=/Set2 C3=1498,C4=1533,W1=365,R1n=377,ts="2026-04-27T16:14:11Z" 1777302851148531550
sensors,bucket=Set1,host=98e413c1bd55,topic=/Set1 C1=1261,C2=1337,T1=20.1,R3=633,ts="2026-04-27T16:14:40Z" 1777302879801454266
sensors,bucket=Set2,host=98e413c1bd55,topic=/Set2 C3=1432,C4=1452,W1=367,R1n=425,ts="2026-04-27T16:14:41Z" 1777302880832119028
sensors,bucket=Set1,host=98e413c1bd55,topic=/Set1 C1=1261,C2=1337,T1=20.1,R3=619,ts="2026-04-27T16:15:10Z" 1777302909384215143
sensors,bucket=Set2,host=98e413c1bd55,topic=/Set2 C3=1496,C4=1453,W1=271,R1n=381,ts="2026-04-27T16:15:11Z" 1777302910519385410
sensors,bucket=Set1,host=98e413c1bd55,topic=/Set1 C1=1261,C2=1337,T1=20.2,R3=621,ts="2026-04-27T16:15:39Z" 1777302938967219571
sensors,bucket=Set2,host=98e413c1bd55,topic=/Set2 C3=1513,C4=1529,W1=350,R1n=375,ts="2026-04-27T16:15:41Z" 1777302940204148024
sensors,bucket=Set1,host=98e413c1bd55,topic=/Set1 C1=1261,C2=1337,T1=20.1,R3=607,ts="2026-04-27T16:16:09Z" 1777302968557337058
sensors,bucket=Set2,host=98e413c1bd55,topic=/Set2 C3=1422,C4=1515,W1=378,R1n=426,ts="2026-04-27T16:16:10Z" 1777302969895308733
sensors,bucket=Set1,host=98e413c1bd55,topic=/Set1 C1=1262,C2=1337,T1=20.1,R3=621,ts="2026-04-27T16:16:38Z" 1777302998140519699
sensors,bucket=Set2,host=98e413c1bd55,topic=/Set2 C3=1501,C4=1511,W1=329,R1n=333,ts="2026-04-27T16:16:40Z" 1777302999577750440
sensors,bucket=Set1,host=98e413c1bd55,topic=/Set1 C1=1260,C2=1337,T1=20.1,R3=632,ts="2026-04-27T16:17:08Z" 1777303027729341531
sensors,bucket=Set2,host=98e413c1bd55,topic=/Set2 C3=1439,C4=1436,W1=350,R1n=430,ts="2026-04-27T16:17:10Z" 1777303029265251288
sensors,bucket=Set1,host=98e413c1bd55,topic=/Set1 C1=1261,C2=1337,T1=20.1,R3=617,ts="2026-04-27T16:17:38Z" 1777303057317221065
sensors,bucket=Set2,host=98e413c1bd55,topic=/Set2 C3=1487,C4=1534,W1=379,R1n=411,ts="2026-04-27T16:17:39Z" 1777303058949535119
sensors,bucket=Set1,host=98e413c1bd55,topic=/Set1 C1=1262,C2=1337,T1=20.1,R3=605,ts="2026-04-27T16:18:07Z" 1777303086901382034
sensors,bucket=Set2,host=98e413c1bd55,topic=/Set2 C3=1515,C4=1512,W1=331,R1n=335,ts="2026-04-27T16:18:09Z" 1777303088636912535
sensors,bucket=Set1,host=98e413c1bd55,topic=/Set1 C1=1261,C2=1337,T1=20.1,R3=602,ts="2026-04-27T16:18:37Z" 1777303116497189330
sensors,bucket=Set2,host=98e413c1bd55,topic=/Set2 C3=1512,C4=1529,W1=315,R1n=347,ts="2026-04-27T16:18:39Z" 1777303118325207221
sensors,bucket=Set1,host=98e413c1bd55,topic=/Set1 C1=1261,C2=1337,T1=20.1,R3=635,ts="2026-04-27T16:19:06Z" 1777303146095419298
sensors,bucket=Set2,host=98e413c1bd55,topic=/Set2 C3=1468,C4=1450,W1=345,R1n=425,ts="2026-04-27T16:19:08Z" 1777303148027114420
sensors,bucket=Set1,host=98e413c1bd55,topic=/Set1 C1=1261,C2=1337,T1=20.1,R3=604,ts="2026-04-27T16:19:36Z" 1777303175693726197
sensors,bucket=Set2,host=98e413c1bd55,topic=/Set2 C3=1516,C4=1533,W1=351,R1n=363,ts="2026-04-27T16:19:38Z" 1777303177731652155
sensors,bucket=Set1,host=98e413c1bd55,topic=/Set1 C1=1261,C2=1337,T1=20.1,R3=634,ts="2026-04-27T16:20:06Z" 1777303205297484775
sensors,bucket=Set2,host=98e413c1bd55,topic=/Set2 C3=1439,C4=1447,W1=358,R1n=429,ts="2026-04-27T16:20:08Z" 1777303207431598507
sensors,bucket=Set1,host=98e413c1bd55,topic=/Set1 C1=1263,C2=1338,T1=20.1,R3=616,ts="2026-04-27T16:20:35Z" 1777303234899751346
sensors,bucket=Set2,host=98e413c1bd55,topic=/Set2 C3=1528,C4=1535,W1=345,R1n=361,ts="2026-04-27T16:20:38Z" 1777303237130410128
sensors,bucket=Set1,host=98e413c1bd55,topic=/Set1 C1=1261,C2=1337,T1=20.1,R3=605,ts="2026-04-27T16:21:05Z" 1777303264514190322
sensors,bucket=Set2,host=98e413c1bd55,topic=/Set2 C3=1455,C4=1437,W1=281,R1n=413,ts="2026-04-27T16:21:07Z" 1777303266833060726
sensors,bucket=Set1,host=98e413c1bd55,topic=/Set1 C1=1262,C2=1337,T1=20.1,R3=622,ts="2026-04-27T16:21:34Z" 1777303294104412752
sensors,bucket=Set2,host=98e413c1bd55,topic=/Set2 C3=1504,C4=1547,W1=366,R1n=393,ts="2026-04-27T16:21:37Z" 1777303296533322139
sensors,bucket=Set1,host=98e413c1bd55,topic=/Set1 C1=1262,C2=1337,T1=20.1,R3=618,ts="2026-04-27T16:22:04Z" 1777303323704577627
sensors,bucket=Set2,host=98e413c1bd55,topic=/Set2 C3=1432,C4=1452,W1=348,R1n=444,ts="2026-04-27T16:22:07Z" 1777303326238639680
sensors,bucket=Set1,host=98e413c1bd55,topic=/Set1 C1=1261,C2=1337,T1=20.1,R3=617,ts="2026-04-27T16:22:34Z" 1777303353301074188
sensors,bucket=Set2,host=98e413c1bd55,topic=/Set2 C3=1519,C4=1512,W1=312,R1n=346,ts="2026-04-27T16:22:36Z" 1777303355944808182
sensors,bucket=Set1,host=98e413c1bd55,topic=/Set1 C1=1262,C2=1337,T1=20.1,R3=630,ts="2026-04-27T16:23:03Z" 1777303382902555022
sensors,bucket=Set2,host=98e413c1bd55,topic=/Set2 C3=1480,C4=1532,W1=376,R1n=414,ts="2026-04-27T16:23:06Z" 1777303385638240369
sensors,bucket=Set1,host=98e413c1bd55,topic=/Set1 C1=1261,C2=1337,T1=20.1,R3=619,ts="2026-04-27T16:23:33Z" 1777303412509693845
sensors,bucket=Set2,host=98e413c1bd55,topic=/Set2 C3=1448,C4=1447,W1=343,R1n=446,ts="2026-04-27T16:23:36Z" 1777303415342363161
sensors,bucket=Set1,host=98e413c1bd55,topic=/Set1 C1=1262,C2=1337,T1=20.1,R3=600,ts="2026-04-27T16:24:02Z" 1777303442119715995
sensors,bucket=Set2,host=98e413c1bd55,topic=/Set2 C3=1530,C4=1496,W1=286,R1n=349,ts="2026-04-27T16:24:05Z" 1777303445048986842
sensors,bucket=Set1,host=98e413c1bd55,topic=/Set1 C1=1262,C2=1337,T1=20.1,R3=648,ts="2026-04-27T16:24:32Z" 1777303471720540867
sensors,bucket=Set2,host=98e413c1bd55,topic=/Set2 C3=1481,C4=1534,W1=392,R1n=411,ts="2026-04-27T16:24:35Z" 1777303474759132366
sensors,bucket=Set1,host=98e413c1bd55,topic=/Set1 C1=1262,C2=1337,T1=20.1,R3=603,ts="2026-04-27T16:25:02Z" 1777303501333743365
sensors,bucket=Set2,host=98e413c1bd55,topic=/Set2 C3=1454,C4=1439,W1=314,R1n=440,ts="2026-04-27T16:25:05Z" 1777303504462743049
sensors,bucket=Set1,host=98e413c1bd55,topic=/Set1 C1=1261,C2=1337,T1=20.1,R3=623,ts="2026-04-27T16:25:31Z" 1777303530934228677
sensors,bucket=Set2,host=98e413c1bd55,topic=/Set2 C3=1479,C4=1545,W1=384,R1n=427,ts="2026-04-27T16:25:35Z" 1777303534169935516
sensors,bucket=Set1,host=98e413c1bd55,topic=/Set1 C1=1261,C2=1337,T1=20.1,R3=640,ts="2026-04-27T16:26:01Z" 1777303560563409480
sensors,bucket=Set2,host=98e413c1bd55,topic=/Set2 C3=1503,C4=1526,W1=315,R1n=349,ts="2026-04-27T16:26:04Z" 1777303563878659995
sensors,bucket=Set1,host=98e413c1bd55,topic=/Set1 C1=1262,C2=1337,T1=20.1,R3=631,ts="2026-04-27T16:26:30Z" 1777303590149922587
sensors,bucket=Set2,host=98e413c1bd55,topic=/Set2 C3=1417,C4=1484,W1=368,R1n=441,ts="2026-04-27T16:26:34Z" 1777303593584632489
sensors,bucket=Set1,host=98e413c1bd55,topic=/Set1 C1=1262,C2=1338,T1=20.1,R3=630,ts="2026-04-27T16:27:00Z" 1777303619755614513
sensors,bucket=Set2,host=98e413c1bd55,topic=/Set2 C3=1497,C4=1544,W1=380,R1n=407,ts="2026-04-27T16:27:04Z" 1777303623294694630
sensors,bucket=Set1,host=98e413c1bd55,topic=/Set1 C1=1262,C2=1338,T1=20.1,R3=639,ts="2026-04-27T16:27:30Z" 1777303649361507062
sensors,bucket=Set2,host=98e413c1bd55,topic=/Set2 C3=1504,C4=1545,W1=350,R1n=392,ts="2026-04-27T16:27:33Z" 1777303653003293654
sensors,bucket=Set1,host=98e413c1bd55,topic=/Set1 C1=1261,C2=1337,T1=20.2,R3=620,ts="2026-04-27T16:27:59Z" 1777303678969325669
sensors,bucket=Set2,host=98e413c1bd55,topic=/Set2 C3=1455,C4=1448,W1=284,R1n=444,ts="2026-04-27T16:28:03Z" 1777303682706240419
sensors,bucket=Set1,host=98e413c1bd55,topic=/Set1 C1=1261,C2=1338,T1=20.1,R3=618,ts="2026-04-27T16:28:29Z" 1777303708577665975
sensors,bucket=Set2,host=98e413c1bd55,topic=/Set2 C3=1516,C4=1543,W1=348,R1n=379,ts="2026-04-27T16:28:33Z" 1777303712411287325
sensors,bucket=Set1,host=98e413c1bd55,topic=/Set1 C1=1262,C2=1337,T1=20.1,R3=640,ts="2026-04-27T16:28:58Z" 1777303738184117662
sensors,bucket=Set2,host=98e413c1bd55,topic=/Set2 C3=1455,C4=1531,W1=377,R1n=441,ts="2026-04-27T16:29:02Z" 1777303742121072387
sensors,bucket=Set1,host=98e413c1bd55,topic=/Set1 C1=1262,C2=1337,T1=20.1,R3=607,ts="2026-04-27T16:29:28Z" 1777303767795147331
sensors,bucket=Set2,host=98e413c1bd55,topic=/Set2 C3=1421,C4=1448,W1=347,R1n=446,ts="2026-04-27T16:29:32Z" 1777303771832614934
sensors,bucket=Set1,host=98e413c1bd55,topic=/Set1 C1=1262,C2=1338,T1=20.1,R3=603,ts="2026-04-27T16:29:58Z" 1777303797404128920
sensors,bucket=Set2,host=98e413c1bd55,topic=/Set2 C3=1515,C4=1532,W1=329,R1n=350,ts="2026-04-27T16:30:02Z" 1777303801538945067
sensors,bucket=Set1,host=98e413c1bd55,topic=/Set1 C1=1263,C2=1339,T1=20.1,R3=617,ts="2026-04-27T16:30:27Z" 1777303827003719125
sensors,bucket=Set2,host=98e413c1bd55,topic=/Set2 C3=1469,C4=1528,W1=377,R1n=440,ts="2026-04-27T16:30:32Z" 1777303831239756704
sensors,bucket=Set1,host=98e413c1bd55,topic=/Set1 C1=1262,C2=1337,T1=20.1,R3=621,ts="2026-04-27T16:30:57Z" 1777303856588884160
sensors,bucket=Set2,host=98e413c1bd55,topic=/Set2 C3=1513,C4=1529,W1=336,R1n=360,ts="2026-04-27T16:31:01Z" 1777303860922066063
sensors,bucket=Set1,host=98e413c1bd55,topic=/Set1 C1=1262,C2=1337,T1=20.1,R3=619,ts="2026-04-27T16:31:26Z" 1777303886170186424
sensors,bucket=Set2,host=98e413c1bd55,topic=/Set2 C3=1484,C4=1449,W1=283,R1n=415,ts="2026-04-27T16:31:31Z" 1777303890604626762
sensors,bucket=Set1,host=98e413c1bd55,topic=/Set1 C1=1262,C2=1338,T1=20.1,R3=620,ts="2026-04-27T16:31:56Z" 1777303915756488682
sensors,bucket=Set2,host=98e413c1bd55,topic=/Set2 C3=1463,C4=1526,W1=392,R1n=445,ts="2026-04-27T16:32:01Z" 1777303920295702674
sensors,bucket=Set1,host=98e413c1bd55,topic=/Set1 C1=1261,C2=1337,T1=20.1,R3=635,ts="2026-04-27T16:32:26Z" 1777303945345499413
sensors,bucket=Set2,host=98e413c1bd55,topic=/Set2 C3=1512,C4=1528,W1=329,R1n=347,ts="2026-04-27T16:32:30Z" 1777303949977232014
sensors,bucket=Set1,host=98e413c1bd55,topic=/Set1 C1=1261,C2=1337,T1=20.1,R3=615,ts="2026-04-27T16:32:55Z" 1777303974930026435
sensors,bucket=Set2,host=98e413c1bd55,topic=/Set2 C3=1482,C4=1467,W1=270,R1n=397,ts="2026-04-27T16:33:00Z" 1777303979665694948
sensors,bucket=Set1,host=98e413c1bd55,topic=/Set1 C1=1263,C2=1338,T1=20.1,R3=589,ts="2026-04-27T16:33:25Z" 1777304004518445467
sensors,bucket=Set2,host=98e413c1bd55,topic=/Set2 C3=1468,C4=1450,W1=287,R1n=426,ts="2026-04-27T16:33:30Z" 1777304009358422762
sensors,bucket=Set1,host=98e413c1bd55,topic=/Set1 C1=1261,C2=1338,T1=20.1,R3=617,ts="2026-04-27T16:33:54Z" 1777304034108952805
sensors,bucket=Set2,host=98e413c1bd55,topic=/Set2 C3=1419,C4=1515,W1=377,R1n=448,ts="2026-04-27T16:33:59Z" 1777304039036659832
sensors,bucket=Set1,host=98e413c1bd55,topic=/Set1 C1=1261,C2=1337,T1=20.1,R3=622,ts="2026-04-27T16:34:24Z" 1777304063690943126
sensors,bucket=Set2,host=98e413c1bd55,topic=/Set2 C3=1511,C4=1514,W1=316,R1n=352,ts="2026-04-27T16:34:29Z" 1777304068726272037
sensors,bucket=Set1,host=98e413c1bd55,topic=/Set1 C1=1261,C2=1338,T1=20.1,R3=602,ts="2026-04-27T16:34:54Z" 1777304093279104816
sensors,bucket=Set2,host=98e413c1bd55,topic=/Set2 C3=1421,C4=1488,W1=375,R1n=447,ts="2026-04-27T16:34:59Z" 1777304098414646154
sensors,bucket=Set1,host=98e413c1bd55,topic=/Set1 C1=1262,C2=1337,T1=20.1,R3=635,ts="2026-04-27T16:35:23Z" 1777304122867223026
sensors,bucket=Set2,host=98e413c1bd55,topic=/Set2 C3=1511,C4=1518,W1=299,R1n=347,ts="2026-04-27T16:35:29Z" 1777304128102287079
sensors,bucket=Set1,host=98e413c1bd55,topic=/Set1 C1=1262,C2=1338,T1=20.1,R3=602,ts="2026-04-27T16:35:53Z" 1777304152609819086
sensors,bucket=Set2,host=98e413c1bd55,topic=/Set2 C3=1418,C4=1496,W1=376,R1n=456,ts="2026-04-27T16:35:58Z" 1777304157805284769
sensors,bucket=Set1,host=98e413c1bd55,topic=/Set1 C1=1262,C2=1338,T1=20.1,R3=615,ts="2026-04-27T16:36:22Z" 1777304182072617504
sensors,bucket=Set2,host=98e413c1bd55,topic=/Set2 C3=1515,C4=1500,W1=295,R1n=350,ts="2026-04-27T16:36:28Z" 1777304187506145584
sensors,bucket=Set1,host=98e413c1bd55,topic=/Set1 C1=1262,C2=1338,T1=20.1,R3=620,ts="2026-04-27T16:36:52Z" 1777304211673211646
sensors,bucket=Set2,host=98e413c1bd55,topic=/Set2 C3=1423,C4=1515,W1=382,R1n=459,ts="2026-04-27T16:36:58Z" 1777304217209960102
sensors,bucket=Set1,host=98e413c1bd55,topic=/Set1 C1=1261,C2=1337,T1=20.1,R3=620,ts="2026-04-27T16:37:22Z" 1777304241277895086
sensors,bucket=Set2,host=98e413c1bd55,topic=/Set2 C3=1462,C4=1449,W1=271,R1n=425,ts="2026-04-27T16:37:27Z" 1777304246909739130
sensors,bucket=Set1,host=98e413c1bd55,topic=/Set1 C1=1262,C2=1338,T1=20.1,R3=622,ts="2026-04-27T16:37:51Z" 1777304270873931590
sensors,bucket=Set2,host=98e413c1bd55,topic=/Set2 C3=1515,C4=1533,W1=358,R1n=382,ts="2026-04-27T16:37:57Z" 1777304276613096487
sensors,bucket=Set1,host=98e413c1bd55,topic=/Set1 C1=1262,C2=1337,T1=20.1,R3=622,ts="2026-04-27T16:38:21Z" 1777304300476543370
sensors,bucket=Set2,host=98e413c1bd55,topic=/Set2 C3=1422,C4=1466,W1=361,R1n=459,ts="2026-04-27T16:38:27Z" 1777304306310330339
sensors,bucket=Set1,host=98e413c1bd55,topic=/Set1 C1=1262,C2=1338,T1=20.2,R3=620,ts="2026-04-27T16:38:50Z" 1777304330073785979
sensors,bucket=Set2,host=98e413c1bd55,topic=/Set2 C3=1517,C4=1518,W1=316,R1n=360,ts="2026-04-27T16:38:56Z" 1777304336014076549
sensors,bucket=Set1,host=98e413c1bd55,topic=/Set1 C1=1262,C2=1337,T1=20.1,R3=646,ts="2026-04-27T16:39:20Z" 1777304359677070792
sensors,bucket=Set2,host=98e413c1bd55,topic=/Set2 C3=1423,C4=1436,W1=349,R1n=459,ts="2026-04-27T16:39:26Z" 1777304365714607281
sensors,bucket=Set1,host=98e413c1bd55,topic=/Set1 C1=1263,C2=1337,T1=20.1,R3=633,ts="2026-04-27T16:39:50Z" 1777304389281326914
sensors,bucket=Set2,host=98e413c1bd55,topic=/Set2 C3=1512,C4=1532,W1=346,R1n=394,ts="2026-04-27T16:39:56Z" 1777304395415236288
sensors,bucket=Set1,host=98e413c1bd55,topic=/Set1 C1=1261,C2=1337,T1=20.2,R3=635,ts="2026-04-27T16:40:19Z" 1777304418880317730
sensors,bucket=Set2,host=98e413c1bd55,topic=/Set2 C3=1466,C4=1439,W1=311,R1n=447,ts="2026-04-27T16:40:26Z" 1777304425114108254
sensors,bucket=Set1,host=98e413c1bd55,topic=/Set1 C1=1261,C2=1337,T1=20.1,R3=636,ts="2026-04-27T16:40:49Z" 1777304448537580634
sensors,bucket=Set2,host=98e413c1bd55,topic=/Set2 C3=1422,C4=1516,W1=375,R1n=446,ts="2026-04-27T16:40:55Z" 1777304454822097730
sensors,bucket=Set1,host=98e413c1bd55,topic=/Set1 C1=1261,C2=1337,T1=20.1,R3=616,ts="2026-04-27T16:41:18Z" 1777304478094646845
sensors,bucket=Set2,host=98e413c1bd55,topic=/Set2 C3=1514,C4=1519,W1=317,R1n=363,ts="2026-04-27T16:41:25Z" 1777304484530100667
sensors,bucket=Set1,host=98e413c1bd55,topic=/Set1 C1=1262,C2=1337,T1=20.1,R3=637,ts="2026-04-27T16:41:48Z" 1777304507699280326
sensors,bucket=Set2,host=98e413c1bd55,topic=/Set2 C3=1436,C4=1447,W1=316,R1n=439,ts="2026-04-27T16:41:55Z" 1777304514237220411
sensors,bucket=Set1,host=98e413c1bd55,topic=/Set1 C1=1262,C2=1338,T1=20.2,R3=617,ts="2026-04-27T16:42:18Z" 1777304537304769421
sensors,bucket=Set2,host=98e413c1bd55,topic=/Set2 C3=1483,C4=1535,W1=376,R1n=443,ts="2026-04-27T16:42:24Z" 1777304543945297566
sensors,bucket=Set1,host=98e413c1bd55,topic=/Set1 C1=1262,C2=1338,T1=20.2,R3=602,ts="2026-04-27T16:42:47Z" 1777304566914551831
sensors,bucket=Set2,host=98e413c1bd55,topic=/Set2 C3=1501,C4=1501,W1=296,R1n=360,ts="2026-04-27T16:42:54Z" 1777304573652625553
sensors,bucket=Set1,host=98e413c1bd55,topic=/Set1 C1=1262,C2=1338,T1=20.2,R3=647,ts="2026-04-27T16:43:17Z" 1777304596518683558
sensors,bucket=Set2,host=98e413c1bd55,topic=/Set2 C3=1422,C4=1511,W1=363,R1n=460,ts="2026-04-27T16:43:24Z" 1777304603357497393
sensors,bucket=Set1,host=98e413c1bd55,topic=/Set1 C1=1263,C2=1338,T1=20.1,R3=624,ts="2026-04-27T16:43:46Z" 1777304626124486593
sensors,bucket=Set2,host=98e413c1bd55,topic=/Set2 C3=1512,C4=1528,W1=349,R1n=393,ts="2026-04-27T16:43:53Z" 1777304633064431510
sensors,bucket=Set1,host=98e413c1bd55,topic=/Set1 C1=1262,C2=1338,T1=20.2,R3=634,ts="2026-04-27T16:44:16Z" 1777304655731807164
sensors,bucket=Set2,host=98e413c1bd55,topic=/Set2 C3=1438,C4=1439,W1=329,R1n=458,ts="2026-04-27T16:44:23Z" 1777304662771595656
sensors,bucket=Set1,host=98e413c1bd55,topic=/Set1 C1=1262,C2=1337,T1=20.2,R3=631,ts="2026-04-27T16:44:46Z" 1777304685342638447
sensors,bucket=Set2,host=98e413c1bd55,topic=/Set2 C3=1514,C4=1543,W1=349,R1n=375,ts="2026-04-27T16:44:53Z" 1777304692525377270
sensors,bucket=Set1,host=98e413c1bd55,topic=/Set1 C1=1263,C2=1338,T1=20.2,R3=583,ts="2026-04-27T16:45:15Z" 1777304714949292898
sensors,bucket=Set2,host=98e413c1bd55,topic=/Set2 C3=1468,C4=1452,W1=282,R1n=431,ts="2026-04-27T16:45:23Z" 1777304722184247032
sensors,bucket=Set1,host=98e413c1bd55,topic=/Set1 C1=1261,C2=1336,T1=20.1,R3=621,ts="2026-04-27T16:45:45Z" 1777304744557944800
sensors,bucket=Set2,host=98e413c1bd55,topic=/Set2 C3=1423,C4=1437,W1=334,R1n=457,ts="2026-04-27T16:45:52Z" 1777304751893786045
sensors,bucket=Set1,host=98e413c1bd55,topic=/Set1 C1=1262,C2=1338,T1=20.2,R3=635,ts="2026-04-27T16:46:14Z" 1777304774165808824
sensors,bucket=Set2,host=98e413c1bd55,topic=/Set2 C3=1432,C4=1485,W1=361,R1n=464,ts="2026-04-27T16:46:22Z" 1777304781603166940
sensors,bucket=Set1,host=98e413c1bd55,topic=/Set1 C1=1261,C2=1337,T1=20.1,R3=622,ts="2026-04-27T16:46:44Z" 1777304803779283311
sensors,bucket=Set2,host=98e413c1bd55,topic=/Set2 C3=1471,C4=1451,W1=282,R1n=414,ts="2026-04-27T16:46:52Z" 1777304811316873606
sensors,bucket=Set1,host=98e413c1bd55,topic=/Set1 C1=1262,C2=1337,T1=20.2,R3=618,ts="2026-04-27T16:47:14Z" 1777304833387039403
sensors,bucket=Set2,host=98e413c1bd55,topic=/Set2 C3=1502,C4=1465,W1=284,R1n=360,ts="2026-04-27T16:47:21Z" 1777304841021275933
sensors,bucket=Set1,host=98e413c1bd55,topic=/Set1 C1=1262,C2=1337,T1=20.2,R3=607,ts="2026-04-27T16:47:43Z" 1777304862992032076
sensors,bucket=Set2,host=98e413c1bd55,topic=/Set2 C3=1432,C4=1447,W1=350,R1n=459,ts="2026-04-27T16:47:51Z" 1777304870733389106
sensors,bucket=Set1,host=98e413c1bd55,topic=/Set1 C1=1262,C2=1337,T1=20.1,R3=616,ts="2026-04-27T16:48:13Z" 1777304892605620462
sensors,bucket=Set2,host=98e413c1bd55,topic=/Set2 C3=1514,C4=1528,W1=378,R1n=415,ts="2026-04-27T16:48:21Z" 1777304900442096805
sensors,bucket=Set1,host=98e413c1bd55,topic=/Set1 C1=1262,C2=1337,T1=20.2,R3=615,ts="2026-04-27T16:48:42Z" 1777304922210318867
sensors,bucket=Set2,host=98e413c1bd55,topic=/Set2 C3=1447,C4=1437,W1=300,R1n=460,ts="2026-04-27T16:48:50Z" 1777304930152549176
sensors,bucket=Set1,host=98e413c1bd55,topic=/Set1 C1=1262,C2=1337,T1=20.2,R3=635,ts="2026-04-27T16:49:12Z" 1777304951825683593
sensors,bucket=Set2,host=98e413c1bd55,topic=/Set2 C3=1519,C4=1533,W1=331,R1n=373,ts="2026-04-27T16:49:20Z" 1777304959864063629
sensors,bucket=Set1,host=98e413c1bd55,topic=/Set1 C1=1262,C2=1338,T1=20.2,R3=607,ts="2026-04-27T16:49:42Z" 1777304981436397554
sensors,bucket=Set2,host=98e413c1bd55,topic=/Set2 C3=1424,C4=1512,W1=365,R1n=455,ts="2026-04-27T16:49:50Z" 1777304989575332774
sensors,bucket=Set1,host=98e413c1bd55,topic=/Set1 C1=1262,C2=1337,T1=20.1,R3=634,ts="2026-04-27T16:50:11Z" 1777305011044327630
sensors,bucket=Set2,host=98e413c1bd55,topic=/Set2 C3=1501,C4=1481,W1=286,R1n=374,ts="2026-04-27T16:50:20Z" 1777305019307700046
sensors,bucket=Set1,host=98e413c1bd55,topic=/Set1 C1=1262,C2=1337,T1=20.2,R3=600,ts="2026-04-27T16:50:41Z" 1777305040653199245
sensors,bucket=Set2,host=98e413c1bd55,topic=/Set2 C3=1500,C4=1532,W1=365,R1n=415,ts="2026-04-27T16:50:49Z" 1777305048990802473
